review_id,text,rating,sentiment_label,sentiment_5class,text_length,split
sent_000001,Mình mua giá sách dự kiến giao thứ 6 nhưng hôm nay thứ 4 đã giao rồi,4,positive,rating_4,17,test
sent_000002,"Trước tiên là giá, với giá 485k so với chất lượng gia công, chất lượng gỗ, kích thước kệ như vậy là quá hời",5,positive,rating_5,24,train
sent_000003,Sản phẩm không làm mình thất vọng 👍👍👍👍,5,positive,rating_5,8,train
sent_000004,Xuất sắc cả về chất lượng và kiểu dáng,5,positive,rating_5,9,train
sent_000005,"nhận được sản phẩm lúc nào cũng sớm hơn ngày giao hàng dự tính, cảm ơn tiki",4,positive,rating_4,17,train
sent_000006,"Hầu hết mọi thứ đều ổn, sản phẩm chất lượng tốt",4,positive,rating_4,11,train
sent_000007,Chất liệu chắc chắn,4,positive,rating_4,4,test
sent_000008,"Nhân viên giao hàng nhiệt tình, hàng đc giao nguyên vẹn, giấy hướng dẫn đơn giản và dễ hiểu, theo mình thấy thì ko có khó khăn j trong vc lắp ráp ngoài việc khối lượng hơi nặng so vs các bạn nữ",5,positive,rating_5,43,valid
sent_000009,"giao hàng nhanh , shipper nhiệt tình ,hàng nặng và cồng kềnh, anh ấy trở về tận nhà cho ,",5,positive,rating_5,20,train
sent_000010,Đầu tiên like cho tiki về giao hàng và đóng gói,5,positive,rating_5,11,train
sent_000011,"Đẹp như hình quảng cáo, chắc chắn, vẫn gỗ đẹp, khít 99%, không chênh lỗ nào",5,positive,rating_5,16,train
sent_000012,Nhận hàng từ tiki sớm hơn dự kiến,4,positive,rating_4,8,train
sent_000013,"Mới nhận được sáng nay, tiki giao hàng nhanh hơn dự tính, bạn shipper vui vẻ nhiệt tình",5,positive,rating_5,18,train
sent_000014,"Mình thấy nhận xét và hình ảnh từ mọi người đều ráp được đều đẹp tuy nhiên kệ giao cho mình bị lỗi kích thước ạ, 2 ngăn đánh dấu bị quá ngắn nên khi ráp vào bắt vít hở 1 khoảng to nên 2 cạnh bị bó vào",2,negative,rating_2,49,train
sent_000015,"Đã đặt mua vào ngày 18/05/2020, đến ngày 19/05/2022 => giao hàng cực nhanh",5,positive,rating_5,14,train
sent_000016,"Kệ chất lượng so với giá thành lắp ráp dễ, chủ shop biết lắng nghe người mua khi đã cho thêm vít phòng trường hợp mất đinh vít (do một số người mua trước phản ánh)",5,positive,rating_5,36,train
sent_000017,Cực kỳ ưng luôn,5,positive,rating_5,4,train
sent_000018,"Hài lòng vè sản phẩm, giao hàng nhanh, đặt hôm trước hôm sau đã có hàng, lắp ráp dễ, nhanh, kệ đẹp ổn trong tầm giá",5,positive,rating_5,26,train
sent_000019,"Giá sách cứng cáp, phẳng phiu, các lỗ khoan rất chính xác nên lắp rất chuẩn",5,positive,rating_5,16,train
sent_000020,nhìn chung thì chất lượng hơn cả giá tiền bỏ ra,5,positive,rating_5,11,test
sent_000021,"kệ lấp vào hoàn chỉnh nhìn rất đẹp, ai cũng khen mua đáng tiền",5,positive,rating_5,14,train
sent_000022,"Tủ đẹp và rẻ, mua về phải tự lắp theo hướng dẫn cũng dễ nhưng do có 1 thanh dài khoan 6 lỗ không khớp khi bắt ốc vào nên mình đã phải mò tới mò lui xem có phải do mình ráp sai chỗ nào không và cuối cùng không phải do mình mà là nhà sản xuất 😁 sau đó mình tự vặn ốc vào đại (do không có đồ khoan) nó không khít như khi có mũi khoan, nên mình chấm 4",4,positive,rating_4,85,train
sent_000023,"Kệ sau khi lắp ráp thì cực kỳ cứng cáp, đẹp",5,positive,rating_5,11,test
sent_000024,"sản phẩm tầm 500k, tốt trong tầm giá",4,positive,rating_4,8,test
sent_000025,Cứ sợ mua về gỗ không được chắc chắn hay bị trầy xước nhưng khi nhận hàng thì rất hài lòng nha,5,positive,rating_5,22,train
sent_000026,"Hình dáng sản phẩm đúng thiết kế, dễ lắp đặt, chỉ cần để ý kĩ các chỗ bắt vít là được, mình mất 45p là xong",4,positive,rating_4,26,train
sent_000027,"Mình đã nhận được sản phẩm, mình thấy với mức giá này là quá rẻ mà chất lượng thì tốt nên mình đặt hẳn 2 cái luôn, có điều cái đầu tiên thì giao nhanh còn cái còn lại đợi lâu nên hơi sốt ruột, mãi nay mới về đủ, sản phẩm nhỏ gọn ko quá to cũng ko quá nhỏ với kích thước này mình chưng sách là quá ok, vừa hay 3 cái kệ nhà mình đã đầy ko còn chỗ chứa hyhy mua được thêm 2 cái kệ vừa rẻ vừa đẹp thích lắm luôn, mua đi các bạn ko hối hận đâu",5,positive,rating_5,106,valid
sent_000028,Mua hàng rất nhiều lần nhưng đây là lần đầu tiên đánh giá vì thực sự quá ưng sản phẩm,5,positive,rating_5,20,train
sent_000029,"kệ to, đẹp, chắc chắn, mua với giá 395k với kệ sách như này là cực kì hài lòng, lắp ráp rất đơn giản mình lắp tầm nửa tiếng là xong",5,positive,rating_5,31,train
sent_000030,"Kệ rất chắc chắn, miếng gỗ dày có khoan lỗ sẵn để bắt vít",4,positive,rating_4,14,train
sent_000031,vô địch trong tầm giá,5,positive,rating_5,5,train
sent_000032,Hì hục mất 8h ngày chủ nhật để tính sao ráp 3 bộ vào một và đi đèn cho kệ,3,neutral,rating_3,20,test
sent_000033,"tủ đẹp, y như mô tả",4,positive,rating_4,6,train
sent_000034,"Giao hàng nhanh, đặt chiều thứ 4 đến chiều thứ 6 đã nhận được",4,positive,rating_4,14,train
sent_000035,Rất hài lòng với sản phẩm,5,positive,rating_5,6,train
sent_000036,"Giao hàng nhanh, một mình tự lắp thì mất hơn 1 tiếng",4,positive,rating_4,12,train
sent_000037,"kệ đẹp y hình quảng cáo luôn, cao, to, cảm thấy chắc chắn lắm, lỗ bắn vít vừa đẹp, lại quá rẻ, mua về rồi thấy cứ muốn khoe :)))",5,positive,rating_5,30,train
sent_000038,Lần đầu đặt mua shipper k gọi giao nhưng lại báo mình k nhận trong khi mình chờ mòn mông cả gần tuần,2,negative,rating_2,23,valid
sent_000039,"Sản phẩm rất tốt và đáng tiền, thời gian giao hàng rất nhanh, nhân viên rất nhiệt tình, tuy nhiên tiki gói hàng quá chắc chắn và NHIỀU Ni lông, bọc rất nhiều lớp điều này gây ô nhiễm môi trường",4,positive,rating_4,41,train
sent_000040,"Kẹ đẹp, các thanh gỗ gia công tốt, lỗ vít chính xác",5,positive,rating_5,12,train
sent_000041,"Lắp ráp không khó, tuy nhiên hướng dẫn cần chi tiết hơn, các bước, nên đánh số các miếng để người lắp dễ hơn",3,neutral,rating_3,24,valid
sent_000042,"Giao hàng siêu nhanh, đặt trưa thứ tư sáng thứ sáu đã giao",5,positive,rating_5,13,train
sent_000043,"Sản phẩm đáp ứng đúng kỳ vọng, màu gỗ sáng bóng, đẹp, dễ lắp, rất thích kiểu thiết kế",5,positive,rating_5,19,train
sent_000044,Mk mua hàng trên tiki đã lâu đây là lần đầu tiên tiki khiến mk k hài lòng,3,neutral,rating_3,18,test
sent_000045,"Mình đặt hàng từ hôm thứ 3, trưa nay đã được ship tới rồi",4,positive,rating_4,14,test
sent_000046,Sản phẩm hợp giá thành và tốt,5,positive,rating_5,7,valid
sent_000047,"Mình rất hài lòng về sp này, tuy là thiếu 1 con ốc nhưng nhà mình vẫn có ốc để thay thế",4,positive,rating_4,22,train
sent_000048,"Nhờ Tiki và nhà cung cấp đổi cho mình 1 miếng ghép như trên do khi mình vít ốc vào thì miếng tiếp ván tiếp ốc rất lỏng, không vít khít được dẫn đến các miếng ghép rất lỏng, di chuyển là sẽ bung vít",2,negative,rating_2,45,train
sent_000049,"Mua lâu rồi mà giờ mới có thời gian đánh giá, sản phẩm tốt, dễ dàng lắp ráp, bên giao hàng hỗ trợ bê vào tận nhà mình luôn nên rất ưng, tuy nhiên có hơi lệch khoảng 1mm nhưng k đáng kể, dự là sẽ mua thêm 1 cái để mở rộng cái kho sách nhớ nhỏ của mình",4,positive,rating_4,60,train
sent_000050,Mua hàng trên Tiki chưa bao giờ làm mình thất vọng,3,neutral,rating_3,11,train
sent_000051,Vẫn như thường lệ,3,neutral,rating_3,4,train
sent_000052,Đóng gói rất chắc chắn,5,positive,rating_5,5,train
sent_000053,2 tấm ở ngay bước lắp đầu tiên khoan sai lỗ,2,negative,rating_2,11,train
sent_000054,Thật sự hơi bị thất vọng về lần mua hàng này,1,negative,rating_1,11,valid
sent_000055,"giao hàng nhanh hơn dự kiến, dù có trầy xước một tẹo không đáng kể",4,positive,rating_4,15,train
sent_000056,"Rất không vui khi mình mua sản phẩm Tiki khá nhiều mà lần này sản phẩm đến tay khi mở ra bị mẻ mất 1 góc, không hài lòng chút nào, rất muốn bên Tiki đổi lại sản phẩm mới cho mình",1,negative,rating_1,42,train
sent_000057,"Mới nhận được hàng trưa nay, hàng nặng đã loay hoay lắp còn gặp ngay trường hợp lỗ không khớp vậy thì làm sao mà lắp được?! Cần gấp đã chờ đợi có hàng để sắp xếp đồ đạc mà tới hôm nay nhận được sản phẩm lỗi như thế này",1,negative,rating_1,51,train
sent_000058,"Kệ nhiều vết trầy xước, có chỗ lắp bị lệch, nhưng bù lại giao hàng nhanh (hôm trc đặt, hôm sau đã giao rồi), kệ chắc chắn, giá rẻ, nên mình cho 4 sao, sản phẩm đáng để mua nha mn",4,positive,rating_4,41,train
sent_000059,"sản phẩm ok, đẹp chắc chắn, mình con gái tự lắp dễ dàng",4,positive,rating_4,13,train
sent_000060,Kệ sách đẹp,4,positive,rating_4,3,train
sent_000061,"giá mua là 538k lúc sale, giá cả hợp túi tiền, hàng đẹp, mình dư đc 1 đinh ốc, có vài lỗi nhỏ nhưng chấp nhận được như bóng tróc góc, mẻ góc",4,positive,rating_4,33,valid
sent_000062,Sp kệ tốt nhưng dịch vụ giao hàng và thời gian giao hàng cực kì tệ,2,negative,rating_2,16,train
sent_000063,Đặt hàng 2-3h nhận nhưng 5h sau mới nhận được hàng trong khi trả tiền nhiều hơn mục đích nhận đơn sớm,2,negative,rating_2,22,valid
sent_000064,Chất lượng tốt hơn mình nghĩ nhiều,4,positive,rating_4,7,train
sent_000065,"Sản phẩm dc bao bọc chắc chắn, kín, ko bị mẻ hay xước xát gì",4,positive,rating_4,15,train
sent_000066,"Về giá rất ok vì mua được sale; khâu giao hàng hơi ức chế vì kho cách nhà 3km mà hẹn lần lữa 2 hôm không giao, buộc mình phải đến tận nơi để lấy; về sản phẩm khoan lỗ chính xác, bắt dễ dàng, tuy nhiên không đi kèm con ốc nào, ốc phải mua ngoài (1*), ván có tấm bị cong nên sp không vuông vắn lắm, để kịch xuống sàn như cái bập bênh, phải chế mấy cái chân kê để nâng lên khoảng 1cm so với sàn",3,neutral,rating_3,91,train
sent_000067,"Ưu: kệ sách đẹp, chất lượng đánh giá ban đầu là tốt, khá dễ lắp, chỉ tốn chừng 1 tiếng là có thể bắt vít chắc chắn, nhiều ngăn để sách, giá cả tương đối rẻ",5,positive,rating_5,36,train
sent_000068,thông báo là thứ 7 nhận đc hàng mà thứ 5 đã nhận hàng đc rồi,4,positive,rating_4,16,train
sent_000069,"Kệ sách đẹp lắm luôn, cũng không khó lắp lắm, mình là con gái mà còn tự lắp được",5,positive,rating_5,19,train
sent_000070,"Tốt trong tầm giá, cứng cáp, chắc chắn, bạn nào có mua hành đặt giao công ty thì nên cân nhắc, hàng hơi cồng kềnh (chiều dài), nặng khoảng 20kg, khi lắp đừng nên theo tờ giấy hướng dẫn, nó trớt quớt luôn, hình có 13 tấm, trong khi thực tế là 15 tấm, nên xem hình sản phẩm giới thiệu (y hình)",3,neutral,rating_3,63,train
sent_000071,"Đầu tiên là khâu vận chuyển: giao hàng nhanh, đóng gói vô cùng cẩn thận (mặt này TIKI chưa bao giờ làm mình thất vọng)",5,positive,rating_5,25,train
sent_000072,"Mấy lỗ để bắt vít đôi khi không khớp nên bị lệch đôi chút, chỗ trồi chỗ sụt",1,negative,rating_1,18,train
sent_000073,"Mình mua giá sách cùng với một tai nghe, hình thức thanh toán chỉ có zalopay khiến hơi bất tiện, phải liên kết ngân hàng hoặc nhờ người quen",2,negative,rating_2,29,train
sent_000074,Cực kì hài lòng về cái kệ sách này,5,positive,rating_5,9,train
sent_000075,"tiki giao hàng thần tốc, mới vừa đặt tối hôm qua mà sáng nay đã giao 🤣 hết hồn luôn",5,positive,rating_5,20,valid
sent_000076,"Kệ giống hình, đẹp, nhưng gỗ ép hơi mềm, có 2 lỗ bị lờn không vặn vừa, tuy nhiên với giá tiền như vậy cũng tạm chấp nhận",3,neutral,rating_3,28,valid
sent_000077,Kệ sách tốt,4,positive,rating_4,3,train
sent_000078,"Hàng giao đúng mẫu, đúng màu, đóng gói chắc chắn, đủ ốc vít",4,positive,rating_4,13,test
sent_000079,"Mình nhận được kệ khi mở ra thì có rất nhiều tấm ván bị mẻ góc, nham nhở, chỉ dán cạnh bị bung",1,negative,rating_1,23,valid
sent_000080,Hàng lắp xong đẹp hơn mình tưởng tượng ❤️,5,positive,rating_5,9,train
sent_000081,"Giao hàng sớm hơn 2 ngày so với dự kiến, nhân viên giao hàng lịch sự, hàng được đóng gói cẩn thận",5,positive,rating_5,22,train
sent_000082,"Kệ chắc, đẹp như quảng cáo, nhà có máy khoan nên chỉ nửa tiếng là lắp xong, tiki giao hàng sớm hơn dự kiến 2 ngày 😘 bạn shipper cũng dễ thương nữa",5,positive,rating_5,33,train
sent_000083,"Xinh, mịn, đẹp, mua qua mạng nên cx đau tim lắm cơ, may là bên tiki gói kĩ càng k mẻ chỗ nào 😗",5,positive,rating_5,24,train
sent_000084,đặt từ sáng giá 408k,3,neutral,rating_3,5,train
sent_000085,"Tôi đặt hàng và thanh toán trước (Visa ngày 18/6/2020)và gói TIKI NOW, Tiki báo giao trước 12h (19/6/2020), co người dt và nhắn tin giao trước 15h (19/6/20), mình phải đi làm, nhờ nhà hàng xóm nhận giúp, vậy mà đến sáng 22/6/20 vẫn chưa giao mà cũng không 1 cuộc điện thoại báo hồi lại",1,negative,rating_1,57,train
sent_000086,"Gỗ kém chất lượng , Ôt vít xiết nặng tay là bị tuột bulông ----------------------------------------------------------------------------------------------------------------------------------------------------------------------------------------------------------------------------------------------------------------------------------------------------------",1,negative,rating_1,15,test
sent_000087,"Hàng tốt, gỗ MDF cứng chất lượng",5,positive,rating_5,7,test
sent_000088,mình mua hôm khuyến mãi nên giá khá tốt,4,positive,rating_4,9,train
sent_000089,"Mình đặt hàng sau 3 4 ngày nhận được, giao hàng bằng ninjavan",3,neutral,rating_3,13,valid
sent_000090,"- Về ship hàng: shiper giao được tới tận nhà dù nhà trong hẻm, hàng nguyên si, không sứt mẻ gì",4,positive,rating_4,21,train
sent_000091,"Kệ đẹp, chắc chắn , rẻ so với giá 540k, tiện nhất là giao đến tận nhà không phải mất công đi chở",5,positive,rating_5,23,train
sent_000092,"Không có gì để chê luôn, không 1 vết xước, kệ cứng cáp, dễ lắp (mình nghĩ con gái làm dễ dàng lun)",5,positive,rating_5,23,valid
sent_000093,"Mất khoảng 1 tiếng để lắp ráp nhưng khá hài lòng, tủ khá chắc chắn và chứa dc nhìu sách",5,positive,rating_5,20,train
sent_000094,Hàng được đóng gói cẩn thận khi giao,4,positive,rating_4,8,train
sent_000095,"Do tầm giá này cũng không đòi hỏi được gì nhiều nhưng sản phẩm này sẽ tốt hơn nếu thiết kế phần vặn ốc tiện hơn, đảm bảo các bạn là vặn hết số ốc đó vô thì tay nổi chuột luôn đó :D",2,negative,rating_2,44,test
sent_000096,"Kệ sáng , đẹp",5,positive,rating_5,4,train
sent_000097,"Sản phẩm tốt, phù hợp với giá thành",5,positive,rating_5,8,train
sent_000098,"sản phẩm rất chắc chắn, đẹp và nặng",5,positive,rating_5,8,valid
sent_000099,Hài lòng với việc giao hàng của Tiki,4,positive,rating_4,8,train
sent_000100,"mình mua kệ này lần 2, lần 1 giao trễ 1tuần, và lần 2 này lại tiếp tục chưa giao tới nữa",1,negative,rating_1,22,train
sent_000101,"Mình mua 1 kệ màu vân gỗ sồi, màu rất ưng, sáng mà ko sợ dơ",4,positive,rating_4,16,test
sent_000102,Cảm ơn Tiki và nhà cung cấp! Tiki giao hàng rất nhanh ạ,5,positive,rating_5,13,valid
sent_000103,tủ đẹp giống như mô tả,4,positive,rating_4,6,test
sent_000104,"Lần đầu tiên mua kệ sách của IGEA, giao hàng nhanh chóng",5,positive,rating_5,12,train
sent_000105,"Kệ tốt, chắc chắn",4,positive,rating_4,4,train
sent_000106,"Đây là một sản phẩm đẹp, được đóng chắc chắn, thiết kế thông minh",5,positive,rating_5,14,train
sent_000107,Lần đầu tiên mua hàng qua mạng mà không bị mẹ cằn nhằn vì đẹp quá mà,5,positive,rating_5,17,train
sent_000108,"Do ốc vít của sản phẩm kèm theo hơi nhỏ, vặn ko được chắc, cảm giác kệ không được vững, Nên thay bằng vít to hơn",1,negative,rating_1,26,valid
sent_000109,"Mình lắp rất chuẩn nhưng khi dựng lên thì kệ không chắc chắn, rất dễ ngã",1,negative,rating_1,16,valid
sent_000110,"Tiki giao nhanh hơn dự kiến, kệ đẹp, ổn và khá dễ lắp ráp",5,positive,rating_5,14,test
sent_000111,"Sản phẩm đẹp, lắp ghép rất dễ dàng",5,positive,rating_5,8,valid
sent_000112,"Ncc bán hàng kì quá, để giá 565k nhưng khi chọn kệ màu trắng thì tăng giá thành 745k nhưng thôi mình cũng mua & đã thanh toán, qua hôm sau vào xem lại thấy giảm kệ trắng còn có 565k thôi, sao không giảm ngay từ đầu cho khách hàng chung 1 mức giá mà để 2 giá như vậy, sau 1 ngày lại giảm 😥😥😥",1,negative,rating_1,67,train
sent_000113,Đầu tiên là nhân viên giao hàng rất lịch sự và tốt bụng,5,positive,rating_5,13,train
sent_000114,lúc mua sản phẩm giá là 596k,3,neutral,rating_3,7,train
sent_000115,"hàng đẹp, ko trầy xước, dễ lắp ghép, địa chỉ nhà mình rất khó tìm mà ship vẫn đến tận cửa, mình đặt thứ 6, báo thứ 5 tuần sau mới giao mà thứ 7 đã thấy gọi điện báo nhận hàng rồi, may mà có người ở nhà, nhưng giao sớm vẫn tốt hơn giao muộn, shop nên có nhiều sản phẩm ntn thì sẽ nhiều ng mua hơn, chúc làm ăn ngày càng phát triển, thanks",5,positive,rating_5,78,train
sent_000116,"giao hàng quá nhanh luôn, anh giao hàng phi vào tận sân vác hàng vào tận nhà 😍",5,positive,rating_5,18,train
sent_000117,Hàng đẹp xuất sắc giao đúng hẹn,5,positive,rating_5,7,train
sent_000118,"Lụi cụi 1 mình ghép cũg cả tiếg, lần đầu ngồi ghép kệ cũg thú vị",3,neutral,rating_3,16,valid
sent_000119,"kệ sách lắp ráp dễ dàng, khá chắc chắn, nhìu ngăn tiện lợi, giá thành lại rất rẻ, kệ ván ép gỗ mà giá mua chỉ hơn có 500k, cực kỳ hài lòng khi chọn mua sản phẩm này",5,positive,rating_5,39,train
sent_000120,Giá hợp lý,4,positive,rating_4,3,train
sent_000121,Sản phẩm thực tế không giống ảnh,2,negative,rating_2,7,test
sent_000122,"- Kệ lắp ráp dễ dàng, chắc chắn",5,positive,rating_5,8,train
sent_000123,"Hướng dẫn sơ xài, làm xoắn não cũng là một điểm cộng, do mình khoái trò lắp ráp",1,negative,rating_1,18,valid
sent_000124,"kệ sách nặng xỉu, may xài now nên fs, săn được deal giá siêu tốt",5,positive,rating_5,15,train
sent_000125,"sản phẩm kệ được thiết kế các ô to nhỏ xen kẽ theo kiểu zich zac, vậy mà các lỗ khoan vít lại khoan đối xứng nhau ở hai thanh cạnh, chẳng hiểu thợ làm ăn như nào, ko biết có đổi lại được không và nếu đổi được thì có phải mất phí ship lần nữa ko",1,negative,rating_1,58,valid
sent_000126,"Chắc chắn, xinh xắn",5,positive,rating_5,4,train
sent_000127,"Ván đẹp, các chi tiết rất đều đặn, dễ lắp ráp nhưng đừng vặn vít quá sát vì là ván gỗ ép",5,positive,rating_5,22,valid
sent_000128,"Mua về tự lắp rất thú vị, tuy nhiên hạn chế lắp sai, vì lắp sai khoảng 2 lần thì con vít không vặn chặt vào được khiến giá sách bị rung rinh, nhưng cực kì hài lòng với giá sách vì giá cả trên tiki lúc mình mua là rẻ gần 1 nửa so với cửa hàng khi mua ngoài",4,positive,rating_4,61,train
sent_000129,"Kệ lắp rắp cũng dễ, tuy nhiên hạn chế là thấy mấy con vít bên hông kệ gây mất thẩm mỹ, giao đúng hẹn, đúng màu, 619k cho 1 cái kệ",3,neutral,rating_3,31,train
sent_000130,rất không hài lòng về sản phẩm,1,negative,rating_1,7,valid
sent_000131,"Tôi thường mua sản phẩm trên Tiki, đây là sản phẩm tôi thấy hài lòng nhất: vừa đẹp vừa phù hợp giá tiền",5,positive,rating_5,23,train
sent_000132,"mình có đặt mua 1 kệ, dat hang tu 15/10 , nhưng đến 30/10 mới giao, do bận việc hôm nay mới mở kiện hàng ra lắp, kệ lắp gần xong phát hiện thiếu 1 thanh ngang dài như hình, nhờ shop chịu khó gửi bổ sung cho mình nhé",1,negative,rating_1,50,train
sent_000133,"Đóng gói cẩn thận, nhưng quá trình gia công sản phẩm bị lỗi 2 tấm, sứt cạnh",3,neutral,rating_3,17,train
sent_000134,Hàng mình chưa sử dụng nên chưa đành giá nhưng rõ ràng lúc mình đặt hàng là giá khuyến mãi là có 500k nhưng lúc đơn hàng giao lại là 599 cộng phụ phí gần 60k,2,negative,rating_2,36,train
sent_000135,"Kệ chắc lắm nha cả nhà, đựng được nhiều sách nữa",5,positive,rating_5,11,train
sent_000136,"Mình tự lắp hơn 1 tiếng, khá là ưng ý sản phẩm rẻ và chất lượng 👌 con gái tự làm, tự vặn vít mỏi cả 2 tay nhưng nhìn thành quả này rất vui",5,positive,rating_5,35,train
sent_000137,"chưa biết chất lượng sp ra sao nhưng bạn giao hàng có thái độ cục súc quá, mặt hầm hầm",1,negative,rating_1,20,train
sent_000138,"Tạm ổn, gỗ cắt hơi lệch, lắp xong giá sách bị cong mất 2 thanh ở trên cùng và dưới cùng, bản hướng dẫn và các tấm ván gỗ cần đánh số thứ tự, chiều lắp để thuận tiện lắp ráp và sử dụng",1,negative,rating_1,44,test
sent_000139,"Khá chắc chắn, mình là con gái cũng tự lắp đc, mấy ốc cuối nghĩ nó ko khớp nhưng thật ra ko phải, điều chỉnh lại 1 chút là vừa luôn, k cần lấy khoan đục lỗ mới, nói chung là ok, Tiki giao hàng cẩn thận 👍",5,positive,rating_5,48,train
sent_000140,"Kệ đẹp, chất lượng gỗ tốt",5,positive,rating_5,6,train
sent_000141,Dễ lắp vô cùng,5,positive,rating_5,4,train
sent_000142,"hàng đặt 10/1 mà tới 21/1 mới giao,giao tới ráp lên thì bị lỗi sản phẫm, 2 thanh dài lỗ đinh ko khớp, giờ kệ nó k cố định đc, shop có giao đổi ko???",1,negative,rating_1,35,train
sent_000143,"Kệ khá đẹp, dễ lắp ráp",5,positive,rating_5,6,train
sent_000144,Chiếc kệ xinh xắn đáng êu nhất mà mình từng mua,5,positive,rating_5,11,train
sent_000145,"Vận chuyển nhanh chóng, bọc cẩn thận, không bị va đập",5,positive,rating_5,11,valid
sent_000146,"Kệ giá tốt lại đẹp lắm nha, ráp cũng dễ mình tốn khoảng 30p, các lỗ khoan sẵn bắt vít ngay khớp luôn",5,positive,rating_5,23,valid
sent_000147,"Hàng đẹp, đúng như hình, giao hàng nhanh, nhưng kệ hơi nhỏ, nv giao hàng lịch sự , thân thiện , cảm ơn Tiki",4,positive,rating_4,24,valid
sent_000148,"Sản phẩm mình nhận được giống với mô tả , các mỗi bắt đinh ốc khớp nhau nên không tốn công lắp đặt lắm",4,positive,rating_4,24,train
sent_000149,Nhiều nut ốc vít không siết chặt được và phải chịu lingr lẻo thôi,3,neutral,rating_3,14,train
sent_000150,Băn khoăn mãi có nên mua hay hok nhưng khi nhận hàng thì quá chất,1,negative,rating_1,15,train
sent_000151,"chất lượng gia công thấp, hàng nhận được thấy bị sứt và mẻ nhiều chỗ",5,positive,rating_5,15,train
sent_000152,Trong tầm giá 500K thì sản phẩm này làm mình rất ưng ý,1,negative,rating_1,13,train
sent_000153,"Chất liệu và lên màu đẹp, cứng cáp",5,positive,rating_5,8,train
sent_000154,"Sản phẩm được gói chắc chắn, cũng khá là dễ lắp ráp nữa",5,positive,rating_5,13,test
sent_000155,"Sản phẩm chắc chắn, không cồng kềnh",5,positive,rating_5,7,train
sent_000156,"Sản phẩm tốt , đẹp mắt",5,positive,rating_5,6,train
sent_000157,Khi nhận hàng hài lòng đầu tiên là giao hành nhanh và đóng gói thì siêu cẩn thận,5,positive,rating_5,18,train
sent_000158,"kệ sách đẹp và chắc chắn, thấy mọi người nx các lỗ khoan ko khớp cũng hơi hoang mang nhưng rất may sp mình nhận ko bị lỗi đó với giá tiền đó thì rất hài lòng!!!",5,positive,rating_5,37,train
sent_000159,"giá sách đẹp, chắc chắn, sản xuất với độ chính xác cao nên lắp đặt dễ dàng và chính xác",5,positive,rating_5,20,train
sent_000160,"Giao hàng đúng ngày, đóng gói kĩ, có hơi mẻ 1 ít chắc do quá trình vận chuyển, nói chung cũng không ảnh hưởng lắm, chất lượng để thời gian quyết định",3,neutral,rating_3,32,train
sent_000161,"Kệ đẹp, chất lượng, giá hợp lý",5,positive,rating_5,7,train
sent_000162,"Sản phẩm giao hàng sớm hơn dự định, đóng gói đẹp, chắc chắn, dễ lắp ráp, màu sắc đẹp, vô cùng hài lòng",5,positive,rating_5,23,test
sent_000163,khá hài lòng về sản phẩm,4,positive,rating_4,6,train
sent_000164,Đặt hàng 2 ngày nhận được,4,positive,rating_4,6,train
sent_000165,"Sản phẩm mua về mình phải tự đóng thêm đinh, dù đã lắp y như trên hình",2,negative,rating_2,17,train
sent_000166,treo đầu dê bán thịt chó,1,negative,rating_1,6,train
sent_000167,Hàng đẹp như hình,4,positive,rating_4,4,train
sent_000168,"mình nhận được hành khá nhanh, hàng như hình",4,positive,rating_4,9,train
sent_000169,Sản phẩm tốt,4,positive,rating_4,3,train
sent_000170,"Ổn trong tầm giá nhưng gia công kệ còn ẩu, nhiều chỗ không khớp",2,negative,rating_2,14,train
sent_000171,"mình sợ vận chuyển sẽ dễ bị hỏng sp,,nhưng mình may mắn là nó perfect ,,,ko bể, mẻ,,,và đầy đủ ốc vít,,,mình tự lắp bằng vít tay,,,hơi mỏi tay chút nhưng kệ lên rất đẹp",5,positive,rating_5,35,test
sent_000172,"kệ đẹp, dễ lắp ráp, mua về nhìn sơ đồ và các thanh gỗ là ráp dễ dàng, tuy thiếu 1 cái định vít nhưng không ảnh hưởng gì, vẫn cho 5 sao, sẽ tiếp tục ủng hộ shop và tiki",4,positive,rating_4,41,train
sent_000173,"Kệ cũng dễ lắp ráp, cứ bắt ốc vào và xoay thôi",4,positive,rating_4,12,valid
sent_000174,"kệ siêu xinh, siêu chắc chắn và siêu nặng",5,positive,rating_5,9,test
sent_000175,"Hàng đẹp, phù hợp với giá tiền",5,positive,rating_5,7,test
sent_000176,"Hàng khá ổn, đẹp",4,positive,rating_4,4,valid
sent_000177,"Kệ ráp xong thẳng thớm, không không xô lệch nghiêng ngả",4,positive,rating_4,11,train
sent_000178,"Giá sách hợi nặng, tuy nhiên gỗ trơn, k bị xướt, trong quá trình lắp bạn nên cố định vít trước vì thiết kệ rất khít, nếu vừa lắp vít vừa xếp thì sẽ rất khó để lắp đúng, k bị cong vênh",3,neutral,rating_3,43,train
sent_000179,"Đẹp như hình quảng cáo, chắc chắn, nói chung là rất thích",5,positive,rating_5,12,train
sent_000180,Tủ sách đẹp và chất lượng khá ổn so với mức giá tiền,4,positive,rating_4,13,train
sent_000181,sản phẩm vô cùng ưng ý,5,positive,rating_5,6,train
sent_000182,"với giá chưa đến 600k thì chất lượng vậy là ổn rồi, dễ lắp ráp",4,positive,rating_4,15,test
sent_000183,"Sản phẩm tốt, cũng khá dễ lắp ráp, đóng gói chắc chắn,",5,positive,rating_5,12,train
sent_000184,hàng đẹp,4,positive,rating_4,2,train
sent_000185,shipper giao hàng rất nhiệt tình,5,positive,rating_5,6,train
sent_000186,"Cũng được lắm, có điều có 1 số tấm bị xước, mà đóng che xuống cũng không sao, còn đẹp chán, do vừa nặng mà mình ở hơi xa nên ship hơi cao , may có giảm 77k phí vận chuyển",4,positive,rating_4,41,train
sent_000187,Ráp gần xong mới phát hiện bị nứt 1 đường ngang của tấm dài,2,negative,rating_2,14,train
sent_000188,"Hàng giao nhanh, đóng gói kỹ và ko hỏng hóc",5,positive,rating_5,10,train
sent_000189,"Chim ưng dã man, giao hàng nhanh, hàng không bị sứt mẻ gì, màu gỗ cũng đẹp",5,positive,rating_5,17,train
sent_000190,"Các miếng gỗ có kích thước không đều và không khớp với nhau, nên khi lắp vào vào vẫn bị hụt, cố siết vít vào thì kệ nhìn bị méo",1,negative,rating_1,30,valid
sent_000191,"sản phẩm đẹp ,rất tốt,gỗ cầm chắc nịch,nặng phải mấy chục cân,nói chung rất là chim ưng",5,positive,rating_5,17,valid
sent_000192,"hôm giao hàng mình không có ở nhà, anh shipper gọi nhỡ nhiều cuộc nhưng đến lúc nghe máy vẫn rất nice, còn bê lên tầng giúp",5,positive,rating_5,27,train
sent_000193,"kệ nhìn đẹp và tốt, lắp ráp cũng dễ dàng và nhanh chóng, mua dc giá cực rẻ so với bên ngoài tận 1 nửa giá",5,positive,rating_5,26,train
sent_000194,"Hàng đóng gói chắc chắn, nhân viên giao hàng vui vẻ, nhiệt tình",5,positive,rating_5,13,test
sent_000195,Kệ sách tốt nhưng thái độ người giao hàng ko tốt,3,neutral,rating_3,11,train
sent_000196,hàng như hình,3,neutral,rating_3,3,valid
sent_000197,"Kệ chắc chắn, phù hợp với giá tiền",5,positive,rating_5,8,train
sent_000198,Kệ đẹp chỉ có đièu mình cố gắng mà ko siết chắc đc,4,positive,rating_4,13,train
sent_000199,Cảm ơn Tiki đã giao hàng nhanh chóng và đóng gói cẩn thận,5,positive,rating_5,13,train
sent_000200,"Kệ rất đẹp, chất lượng gỗ tốt, không trầy xước, móp méo",5,positive,rating_5,12,train
sent_000201,"kệ rất đẹp, tiki đóng hàng cẩn thận",5,positive,rating_5,8,test
sent_000202,"Tủ đẹp, trông nhỏ nhắn xinh xắn",5,positive,rating_5,7,train
sent_000203,"Mua về đem ra hì hục lắp, mà ai ngờ bên bán khoan lỗ sai vị trí làm lắp mãi không được, tốn cả buổi tối, đề nghị tiki giải quyết cho mình, đã gọi điện cho bộ phận chăm sóc khách hàng của tiki rồi",1,negative,rating_1,46,test
sent_000204,"Giá sách chắc chắn, khá dễ lắp ráp, mất tầm 30p đến 1 tiếng để hoàn thiện, bị thiếu một lỗ khoan để lắp nhưng vẫn rất ok",5,positive,rating_5,28,train
sent_000205,"Ban đầu mình cũng còn băn khoăn sợ vận chuyển xa sẽ bị hư, nhưng khi nhận hàng thực sự ngoài mong đợi, giá sách dựng lên đẹp và chắc chắn lắm, dự là mình sẽ mua thêm!",5,positive,rating_5,38,train
sent_000206,"Kệ sách đẹp, chất gỗ dày dặn, để ý 1 chút độ dài các thanh thì lắp ráp cũng nhanh và dễ",5,positive,rating_5,22,train
sent_000207,Sản phẩm đáng giá so với số tiền bỏ ra,5,positive,rating_5,10,train
sent_000208,"Mình đã gửi thông tin cho tiki về lỗi giao hàng k chính xác, nhưg đã 3 ngày rồi vẫn không thấy phản hồi lại từ tiki",1,negative,rating_1,27,train
sent_000209,"tiki gói cận thận, hơi khó lắp ráp một chút",3,neutral,rating_3,10,train
sent_000210,Gỗ nặng tay + chắc chắn,5,positive,rating_5,6,train
sent_000211,"Kệ sách dày đẹp, giao đủ gỗ và đinh ốc",5,positive,rating_5,10,test
sent_000212,"Vote 4 sao không phải vì mình không thích mà vì mất công lắp đặt quá, mình bị chấn thương lúc lắp đặt nên vote 4 sao thôi chứ thực ra giá sách đẹp chắc chắn xịn lắm nhé",4,positive,rating_4,39,train
sent_000213,"Thật sự hài lòng về sản phẩm, lắp ráp cực nhanh cực đơn giản",5,positive,rating_5,14,test
sent_000214,"Kệ chắc chắn, đẹp và hữu dụng",5,positive,rating_5,7,train
sent_000215,"Kệ chắc chắn, giao hàng nhanh, có 4 đinh dù là để đóng chân các bạn nhé (vì 1 số bạn có comment không biết để làm gì 😀)",5,positive,rating_5,29,train
sent_000216,"kệ dễ dàng lắp ráp, chất liệu ván ép nên cũng ko mong gì lâu dài được",3,neutral,rating_3,17,test
sent_000217,"Tủ nhìn chung oke, chắc chắn",4,positive,rating_4,6,train
sent_000218,mình đặt màu vân gỗ sồi nhưng lại giao cho mình màu trắng mà kg hỏi ý kiến của mình,2,negative,rating_2,20,test
sent_000219,"Kệ sách chắc chắn, có tờ hướng dẫn các bước, nhưng nếu shop có thể đánh dấu rõ ràng các thanh gỗ để lắp thì sẽ càng tuyệt vời hơn nữa cho một sản phẩm ở mức giá này",4,positive,rating_4,39,train
sent_000220,giao lần 1 hàng hỏng nên mất khoảng 10 ngày sau để giao lần 2,2,negative,rating_2,15,train
sent_000221,"Kệ đẹp, không bị sứt mẻ xíu nào",5,positive,rating_5,8,train
sent_000222,"Shop khoan lỗ sai vị trí, không thể ráp được sản phẩm,sao lại giao một sản phẩm bị lỗi cho khách như vậy",1,negative,rating_1,23,train
sent_000223,"Sản phẩm rất đẹp, nên mua",5,positive,rating_5,6,train
sent_000224,"Nhìn đơn sơ vậy thôi mà nặng 20kg, mất gần 1h đồng hồ để ráp, khá ưng ý, với số tiền chỉ hơn 500k thì quá rẻ và tốt",5,positive,rating_5,29,test
sent_000225,Mình cũng mua một bộ nhưng bên Tiki giao nhầm hàng và từ đó đến này đã gần 2 tuần nhưng tiki không thu hồi được và liên tục xin lỗi khách hàng,1,negative,rating_1,33,valid
sent_000226,"sản phẩm rất tốt ạ, bền chắc chắn, cứng cáp, rất đáng giá tiền",5,positive,rating_5,14,test
sent_000227,"Không thấy hài lòng vì bị sứt mẻ, bụi bẩn nhiều quá",1,negative,rating_1,12,train
sent_000228,Giá đẹp,4,positive,rating_4,2,test
sent_000229,Rất hài lòng về sản phẩm nè,5,positive,rating_5,7,train
sent_000230,"TIKI bọc hàng rất cẩn thận, việc lắp đặt giá sách không khó nhờ vào tờ hướng dẫn lắp đặt chi tiết",5,positive,rating_5,22,train
sent_000231,"Kệ đẹp, có khoan lỗ sẵn nên rất dễ lắp",5,positive,rating_5,10,train
sent_000232,Đây là lần đầu tiên mình viết đánh giá chỉ vì cái kệ quá đẹp và chất lượng quá ổn so với giá tiền,5,positive,rating_5,24,train
sent_000233,Shop giao bị lỗi,2,negative,rating_2,4,train
sent_000234,Rất hài lòng duy có 1 lỗi nhỏ là có 2 chỗ do khoan lỗ vít ngắn ko thể bắt vít đc vì tôi là nữ phải đi kiếm 2 vít nhỏ mói bắt vào kệ đc,2,negative,rating_2,37,train
sent_000235,chưa ráp nhưng kiểm tra hàng rẩt ưng ý,5,positive,rating_5,9,test
sent_000236,Nhận rất nhanh giá quá tốt so với chất lượng,5,positive,rating_5,10,train
sent_000237,giao hàng nhanh,4,positive,rating_4,3,train
sent_000238,"Kệ rất đẹp, lúc đầu dùng tô vít vặn mỏi tay, sau dùng máy khoan nhanh và còn chỉnh cho các thanh ghép vào nhau chuẩn hơn",4,positive,rating_4,27,train
sent_000239,"Mua hàng từ 26/02/2020, đến giờ chưa nhận được hàng mà tiền thì đã trừ rồi! Không biết nên đánh giá thế nào? Giữa tiki và giao nhận có vấn đề gì mà chưa đến tay người mua hàng???",1,negative,rating_1,39,train
sent_000240,"Thiết kế đơn giản, đẹp mắt và tiện dụng",5,positive,rating_5,9,valid
sent_000241,"Đóng gói rất kỹ, hàng đẹp, các lỗ vít định vị khá chính xác, sai lệch rất ít",5,positive,rating_5,18,train
sent_000242,"Đặt mua cả hai màu và dùng thật sự rất ok, hướng dẫn lắp ráp rất dễ dàng và tiện cả con gái cũng đóng đinh được",5,positive,rating_5,27,train
sent_000243,Dễ lắp,4,positive,rating_4,2,train
sent_000244,"Mình rất hài lòng về sản phẩm, anh trai mình vừa thấy đã bảo mua thêm 1 cái nữa cho anh trai mình",5,positive,rating_5,23,train
sent_000245,"Shop giao cho mình thiếu 4 đinh đóng màu trắng dùng để đóng vào chân kệ, và giao thiếu 1 con vít",2,negative,rating_2,22,train
sent_000246,"Kệ đẹp hơn mong đợi, nên mua nha moi người! 👍",5,positive,rating_5,11,valid
sent_000247,Đùa chứ mua cái kệ 500k mà nó đẹp xịn thế này,5,positive,rating_5,12,train
sent_000248,"Kệ sách đẹp, lắp ráp dễ dàng, chỉ mất khoảng 30’ là xong",5,positive,rating_5,13,train
sent_000249,"lắp xong thì dư 6 lỗ không có khớp để tra đinh vào, và dư 1 bịch đinh không biết lắp vào đâu",2,negative,rating_2,23,valid
sent_000250,Kệ sách đẹp y như hình,4,positive,rating_4,6,train
sent_000251,"Tiki giao hàng nhanh hơn dự kiến, giao vào ngày Chủ Nhật luôn",5,positive,rating_5,13,valid
sent_000252,"Gỗ khá ok, có định hình sẵn, lắp dễ dàng",5,positive,rating_5,10,train
sent_000253,"Sài tốt, giao hàng nhanh",5,positive,rating_5,5,train
sent_000254,"Giao hàng nhanh, kệ được bọc rất kỹ, lắp khá dễ dàng",5,positive,rating_5,12,train
sent_000255,"Mình nhận dc sản phẩm thứ 7 tuần trước, muộn hơn 5 ngày nhưng rất hài lòng với chất lượng sản phẩm,giá tiền và bạn giao hàng, nói chung sẽ tiếp tục ủng hộ tiki",4,positive,rating_4,35,train
sent_000256,đặt màu trắng mà giao màu gỗ,2,negative,rating_2,7,train
sent_000257,"Kệ mình bị lỗi vì thiếu 2 lỗ khoan, nhà 2 chị em đều mua kệ thế mà đến cái của mình lại bị vậy",2,negative,rating_2,25,train
sent_000258,sản phẩm rất tốt nhưng hướng dẫn lắp ráp khá sơ xài và quan trọng nhất là NHÂN VIÊN GIAO HÀNG TỰ Ý THAY ĐỔI Đ/C VÀ GIAO CHO NGƯỜI KHÁC KHI CHƯA ĐƯỢC SỰ ĐỒNG Ý CỦA NGƯỜI NHẬN,1,negative,rating_1,40,train
sent_000259,"Giao hàng rất nhanh, dễ lắp ráp, chắc chắn",5,positive,rating_5,9,train
sent_000260,"đẹp, chắc, gọn",5,positive,rating_5,3,train
sent_000261,"Gỗ rất chắc chắn, đẹp, màu sơn đẹp, lắp ráp cũng khá dễ dàng",5,positive,rating_5,14,test
sent_000262,"Mình dùng máy vặn vít mới lắp đc cái kệ này, vặn bằng tay bị phồng hết cả tay =",2,negative,rating_2,20,valid
sent_000263,Sử dụng Giao hàng 2h giá cao hơn giao bình thường tuy nhiên lại giao chậm ngày hôm sau mới giao,2,negative,rating_2,21,train
sent_000264,Giá sách đẹp,4,positive,rating_4,3,train
sent_000265,"Khá đẹp và chắc chắn, nhưng có vài cái đinh mình không biết lắp ở chỗ nào vì không thấy có cái lỗ nào để lắp",4,positive,rating_4,26,train
sent_000266,Đẹp y hình,4,positive,rating_4,3,train
sent_000267,"Đơn này cũng bị giao bởi BEST, nhân viên rất tệ, thái độ quát tháo khách hàng",1,negative,rating_1,17,train
sent_000268,Hàng tốt,4,positive,rating_4,2,valid
sent_000269,"Cơ bản là giá nào đồ nấy, không thể đòi hỏi hơn",3,neutral,rating_3,12,train
sent_000270,"kệ sách rất đẹp, giá cũng rẻ, có tờ hướng dẫn lắp ráp nên rất dễ, đợt hàng lần này mình rất vừa ý",5,positive,rating_5,24,test
sent_000271,"Đặt hàng đêm hôm trước, trưa hôm sau đã có người giao ạ",5,positive,rating_5,13,train
sent_000272,Kệ đẹp chắc chắn k nghĩ 535k mà đẹp như v luôn,5,positive,rating_5,12,train
sent_000273,Kệ đẹp chất lượng gỗ tốt lắp ráp đơn giản chỉ có một lỗi là kệ ko được cân bằng lắm vì các đinh vít phía dưới lồi ra nhiều quá nếu thiết kế lỗ vít âm vào thì hay hơn,4,positive,rating_4,41,train
sent_000274,Tủ OK lắm nha mn,5,positive,rating_5,5,train
sent_000275,"chất lượng, mẫu mã, giao hàng cái j cũng tốt hết, giá cả lại hợp lý",5,positive,rating_5,16,train
sent_000276,"Hàng tốt như giới thiệu, giao hàng ô tô đảm bảo, tuy nhiên thời gian giao hàng hơi lâu so với hẹn",4,positive,rating_4,22,test
sent_000277,"Sp rất đẹp, rất ưng ý mà giá lại rẻ! Giao hàng đúng hẹn dù trời mưa to",5,positive,rating_5,18,valid
sent_000278,"Bản thân thích loại này lâu rồi nhưng cũng phân vân mua vì nhiều cmt đánh giá bị thiếu lỗi này nọ, nay quyết định mua dùng thử thì cực kì hài lòng 😍",5,positive,rating_5,34,train
sent_000279,"hàng đẹp lắm, tôi rất ưng ý",5,positive,rating_5,7,train
sent_000280,"Chất gỗ khá okie, chắc tay",5,positive,rating_5,6,train
sent_000281,chất lượng khá tốt nhưng Khi lắp lên thì 1 thanh bị ngắn không thể lắp tiếp được,3,neutral,rating_3,18,train
sent_000282,"Giao hàng nhanh, giá sách đẹp, nhà mình loay hoay 2 tiếng thì lắp xong, nói chung là ưng í, vừa đẹp ko thừa thiếu chỗ nào cả",5,positive,rating_5,28,train
sent_000283,Cực kỳ ưng ý,5,positive,rating_5,4,train
sent_000284,"có thể nói là mình may mắn , nhận đc kệ rất đẹp , ko bị trầy vi tróc vảy chổ nào , dễ lắp ráp",5,positive,rating_5,26,train
sent_000285,Kệ rất tuyệt,5,positive,rating_5,3,train
sent_000286,"Mua được 2 tuần rồi nay mới lên review, kệ đẹp, chắc chắn, giá vừa với sản phẩm, dễ dàng lắp ráp, giao hàng nhanh, nói chung là ổn",5,positive,rating_5,29,valid
sent_000287,"Đóng gói tốt, an toàn cho bế vác",5,positive,rating_5,8,train
sent_000288,"Kệ sách đẹp, tiki giao hàng nhanh",5,positive,rating_5,7,train
sent_000289,Khá ổn á,4,positive,rating_4,3,train
sent_000290,Chất lượng ván gỗ tốt,4,positive,rating_4,5,valid
sent_000291,Sản phẩm đẹp trong tầm giá,4,positive,rating_4,6,train
sent_000292,"lúc lắp hơi lâu, xong thì đẹp, hình như là dạng ván ép,bột gỗ, ko phải gỗ",3,neutral,rating_3,17,train
sent_000293,"Rất đẹp, dễ lắp và tiện dụng",5,positive,rating_5,7,train
sent_000294,"Lần đầu tiên mua sản phẩm Tiki mà thất vọng vì giao lỗi 2 thanh đứng (lỗ ko khoan so le nên ko bắt ốc được, phải khoan lỗ mới)",2,negative,rating_2,30,test
sent_000295,"Kệ to, chắc chắn, khá rẻ, tuy có 1 số mối nối chưa khớp nhau, còn lệch 1-2mm nhưng nhìn chung khá đẹp",4,positive,rating_4,23,train
sent_000296,"Có chút hài lòng, tuy nhiên hãng nên có hướng dẫn cụ thể các thanh, vẽ hình không có độ dài thanh làm mình lắp vào tháo ra mấy lần",3,neutral,rating_3,30,train
sent_000297,"Rẻ, đẹp, dễ lắp",4,positive,rating_4,4,train
sent_000298,"rất đẹp, rất tốt, rất hài lòng, 5*",5,positive,rating_5,8,train
sent_000299,"Hàng của tiki có vẻ như chưa bao giờ làm mình thất vọng, hiuhiu, nói chung là với giá tiền 500k mua được kệ nv là quá ok ah",5,positive,rating_5,29,train
sent_000300,"Lần trước mua 1 kệ thì ko có ý kiến gì , thấy vậy làm thêm 1 cái , khi mở ra thì sứt mẻ tùm lum nwn thất vọng 1 chút , mong shop kiểm tra kỹ hàng trước khi giao cho khách",2,negative,rating_2,44,train
sent_000301,"Giao hàng nhiệt tình, đúng hẹn",5,positive,rating_5,6,train
sent_000302,Tuyệt vời,5,positive,rating_5,2,train
sent_000303,"Giá cả ko biết có rẻ ko, nhưng giao đủ đồ để lắp",4,positive,rating_4,13,test
sent_000304,"Sản phẩm dễ lắp, chắc chắn, thẩm mỹ!",5,positive,rating_5,8,train
sent_000305,đặt hàng vào tối cn thì sáng t2 đã có shipper gọi nhận hàng,5,positive,rating_5,14,train
sent_000306,"giao hàng nhanh, hàng đẹp",5,positive,rating_5,5,train
sent_000307,Bao đẹp,5,positive,rating_5,2,valid
sent_000308,ráp xong đẹp,4,positive,rating_4,3,train
sent_000309,Sản phẩm tốt ngoài mong đợi,5,positive,rating_5,6,train
sent_000310,"Chắc chắn đẹp so với giá tiền, chỉ duy nhất khi đóng khung có vài tấm lệch xíu",4,positive,rating_4,18,train
sent_000311,"Hàng giao ko đủ chi tiết , nên ko lắp ráp được",2,negative,rating_2,12,train
sent_000312,"Sản phẩm chắc chắn, dễ lắp ráp",5,positive,rating_5,7,train
sent_000313,"Sản phẩm đẹp, chắc chắn, giao hàng nhanh",5,positive,rating_5,8,valid
sent_000314,Giá sách đẹp y hình,4,positive,rating_4,5,valid
sent_000315,"Kệ khá chắc chắn, oke",4,positive,rating_4,5,train
sent_000316,Sản phẩm rất hài lòng,5,positive,rating_5,5,valid
sent_000317,"Kệ sách đẹp, chắc chắn nha mọi người",5,positive,rating_5,8,train
sent_000318,"Hoàn toàn hài lòng trong tầm giá, chất lượng ổn, màu sắc và thiết kế dễ chịu",5,positive,rating_5,17,train
sent_000319,"Mình mua được sp lúc Tiki đang sale hơn 60% nên gí khá rẻ, lắp đặt nhanh và khá dễ, tiki giao hàng rất nhanh, chỉ 2 ngày là mình đã nhận đc mặc dù mình ở tỉnh",5,positive,rating_5,38,train
sent_000320,"lắp ráp khá nhanh chóng, giúp tôi có thể bố trí nhiều sách vở, tài liệu vào chung trong kệ, làm không gian nhà thêm rộng rãi hơn",5,positive,rating_5,28,train
sent_000321,"Kệ đẹp, chắc chắn nhưng không đánh số mẫu gỗ và bản chỉ dẫn lắp đặt quá sơ sài dẫn đến lắp kệ rất khó",3,neutral,rating_3,25,valid
sent_000322,"Giá sách rất đẹp, có 1 vài lỗi nhỏ nhưng vẫn chấp nhận được",4,positive,rating_4,14,train
sent_000323,"Đúng gỗ MDF, hàng chất lượng, lắp ráp dễ và nhanh chóng",5,positive,rating_5,12,train
sent_000324,Nhận hàng sớm hơn dự kiến,4,positive,rating_4,6,train
sent_000325,"Mình đặt màu vân gỗ, bên bán lại giao cho mình màu trắng, mình chưa biết chất lượng ra sao nhưng rất không hài lòng về sự nhầm lẫn này",2,negative,rating_2,30,train
sent_000326,"Kệ khá đẹp, dễ lắp ráp, tuy nhiên đóng gói k cẩn thận, 4 góc nên bọc xốp dày để tránh bị hư hại sp như này",4,positive,rating_4,27,train
sent_000327,"Kệ đẹp,tốt, chắc chắn!giao hàng nhanh,mới đặt hôm qua ngày mai là giao rồi,nhân viên giao nhận thân thiện, nhiệt tình!",5,positive,rating_5,21,train
sent_000328,"Kệ đẹp, giá hợp lý",5,positive,rating_5,5,test
sent_000329,giao đúng màu,3,neutral,rating_3,3,train
sent_000330,"Lắp đặt dễ dàng, chất lượng ổn với giá hợp lý",5,positive,rating_5,11,valid
sent_000331,"Nhân viên giao hàng đến chỉ có vài thanh gỗ, ko có người lắp đặt cho khách hàng",2,negative,rating_2,18,train
sent_000332,"Hàng đóng gói cẩn thận, lắp đặt khoảng 45 phút với nam và 1 tiếng 30 phút với nữ do ván khá nặng và chắc",5,positive,rating_5,25,valid
sent_000333,dễ lắp ráp,4,positive,rating_4,3,train
sent_000334,"Xịn xò, chắc chắn, vân gỗ đẹp, lắp ráp khá dễ dàng",5,positive,rating_5,12,train
sent_000335,"giá đẹp, tiki giao hàng nhanh",5,positive,rating_5,6,train
sent_000336,"tiki giao hàng rất nhanh, mới đặt chiều hôm qua mà hôm nay đã nhận được hàng mặc dù mình ở tỉnh lẻ",5,positive,rating_5,23,train
sent_000337,Giựt được deal cô hồn còn có 235k cho giá sách,5,positive,rating_5,11,train
sent_000338,Tủ màu đẹp,4,positive,rating_4,3,train
sent_000339,"Kệ đẹp, chắc chắn, kiểu dáng đẹp, mình rất hài lòng, mình đã mua thêm 1 kệ cho cháu mình xếp bộ sưu tập xe hơi của anh nhỏ",5,positive,rating_5,29,train
sent_000340,"Nói chung là giá rẻ, sản phâm chất lượng lúc đầu mua 1 cái nhưng okay quá nên đặt tặng bạn luôn",5,positive,rating_5,22,train
sent_000341,tôi rất hài lòng về sản phẩm,5,positive,rating_5,7,train
sent_000342,"Nhìn đẹp, chắc chắn, nhưng gỗ ép này khả năng rộp do nước rất cao",4,positive,rating_4,15,train
sent_000343,"Kệ rất dễ lắp ráp, mình đã từng mua một cái, giờ mua thêm cái nữa",4,positive,rating_4,16,test
sent_000344,Khá hài lòng về giá và sản phẩm,5,positive,rating_5,8,test
sent_000345,"Mình phải tự khoan lỗ vì thiết kế bị sai lỗ, k vặn ốc vào đc, mình ngồi mò cả buổi",2,negative,rating_2,21,train
sent_000346,"Kệ đẹp, chắc chắn, tuy có vài chỗ bị tróc nhẹ nhưng giá 570k là quá ổn cho sản phẩm, còn độ bền thì chưa biết",4,positive,rating_4,26,train
sent_000347,Kệ sách đẹp so với giá,4,positive,rating_4,6,train
sent_000348,thiết kế được,3,neutral,rating_3,3,train
sent_000349,Giao hàng thần tốc,5,positive,rating_5,4,valid
sent_000350,"😋😋 Quá ngon, quá đẹp 😋😋 tiếc là màu gỗ không giảm giá đành phải mua màu trắng",5,positive,rating_5,18,train
sent_000351,Kệ sau khi lắp nhìn chung là ổn,3,neutral,rating_3,8,train
sent_000352,Sản phẩm chất lượng so với giá tiền,4,positive,rating_4,8,train
sent_000353,"Nhân viên giao hàng không chuyên nghiệp, viết địa chỉ rõ ràng mà không xem cứ gọi hỏi mãi",2,negative,rating_2,19,train
sent_000354,"Gọn nhẹ, dễ lắp, sao nhập",5,positive,rating_5,6,valid
sent_000355,Lỗi ván là ép bằng chất mùn rất mềm nên khi bắt vít không thể chặt đc,2,negative,rating_2,17,train
sent_000356,"Kệ đẹp, chất liệu không chịu nước cần dùng cẩn thận, vài chỗ lệch nhẹ, có hướng dẫn lắp ráp, giao hàng trễ",2,negative,rating_2,23,train
sent_000357,Kệ đẹp như hình,4,positive,rating_4,4,train
sent_000358,Gỗ chắc chắn,4,positive,rating_4,3,valid
sent_000359,"Hàng đẹp , chắc chắn, đóng gói tốt nhưng vẫn có cạnh kệ bị bong chóc so với tầm tiền bỏ ra cũng rất xứng đáng",5,positive,rating_5,26,valid
sent_000360,"Tủ chắc chắc, đẹp",5,positive,rating_5,4,test
sent_000361,"Kệ chắc chắn , đẹp , dễ lắp ráp mình phụ nữ mà lắp mất tầm 30 là ok",5,positive,rating_5,19,valid
sent_000362,"- Hàng chắc chắn, vân gỗ đúng miêu tả",4,positive,rating_4,9,train
sent_000363,"thanks shop, mình rất hài lòng với sản phẩm, đóng gói kỹ càng, không bị lỗi, bên giao hàng nhiệt tình dễ thương, sẽ ủng hộ tiếp",5,positive,rating_5,27,train
sent_000364,"tiki giao hàng đúng hẹn, ván gỗ tốt, lỗ khoan ốc vít không bị lệch",5,positive,rating_5,15,test
sent_000365,"mua 2 cái, giao thiếu 1 cái, gọi lên tiki báo",2,negative,rating_2,11,train
sent_000366,Hài lòng với sản phẩm,4,positive,rating_4,5,train
sent_000367,"Dễ lắp, đẹp chỉ có điều lỗ khoan hơi lệch chút xíu nên đàn bà tay yếu ko chỉnh đc cho khớp!",4,positive,rating_4,22,train
sent_000368,"nhờ Tiki xem lại, mình đặt 2c màu vân gỗ thì giao 1 vân gỗ, 1 đen trắng, làm sao phối đồ :(",2,negative,rating_2,23,train
sent_000369,Hàng đúng quảng cáo; mẫu mã đẹp; giao hàng nhanh; dễ lắp ráp,5,positive,rating_5,13,train
sent_000370,"Kệ sách đẹp, chất lượng! Thấy nhiều người phàn nàn về dịch vụ của Tiki nhưng mình thấy hài lòng và tiếp tục ủng hộ Tiki",5,positive,rating_5,26,test
sent_000371,"Ok mua dùng được , giá 565",3,neutral,rating_3,7,train
sent_000372,"Kệ lắp đẹp lắm, mình rất ưng ý ^^ giá quá rẻ, hàng công kềnh với nặng vậy mà ko tính thêm phí vận chuyển, like Tiki👍",5,positive,rating_5,27,train
sent_000373,"Rất đẹp và dễ thương, lắp ráp cũng dễ dàng",5,positive,rating_5,10,train
sent_000374,"kệ sách lắp khá đơn giản, chất lượng tốt",5,positive,rating_5,9,train
sent_000375,"Miễn phí giao hàng, mình đăng kí mua hai tu mà mất gần 200k tiền phí giao hàng công kềnh",2,negative,rating_2,20,test
sent_000376,Sản phẩm có mẫu mã đẹp,4,positive,rating_4,6,test
sent_000377,Mình mua nhiều trên tiki lần nào cũng hài lòng,5,positive,rating_5,10,train
sent_000378,"Còn 1 chút khiếm khuyết nhưng thôi ko sao, sản phẩm ok trong tầm giá",3,neutral,rating_3,15,train
sent_000379,Chất liệu mẫu mã ok hết có cái tốn thời gian ngồi ráp quá,4,positive,rating_4,14,valid
sent_000380,"sảng phẩm đã nhận, chất lượng, tuy nhiên tôi không thể tự ráp được, làm thế nào shop có thể gởi người đến ráp giúp",4,positive,rating_4,25,train
sent_000381,"giao hàng nhanh, dễ lắp ráp",5,positive,rating_5,6,train
sent_000382,"sản phẩm giao, đóng hộp đẹp, tuy nghiên sản phẩm lắp ráp, trong đó có nhiều miếng cũ cũ, mau sơn bị phai,trầy sơn nhiều chỗ",3,neutral,rating_3,26,train
sent_000383,Khá tốt,4,positive,rating_4,2,valid
sent_000384,"Đã lắp xong, các ốc vít vặn vào hết cỡ nhưng vẫn không chắc chắn lắm",2,negative,rating_2,16,train
sent_000385,"Mình rất ưng ý kệ sách này, dễ dáng lắp ghép, chỉ cần cái tua vít là đc rồi, chứa đc khá nhiều sách :) rẻ đẹp, giá quá ok",5,positive,rating_5,30,valid
sent_000386,Tủ đẹp nhưng bị móp mấy chỗ có thể do lỗi vận chuyển,3,neutral,rating_3,13,train
sent_000387,Vô cùng hài lòng về kệ sách nhé! Từ chất lượng sản phẩm đến chất lượng giao hàng đều đáng giá 5*! Thanks for everything!!!,5,positive,rating_5,25,train
sent_000388,"Kệ đúng kích thước, dễ lắp đặt, chắc chắn, đựng được nhiều sách",5,positive,rating_5,13,test
sent_000389,"Kệ sách ưng ý, gỗ chắc chắn, quan trọng là mua về con giai hào hứng làm và khi nhìn thành quả rất hài lòng!",5,positive,rating_5,25,train
sent_000390,"Đẹp, chắc chắn, dễ lắp ráp kích thước 74x20x147cm phải có loại 74x30x147cm thì hay hơn nữa đó",5,positive,rating_5,18,train
sent_000391,"Có một thanh ko đục sẵn nên minh tự đục, một vài khớp ko khớp nên hơi kênh nhưng tổng thể vẫn là ưng lắm nha",4,positive,rating_4,26,train
sent_000392,Tính hoàn thiện sản phẩm đạt 90%,4,positive,rating_4,7,train
sent_000393,"Kệ đẹp, dễ lắp ráp theo hướng dẫn",5,positive,rating_5,8,train
sent_000394,"Kệ lắp xong rất chắc chắn, đẹp trang nhã không cầu kỳ",5,positive,rating_5,12,train
sent_000395,"Hàng khá là chắc chắn, khá ổn với mức giá",5,positive,rating_5,10,test
sent_000396,"Kệ đẹp, lớn, đựng được nhiều sách",5,positive,rating_5,7,train
sent_000397,"Lần nào mua hàng trên Tiki cũng khá hài lòng, lần này cũng không ngoại lệ",4,positive,rating_4,16,train
sent_000398,"Tiki giao hàng nhanh, mình đặt chiều hôm qua sáng nay đã giao rồi",5,positive,rating_5,14,train
sent_000399,Về phải đi mua lại toàn bộ vít với size to hơn thì mới chắc chắn được,2,negative,rating_2,17,train
sent_000400,"giá rẻ, tuy bằng ván ép nhưng rất chắc và nặng, ko khác gì gỗ, mặt gỗ chống xước rất tốt",5,positive,rating_5,21,valid
sent_000401,"Kệ trông nhỏ hơn kích thước minh tưởng tượng theo hình minh họa, nghĩ là phù hợp giá đã giảm",3,neutral,rating_3,20,train
sent_000402,"Sản phẩm đẹp giá hợp lý, giao hàng nhanh",5,positive,rating_5,9,train
sent_000403,sản phẩm rất ok,5,positive,rating_5,4,train
sent_000404,Giá tầm 420 chất lượng như này ko có điều gì chê,4,positive,rating_4,12,train
sent_000405,"tủ ván ok, không phải ván tốt, nhưng với giá tiền vậy là được, chỉ có tờ hướng dẫn lắp ráp hơi sơ xài",3,neutral,rating_3,24,train
sent_000406,Kệ sách chắc chắn,4,positive,rating_4,4,train
sent_000407,Kệ đẹp và chắc lắm ạ,5,positive,rating_5,6,valid
sent_000408,"Sản phẩm y hình, chất lượng tốt so với giá tiền, giao hàng nhanh chóng, đặt hàng hôm trueowcs hôm sau đã nhận được",5,positive,rating_5,24,train
sent_000409,"Hàng chất lượng, ráp dễ dàng",5,positive,rating_5,6,valid
sent_000410,"ok, hợp với giá tiền",4,positive,rating_4,5,train
sent_000411,tất cả đều ổn cho đến khi mình nhìn thấy bị thế kia,2,negative,rating_2,13,train
sent_000412,"lắp ráp hơi mất công, và hơi chênh vênh khi dựng lên",1,negative,rating_1,12,train
sent_000413,"Sản phẩm: tốt, rất chắc chắn",5,positive,rating_5,6,train
sent_000414,"Giao hàng nhanh, đúng màu sắc",4,positive,rating_4,6,train
sent_000415,"Giao hàng nhanh chóng, hàng rất ưng ý khi mua mình mua với giá 505k, hàng cồng kềnh tính phí 64k nhưng rất hài lòng! Ủng hộ tiki nhiều",5,positive,rating_5,29,train
sent_000416,"Bị lỗi góc nhưng nói chung ráp vào xài ok, giá vậy là ổn rồi",3,neutral,rating_3,15,valid
sent_000417,"Kệ dễ lắp ráp, hơi nặng",3,neutral,rating_3,6,train
sent_000418,"Gỗ chắc chắn,nặng tay,sơn trắng đẹp,dễ lắp ráp",5,positive,rating_5,8,train
sent_000419,"Rất hài lòng, hàng nhận được bảo vệ nguyên vẹn không sớt sát, sp không ba via nét căng",5,positive,rating_5,19,train
sent_000420,"kệ đẹp, chất lượng, tuy nhiên phần ốc vít nên đục lỗ sáo để khi lắp vào cho nó âm xuống dưới thì tốt ạ",4,positive,rating_4,25,train
sent_000421,"Một số chỗ khoan lỗ bị thiếu nhưng không thành vấn đề, có thể vặn ốc vào bình thường",2,negative,rating_2,19,train
sent_000422,"Mua đến cái thứ 2 vì kê vào nhà thấy hợp lý, không chiếm quá nhiều không gian mà xếp được nhiều sách",4,positive,rating_4,23,train
sent_000423,"Đã báo tiki về việc lỗi sản phẩm, báo 2-3 ngày có người liên hệ thu hồi lại sản phẩm nhưng đến nay được 6 ngày rồi chưa có ai liên hệ",2,negative,rating_2,32,train
sent_000424,Mặc dù tiki có quên hàng nên giao muộn chút nhưng chất lượng sản phẩm rất tốt,4,positive,rating_4,17,train
sent_000425,Không kiểm tra hàng trước khi gửi hay sao mà cứ kiểu râu ông này cắm cằm bà kia,1,negative,rating_1,19,train
sent_000426,"giao hàng chậm ngày,nhưng đc cái a giao hàng tận tình, tận nơi",5,positive,rating_5,13,train
sent_000427,"Cảm ơn shop, sản phẩm thật về chất lượng, mẫu mã đẹp",5,positive,rating_5,12,test
sent_000428,"Hàng chuẩn, giá rẻ, dễ lắp lại còn được tiki miễn phí vận chuyển dù hàng cồng kềnh",5,positive,rating_5,18,train
sent_000429,Cảm ơn tiki rất nhiều hàng rất rất ok đã đẹp lại còn giá cả phải chăng sẽ ủng hộ nhiều nhiều💕💕💕,5,positive,rating_5,22,valid
sent_000430,"kệ đẹp, dễ lắp ráp, ko bị lỗi góc nào, nhân viên giao hàng nhiệt tình dù hàng rất nặng :D",5,positive,rating_5,21,train
sent_000431,"Dễ lắp ráp, giao hàng nhanh, mong cải tiến cho ốc âm vào gỗ vì ốc vít lồi dựng kệ đứng lên sẽ bị cập kênh",4,positive,rating_4,26,train
sent_000432,giao hàng bị lỗi 2 chỗ,2,negative,rating_2,6,train
sent_000433,Cảm nhận ban đầu rất đẹp và chắc chắn,5,positive,rating_5,9,train
sent_000434,"Sp phẩm đẹp, lắp ráp dễ dàng, cắt bằng máy CNC nên cực chuẩn",5,positive,rating_5,14,train
sent_000435,"đóng gói đẹp, chắc chắn",5,positive,rating_5,5,test
sent_000436,"Kệ đẹp, lắp ráp dễ dàng, sẽ mua thêm 1 cái màu khác nữa",5,positive,rating_5,14,train
sent_000437,"Kệ rất đẹp, không hề bị hư hỏng móp méo khi vận chuyển",5,positive,rating_5,13,train
sent_000438,"Giá cả hợp lý, chất lượng tốt",5,positive,rating_5,7,train
sent_000439,"Giao hàng rất nhanh, đóng gói trong hộp rất cẩn thận, chắc chắn",5,positive,rating_5,13,train
sent_000440,"Rất đẹp rất đáng tiền,chất lượng,tiki miễn phí vận chuyển,giao hàng nhanh",5,positive,rating_5,12,train
sent_000441,"lắp ráp đơn giản, hình theo hình và hướng dẫn là được",5,positive,rating_5,12,train
sent_000442,"Dùng được, dễ lắp ráp, tuy nhiên khá nặng khi vận chuyển, phải đi làm giờ hành chính thì rất khó khăn vì không giao về nhà được",4,positive,rating_4,28,test
sent_000443,Đóng gói kỹ càng,4,positive,rating_4,4,train
sent_000444,"sản phẩm dễ lắp ráp, hoàn thành đẹp chắc chắn, shop giao hàng cực kì nhanh luôn cảm ơn shop nhé",5,positive,rating_5,21,train
sent_000445,"Giống như hình , chắc chắn, dễ lắp đặt, vân gỗ đẹp, độ khít tốt",5,positive,rating_5,15,train
sent_000446,Mặt kệ đôi chỗ tróc sơn nhẹ,2,negative,rating_2,7,train
sent_000447,"MDF loại thường, chất lượng tạm tạm",3,neutral,rating_3,7,train
sent_000448,Mình đã nhận được sản phẩm và cảm thấy rất hài lòng vì kệ đóng lên rất đẹp và chắc chắn,5,positive,rating_5,21,train
sent_000449,"sản phẩm khá đẹp, tương đối rẻ so với mức giá này, shop đóng gói rất rất cẩn thận, giao hàng nhiệt tình và đúng hẹn!!!!!",5,positive,rating_5,26,test
sent_000450,"Giá sách đẹp và chắc chắn, vừa lắp xomg con gái đã chiếm chỗ xếp đồ chơi lên :)",5,positive,rating_5,19,valid
sent_000451,"Nhậ hàng nhanh hơn dự kiến, lắp xong rất hài lòng, với giá tiền như vậy phù hợp chứ ko hề mắc",5,positive,rating_5,22,train
sent_000452,"Kệ gỗ đẹp, dán dày đúng mô tả, chất lượng tốt, cho 5 sao",5,positive,rating_5,14,train
sent_000453,ok ngon,4,positive,rating_4,2,test
sent_000454,"Kệ đẹp, dễ lắp, chịu khó nhìn hình và phân loại miếng gỗ ra trước rồi lắp, nếu ko sẽ loay hoay hơi lâu",5,positive,rating_5,24,train
sent_000455,"Mua 3 cái rồi, lúc nào cũng ok cả, vận chuyển cẩn thận dù hàng nặng",4,positive,rating_4,16,test
sent_000456,"Tủ sách xinh lắm luôn, lắp rắp cũng dễ dàng",5,positive,rating_5,10,train
sent_000457,Kệ rất chắc chắn,5,positive,rating_5,4,train
sent_000458,"Sản phẩm bọc ky càng, lắp lên rất ưng ý, nhìn me luôn",5,positive,rating_5,13,train
sent_000459,thích ơi là thích,5,positive,rating_5,4,test
sent_000460,Có 3 miếng ván thiếu chỗ khoan,2,negative,rating_2,7,train
sent_000461,Bạn Shipper rất nhiệt tình nếu có chấm sao cho shipper thì cho bạn 5*,5,positive,rating_5,15,valid
sent_000462,"Dễ lắp ráp, khá nặng tay, chắc chắn",5,positive,rating_5,8,train
sent_000463,"Sản phẩm đẹp, dễ lắp đặt, mình rất ưng ý",5,positive,rating_5,10,train
sent_000464,Kệ sách quá đẹp,5,positive,rating_5,4,train
sent_000465,Kệ rất đẹp và dễ lắp ráp ạ,5,positive,rating_5,8,train
sent_000466,"Giá sách rất chắc chắn, đẹp, dễ lắp đặt",5,positive,rating_5,9,train
sent_000467,Sản phẩm tốt các mảnh ghép để lắp ráp rất dễ dàng,5,positive,rating_5,12,train
sent_000468,"Tiki đóng gói cẩn thận, kệ đẹp dễ lắp ráp, nhìn hình mình tưởng cao, thực tế thì ko cao vừa tầm các bạn nhỏ nhà mình",5,positive,rating_5,27,train
sent_000469,"Kệ rất đẹp, đóng gói cẩn thận, dễ lắp, nói chung là rất ưng",5,positive,rating_5,14,train
sent_000470,Một trong những lần mua hàng đúng nhất của mình là cái kệ này,5,positive,rating_5,14,train
sent_000471,"Xinh thấy má luôn đó trời ơi 😭 đáng tiền lắm ạ, ship còn nhanh nữa e cảm ơn nha",5,positive,rating_5,20,train
sent_000472,"kệ đơn giản và đẹp, khá chắc chắn",5,positive,rating_5,8,valid
sent_000473,Kệ đẹp và chắc chắn,5,positive,rating_5,5,valid
sent_000474,Đẹp lắm! Bạn nào mua sp này thì đảm bảo có máy bắn vít sẵn nhe! Nếu vẵn tay bằng tuốc nơ vít thì hoi đấy😎😎😎,5,positive,rating_5,26,train
sent_000475,Có vài chỗ bị tróc sơn nhưng với giá như vậy thì cũng tạm ổn,2,negative,rating_2,15,train
sent_000476,"Hàng giao bị móp góc (2 thùng bị móp 1 thùng), không biết là có đổi thùng hàng khác được không",2,negative,rating_2,21,train
sent_000477,"Rất hài lòng về sản phẩm, gỗ chắc chắn nhìn đẹp giá cả hợp lý",5,positive,rating_5,15,test
sent_000478,"kệ đẹp, giao hàng sớm hơn dự kiến, giá thành quá ok so voi sản phẩm khác",5,positive,rating_5,17,valid
sent_000479,"Sản phẩm y như hình, ván gỗ chắc chắn, màu sơn đẹp, rất đáng mua",5,positive,rating_5,15,train
sent_000480,"Giá cả hợ lý,shipper thân thiện,hàng gói cẩn thận,rất đảng mua ^^ sẽ tiếp tục ủng hộ Tiki",5,positive,rating_5,18,test
sent_000481,Mua về tuy không đẹp như trên hình nhưng suy nghĩ cho cùng thì với giá như vậy chất lượng của sản phẩm đủ dùng,3,neutral,rating_3,25,test
sent_000482,"Tủ đẹp, cứng cáp",5,positive,rating_5,4,train
sent_000483,"sản phẩm giống hình, chất lượng so với giá",5,positive,rating_5,9,train
sent_000484,"Kệ gỗ đẹp, chắc chắn",5,positive,rating_5,5,train
sent_000485,"Giao hàng nhanh, hàng chất lượng! Loay hoay vài tiếng cũng xong sản phẩm này 🥰",5,positive,rating_5,16,test
sent_000486,"Kệ khá đẹp, nhưng sản phẩm bị cấn bể 2 góc, mỗi góc khoảng 2cm",3,neutral,rating_3,15,train
sent_000487,"Ván gỗ nặng, chắc chắn, dễ lắp ráp",5,positive,rating_5,8,train
sent_000488,"Hàng đúng như hình, đủ gỗ và đủ ốc vít, chỉ cần chịu khó tự gắn vô là ok",4,positive,rating_4,19,train
sent_000489,Kệ sách đẹp - thiết kế hiện đại - Giá cả hợp lý,5,positive,rating_5,13,train
sent_000490,"Chất lượng tương đối tốt, có hướng dẫn rõ ràng, đóng gói kỹ, nếu cao lên thêm 1 ô nữa thì đẹp khỏi nói",4,positive,rating_4,24,train
sent_000491,"Kệ giao nhanh, đóng gói gói cẩn thận, ráp lên rất chắc chặc",5,positive,rating_5,13,train
sent_000492,Gỗ ép nhưng nhìn cũng đẹp và hợp với giá tiền! Có hướng dẫn cách lắp ráp cụ thể,5,positive,rating_5,19,valid
sent_000493,Giao hàng tikinow 2-3h nhung trể hẹn 1 ngày mà không thông báo,2,negative,rating_2,13,train
sent_000494,Có một chút lỗi trong sản phẩm nhưng Tiki đã hỗ trợ giải quyết thành công,2,negative,rating_2,16,train
sent_000495,"Sản phẩm tốt, thiết kế đẹp",5,positive,rating_5,6,train
sent_000496,Sản phẩm lắp ráp dễ dàng và chắc chắn,5,positive,rating_5,9,train
sent_000497,"Mình kệ màu trắng cho hợp màu tường nhà, rất xinh và chắc chắn",5,positive,rating_5,14,train
sent_000498,"Giao hàng chậm hơn dự kiến, sản phẩm rất hợp giá tiền, ko khó lắp ráp lắm",3,neutral,rating_3,17,train
sent_000499,Hàng đẹp và gói cẩn thận,5,positive,rating_5,6,train
sent_000500,"quá tuyệt vời, kệ chắc chắn, màu sắc trang nhã, giá tốt và nhân viên giao hàng tuyệt vời",5,positive,rating_5,19,train
sent_000501,"Kệ đẹp, chất lượng tốt, giao hàng nhiệt tình",5,positive,rating_5,9,train
sent_000502,"Kệ dễ lắp ráp, đẹp, chắc chắn, giá rẻ hơn các nhà cung cấp khác",5,positive,rating_5,15,test
sent_000503,"đóng gói cẩn thận, giao hàng đúng hẹn, sản phẩm ok với giá",4,positive,rating_4,13,valid
sent_000504,"sản phẩm ok trong tầm giá,tự lắp mất khoảng 45p thích món đồ kiểu tự tap ráp như thế này",4,positive,rating_4,20,train
sent_000505,"Sử dung rất tốt, khá hài lòng",5,positive,rating_5,7,train
sent_000506,Giá sách rất chắc chắn,5,positive,rating_5,5,train
sent_000507,"khá chắc chắn, gỗ đẹp, giao nhanh, dùng tí iq để lắp chứ hơi rối",5,positive,rating_5,15,valid
sent_000508,"Chất lượng rất đánh để mua, vừa túi tiền",5,positive,rating_5,9,train
sent_000509,gỗ rất dày,5,positive,rating_5,3,train
sent_000510,Sản phẩm quá ok,5,positive,rating_5,4,train
sent_000511,Tiki đóng hàng rất cẩn thận nên kệ sách của mình không bị sứt mẻ gì,5,positive,rating_5,16,train
sent_000512,đẹp nhưng các mảnh vít ốc lại thì k nhẵn nói chung 400k như vậy thì ok rồi,3,neutral,rating_3,18,train
sent_000513,"Tủ rất đẹp! Mình rất ưng ý! Độ dày khoảng 1 cm, chắc chắn",5,positive,rating_5,14,train
sent_000514,tủ đẹp nhưng bị mẻ một góc hơi thất vọng nhưng cho 4sao vì giao hàng nhanh and shipper dth,4,positive,rating_4,20,valid
sent_000515,"thiết kế đẹp, nhưng ngăn nhỏ không để được sách ngang là hơi bất tiện",3,neutral,rating_3,15,valid
sent_000516,"Hàng gia công ổn, chi tiết tốt, vận chuyển thì vẫn như thường tiki luôn đúng hạn hoặc sớm hơn",5,positive,rating_5,20,train
sent_000517,"sản phẩm giao về bị thương vài chỗ, không ảnh hưởng lắm, chất lượng tạm chấp nhận được so với giá thành",2,negative,rating_2,22,train
sent_000518,"mình mới đặt mua nhưng khi mở ra không thấy gói ốc vít đâu, giờ sao lắp ráp? Giao rời hay trong hộp cũng kệ sách?",1,negative,rating_1,26,train
sent_000519,"Đẹp, đóng gói kỹ, chỉ là hướng dẫn kèm theo không chi tiết lắm nên khi ráp hơi lâu",4,positive,rating_4,19,valid
sent_000520,"Hơi mất công lắp ráp, và cần đến 2 ng để lắp được nhưng kệ chắc chắn và đẹp",4,positive,rating_4,19,train
sent_000521,"Gỗ tốt, đẹp",4,positive,rating_4,3,test
sent_000522,sản phẩm ý hình mỗi tội thiếu 1 con ốc nhưng ko ảnh hưởng nhiều,2,negative,rating_2,15,train
sent_000523,màu vân gỗ đẹp,4,positive,rating_4,4,valid
sent_000524,"sản phẩm chắc chắn, đẹp dễ lắp ráp",5,positive,rating_5,8,test
sent_000525,giao hàng nhanh sản phẩm như hình với giá 485k mà được cái kệ sách như vầy thì còn gì bằng,5,positive,rating_5,21,train
sent_000526,"Dễ tháo lắp, vận chuyển, nhỏ gọn",5,positive,rating_5,7,train
sent_000527,Mẫu đơn giản mà đẹp,5,positive,rating_5,5,train
sent_000528,"Chất lượng sản phẩm ok, có hướng dẫn lắp ghép và ốc vít đầy đủ",5,positive,rating_5,15,train
sent_000529,"Hàng đẹp, lắp ráp đơn giản",5,positive,rating_5,6,test
sent_000530,Sản phẩm chất lượng,4,positive,rating_4,4,train
sent_000531,"hàng cực xinh ạ, vân gỗ rất đẹp",5,positive,rating_5,8,test
sent_000532,Cập kênh quá,1,negative,rating_1,3,train
sent_000533,"kệ sách rất đẹp, chịu khó ráp thì giá mềm hơn khi mua ngoài thị trường và cửa hàng ráp sẵn",5,positive,rating_5,21,valid
sent_000534,"Kệ sách đẹp, chắc chắn, dễ lắp ráp",5,positive,rating_5,8,train
sent_000535,"Dễ lắp ráp, chắc chắn, rất đáng mua, mình là nữ nhưng vẫn lắp được nên mọi người yên tâm mua nha",5,positive,rating_5,22,train
sent_000536,kệ đẹp chỉ có 3-4 tấm bị bong lớp màu ở góc có nhiều tấm xướt và có khá nhiều bụi?? cj giao hàng cute,4,positive,rating_4,25,train
sent_000537,"Đáng lẽ phải khoan lỗ so le, đằng này khoan song song nhau làm m chỉ ráp được ngăn cuối",2,negative,rating_2,20,train
sent_000538,kệ y hình,3,neutral,rating_3,3,train
sent_000539,gỗ đẹp nhưng bị lỗi sai lỗ khoan để bắt vít,3,neutral,rating_3,11,train
sent_000540,"Kệ chắc chắn, dễ lắp ráp, mua về để được nhiều món đồ linh tinh chứ ko riêng gì để sách 😁",5,positive,rating_5,22,train
sent_000541,"Có vài tấm thiếu lỗ khoan, nhưng bù lại giao hàng nhanh và đẹp, cho 5 sao nhé!!",4,positive,rating_4,18,valid
sent_000542,"Phần gốc có hơi bị lỗi xíu mà thấy cũng ok, chấp nhận dc, thu phí giao hàng cồng kềnh hơi mắc, vì mk ơn",2,negative,rating_2,25,train
sent_000543,"mọi thứ khá ổn, lâu dài ms biết bền hay ko chứ rẻ quá rẻ rồi",5,positive,rating_5,16,train
sent_000544,"Kệ sách đẹp, chắc chắn, giao hàng nhanh",5,positive,rating_5,8,train
sent_000545,"Sản phẩm đẹp, chắc, dễ lắp ráp, vừa túi tiền nhưng thời gian giao hàng chậm hơn dự kiến",4,positive,rating_4,19,train
sent_000546,K nghĩ với 600k có thể có cái kệ hài lòng đến thế! hi vọng bền nữa lại càng yêu😊😊,5,positive,rating_5,20,train
sent_000547,"Sản phẩm tốt ngoài mong đợi, gỗ đẹp và dầy",5,positive,rating_5,10,train
sent_000548,Chất lượng sản phẩm ok so với giá tiền,4,positive,rating_4,9,train
sent_000549,"Chất lượng sản phẩm tuyệt vời, thời gian giao hàng nhanh, phụ kiện đầy đủ",5,positive,rating_5,15,test
sent_000550,"Với giá 560k thì sản phẩm này đạt yêu cầu, gỗ công nghiệp nhưng cũng đủ cứng cáp và dùng được trong nhà",3,neutral,rating_3,23,train
sent_000551,"Gói hàng kỹ, giao hàng tận tình",5,positive,rating_5,7,test
sent_000552,"Giá sách chắc chắn, đẹp",5,positive,rating_5,5,test
sent_000553,"Sản phẩm đóng gói cẩn thận, đẹp",5,positive,rating_5,7,train
sent_000554,"Kệ gỗ cứng cáp, nhìn mẫu mã khá đẹp",5,positive,rating_5,9,train
sent_000555,Mình nhận được kệ sớm hơn dự kiến 2 ngày,4,positive,rating_4,10,valid
sent_000556,"Kệ đẹp, chất lượng phù hợp giá tiền",5,positive,rating_5,8,train
sent_000557,"Kệ đẹp lắm , bao bì rất kỹ nhân viên, giao hàng , dể thương quá, đề nghị khen thưởng,dể lắp ráp, đáng tiền",5,positive,rating_5,24,train
sent_000558,Kệ khá chắc chắn,4,positive,rating_4,4,train
sent_000559,sản phẩm giao nhanh,4,positive,rating_4,4,train
sent_000560,"Tốt, tiki giao hàng rất nhanh như 1 cơn gió",5,positive,rating_5,10,train
sent_000561,"Hàng đẹp, đóng gói tốt",5,positive,rating_5,5,train
sent_000562,"Giá sách ok, có hướng dẫn lắp ráp kệ kèm theo dễ dàng",5,positive,rating_5,13,test
sent_000563,"kệ rất đẹp, chắc chắn, shop đóng gói hàng cẩn thận, giáo hàng nhanh",5,positive,rating_5,14,test
sent_000564,"Kệ đẹp, lắp rắp dễ dàng, nhanh gọn, mình là con gái gắn tầm 20p là xong",5,positive,rating_5,17,train
sent_000565,"Giao hàng cực nhanh, ghi là t5 nhưng t2 đã nhận đc",5,positive,rating_5,12,train
sent_000566,"Kệ đẹp, chắc chắn",5,positive,rating_5,4,valid
sent_000567,"Đã mua cái thứ 2, sp ok nhưng mình nghĩ ốc ở phía đặt xuống nền nên thiết kế sâu vô để đỡ khập khiểng",2,negative,rating_2,25,train
sent_000568,"Sản phẩm hình như mô tả, chất liệu đẹp",4,positive,rating_4,9,train
sent_000569,"hàng chắc chắn, lắp ráp nhah, mua về lắp xog vừa y ngay góc tườg",5,positive,rating_5,15,train
sent_000570,"Tủ đẹp, có hướng dẫn lắp ráp, nhưng không có ốc vít kèm theo",4,positive,rating_4,14,test
sent_000571,"Mình rất vừa ý sản phẩm này, lỗ khoan không bị sai lệch như các comment trước",5,positive,rating_5,17,train
sent_000572,kệ sách rất ưng ý,5,positive,rating_5,5,test
sent_000573,"có vấn đề ở ván cuối cùng, các lỗ khoan không khớp",2,negative,rating_2,12,train
sent_000574,"Lắp hơi cực, mình loay hoay cả buổi mới xong",2,negative,rating_2,10,train
sent_000575,"Mua thử 1 cái và thấy khá tốt, nên sẽ mua thêm",4,positive,rating_4,12,test
sent_000576,Chất lượng so với giá ok! Đóng gói rất gọn gàng cẩn thận!,5,positive,rating_5,13,test
sent_000577,"Hình thức, mẫu mã đẹp",5,positive,rating_5,5,valid
sent_000578,"Sản phẩm đẹp, chắc chắn, dễ lắp ráp",5,positive,rating_5,8,train
sent_000579,"Kê siêu đẹp luôn,giá còn rẻ so với nhiều chỗ,có dịp sẽ ủng hộ tiki tiếp",5,positive,rating_5,16,valid
sent_000580,"Sản phẩm y hình, rất dễ lắp ráp",5,positive,rating_5,8,train
sent_000581,"Hàng đúng mô tả, giao nhanh, đóng gói kỹ 2 lớp nilon 1 lớp carton và có bịt đầu nilon",5,positive,rating_5,20,test
sent_000582,"Kệ sách đẹp, khá chắc chắn và giá cả quá hợp lý, tôi rất ưng ý về SP này, cảm ơn tiki nhiều!",5,positive,rating_5,23,test
sent_000583,"giao hàng nhanh, đóng gói cận thân, chất liệu tốt so với giá hàng",5,positive,rating_5,14,train
sent_000584,"Giá cả phải chăng, kệ đẹp, chắc chắn, mình mua đợt sale nhưng màu nâu gỗ thì lại hết hàng hơi tiếc",5,positive,rating_5,22,valid
sent_000585,"kệ nhìn chắc chắn, tuy nhiên giá rẻ nên sản phẩm theo giá cả, có khả năng sử dụng được 1 năm",4,positive,rating_4,22,train
sent_000586,Giá sách ko thực sự quá chắc chắn như mình nghĩ nhưng với giá dao động xung quanh 580k thì khá là hài lòng,3,neutral,rating_3,24,train
sent_000587,ván ép dày và nặng,4,positive,rating_4,5,train
sent_000588,"Lắp ráp dễ dàng, giao hàng rất nhanh",5,positive,rating_5,8,train
sent_000589,Chất lượng sản phẩm tốt giao hàng ok chỉ có điều hơi trầy nhẹ 1 góc thôi,4,positive,rating_4,17,valid
sent_000590,"Sản phẩm chắc chắn, tốt đẹp hơn mong đợi",5,positive,rating_5,9,train
sent_000591,"chất lượng tuyệt vời, màu đẹp và cảm giác rất chắc chắn",5,positive,rating_5,12,test
sent_000592,"Kệ đẹp đúng như hình chắc chắn , mua ngay lúc khuyến mãi giá quá tốt , cảm ơn chương trình của shop",5,positive,rating_5,23,train
sent_000593,"Sản phẩm đẹp, chắc chắn hơn so với giá tiền! Rất đáng mua, tiki giao hàng nhanh chóng! Thưởng 5 stars!!!!",5,positive,rating_5,21,train
sent_000594,Chất lượng gỗ rất tốt,5,positive,rating_5,5,train
sent_000595,"Kệ gỗ đẹp như hình, tiki giao hàng nhanh, đẹp hơn mong đợi",5,positive,rating_5,13,test
sent_000596,"Kệ sách đẹp, chắc chắn, rẻ so với giá tiền",5,positive,rating_5,10,train
sent_000597,"Sản phẩm y như hình, rất đẹp, đóng gói rất cẩn thận, giao hàng nhanh, rất hài lòng về sản phẩm",5,positive,rating_5,21,train
sent_000598,"Sản phẩm tốt hơn kì vọng, dễ dàng lắp ráp",5,positive,rating_5,10,train
sent_000599,"Rất hài lòng với sản phẩm nhân được và đã mua thêm 2 kệ, trọn bộ đã mua 3 kệ",5,positive,rating_5,20,train
sent_000600,hàng tốt với mứa giá mình mua 😉,5,positive,rating_5,8,train
sent_000601,2 miếng bị ngắn đã liên hệ Tiki Care,2,negative,rating_2,9,train
sent_000602,Kệ chắc chắn đẹp mà rất nặng luôn,4,positive,rating_4,8,train
sent_000603,"Kệ đẹp, chắc chắn, lắp dễ dàng",5,positive,rating_5,7,train
sent_000604,Tiki giao hàng nhanh hơn dự kiến,4,positive,rating_4,7,test
sent_000605,hàng nhận đúng như hình,3,neutral,rating_3,5,train
sent_000606,"Sản phẩm đúng theo mô tả, mình rất thích, hàng nặng nhưng nhân viên giao hàng rất nhiệt tình",5,positive,rating_5,19,train
sent_000607,"sản phẩm ok, lắp ghép dễ dàng",5,positive,rating_5,7,train
sent_000608,"Gỗ tốt chất lượng nhưng nếu có đính kém sơ đồ lắp ráp thì OK, mò lâu quá",4,positive,rating_4,18,train
sent_000609,"Hàng nhận về y hình, rất đẹp, ráp khá đơn giản nên chỉ cần 30p là xong 😅",5,positive,rating_5,18,train
sent_000610,"Sp đẹp, ráp hơi cực nhưng mà thành phẩm ok",4,positive,rating_4,10,train
sent_000611,"Đây là kệ thứ 2 mình mua từ IGEA, rất ưng",5,positive,rating_5,11,train
sent_000612,"Lần thứ 2 mua hàng, quá tốt và uy tín",5,positive,rating_5,10,train
sent_000613,"Mình giao về tỉnh nhưng nhận hàng khá nhanh, bạn giao hàng hỗ trợ tốt",5,positive,rating_5,15,valid
sent_000614,"sản phẩm đẹp, chất lượng",5,positive,rating_5,5,valid
sent_000615,dễ lắp và gọn,5,positive,rating_5,4,train
sent_000616,"giao hàng nhanh,người giao hàng vui vẻ,nhiệt tình",5,positive,rating_5,8,train
sent_000617,hài lòng với sản phẩm này,5,positive,rating_5,6,test
sent_000618,Sản phẩm đẹp,4,positive,rating_4,3,train
sent_000619,"M đặt có 1 hôm đã giao hàng ngay, kệ lắp khá đơn giản, m là phụ nữ nên mất 1 tiếng để hoàn thành",5,positive,rating_5,25,test
sent_000620,"Hơi khó lắp rắp vì sơ đồ không rõ ràng, nếu có thêm đánh số từng thanh gỗ thì sẽ lắp dễ hơn",2,negative,rating_2,23,test
sent_000621,"Mua với giá hơn 500k thấy hợp lý, dễ lắp ráp, các chi tiết đều chuẩn, ván ép ko hề lỗi chênh/méo",5,positive,rating_5,22,valid
sent_000622,"Tốt, rẻ, đẹp, mất 60p để ráp và ráp cũng dễ, hình như cho thiếu 01 con ốc",5,positive,rating_5,18,train
sent_000623,"hàng ok, bị rớt móp hết 2 góc nhỏ",3,neutral,rating_3,9,test
sent_000624,"Lắp ráp khá dễ, gỗ chắc chắn, số lượng vít vừa đủ, không thừa không thiếu 1 con vít",5,positive,rating_5,19,test
sent_000625,"Kệ lắp đặt dễ, mất chừng 15 phút để hoàn thành",4,positive,rating_4,11,train
sent_000626,Kệ đẹp giá cả hợp lí,5,positive,rating_5,6,train
sent_000627,Vì cồng kềnh nên giao hành chậm hơn dự kiến,2,negative,rating_2,10,train
sent_000628,"kệ chắc chắn, dễ dàng lắp ráp",5,positive,rating_5,7,train
sent_000629,Giao hàng nhanh đống gói kỹ lưỡng chắc chắn mẫu mà đẹp rất hài lòng,5,positive,rating_5,15,train
sent_000630,Khá dễ lắp ghép~ giao hàng nhanh hy vọng khi sử dụng sẽ k gặp vấn đề gì :)),5,positive,rating_5,19,train
sent_000631,"Kệ đẹp và chắc chắn, lắp xong kê lên hơi cập kênh nhưng sau đó ok luôn",4,positive,rating_4,17,train
sent_000632,"Kệ đẹp, gỗ chắc, tải được sách nặng",5,positive,rating_5,8,train
sent_000633,"Gỗ đẹp, dễ lắp ráp, lỗ khoan đúng vị trí",5,positive,rating_5,10,train
sent_000634,"đẹp láp ráp dễ,chắc chắn rất đáng đồng tiền! anh giao hàng dễ thươg",5,positive,rating_5,14,valid
sent_000635,Sản phẩm quá ổn với tầm giá này,5,positive,rating_5,8,train
sent_000636,"Tủ đẹp, ốc và khớp nối khớp nhau ko bị vênh",5,positive,rating_5,11,train
sent_000637,mặc dù không để được nhiều sách lắm nhưng nói chung mình thấy được,3,neutral,rating_3,14,valid
sent_000638,"Kệ gỗ chắc chắn, mình mua giá 584k, quá rẻ ạ, đựng đồ chơi sách truyện của con gọn gàng",5,positive,rating_5,20,train
sent_000639,"Kệ tốt, chắc chắn, dễ lắp",5,positive,rating_5,6,train
sent_000640,"kệ sách rất đẹp và chắc chắn, dễ lắp ráp, con gái cũng lắp đc",5,positive,rating_5,15,valid
sent_000641,"Sản phẩm chắc chắn, có hướng dẫn lắp ráp; đóng gói sản phẩm cũng rất chắc chắn, gọn gàng",5,positive,rating_5,19,train
sent_000642,Rất hài lòng với sản phẩm của shop và Tiki,5,positive,rating_5,10,test
sent_000643,"giá hợp lý, chất lượng tương đương giá tiền, chắc chắn nhưng hơi nặng",4,positive,rating_4,14,train
sent_000644,"KỆ GIỐNG HÌNH, dễ lắp ráp",4,positive,rating_4,6,train
sent_000645,"Khá ổn so với giá thành, đóng gói kỹ, nhưng nhà cung cấp lười lau chùi sản phẩm quá nên hơi bụi",4,positive,rating_4,22,train
sent_000646,"Hàng đẹp mọi người nên mua nha, giá thấy cũng hợp lí nữa :D",5,positive,rating_5,14,valid
sent_000647,Giá tốt so với chất lượng nhé,4,positive,rating_4,7,train
sent_000648,Hàng đẹp nhưng hướng dẫn sử dụng quá đơn giản làm mất thời gian người dùng khi gắn kệ,3,neutral,rating_3,19,test
sent_000649,Hàng đóng gói cẩn thận,4,positive,rating_4,5,train
sent_000650,Sản phẩm cứng cáp,4,positive,rating_4,4,train
sent_000651,Hàng dễ lắp đặt,4,positive,rating_4,4,valid
sent_000652,"Kệ sách rất đẹp, phù hợp với túi tiền",5,positive,rating_5,9,train
sent_000653,Rất hài lòng với sp dao hàng nhanh hơn so với du kiến cảm ơn Tiki sẽ ủng hộ tiki dài dài Ad,5,positive,rating_5,23,test
sent_000654,lúc nhận dc hơi bất ngờ nhưng chung quy lại hàng rất đẹp phù hợp túi tiền nhé ^^,5,positive,rating_5,19,train
sent_000655,"Mới nhận hàng chiều nay, mở ra đã bị sứt mẻ",2,negative,rating_2,11,test
sent_000656,Góp ý: Chân kệ sách nên làm loại vít vặn thay thì đóng đinh thì sẽ dễ dàng lắp hơn nhiều,2,negative,rating_2,21,train
sent_000657,Giao hàng sớm hơn dự kiến,4,positive,rating_4,6,train
sent_000658,Mình rất hài lòng về kệ,5,positive,rating_5,6,train
sent_000659,"Kệ đẹp, nếu nhà cung cấp đánh số thứ tự lắp thì sẽ hoàn hảo hơn!",4,positive,rating_4,16,train
sent_000660,"kệ đẹp, chắc chắn, chất liệu tốt, chất lượng rất cao trong mức giá này",5,positive,rating_5,15,train
sent_000661,Hàng rất đẹp (tuy thiếu 1 ốc vít) nhưng vẫn chuẩn đẹp như giới thiệu,4,positive,rating_4,15,valid
sent_000662,"Giao hàng đúng hẹn, kệ sách dễ lắp ráp, giống hình ảnh thực tế",5,positive,rating_5,14,train
sent_000663,"tốt hơn mong dợi, cứng cáp chắc chắn đáng mua",5,positive,rating_5,10,train
sent_000664,Dể lắp ráp Mình là con gái vẫn có thể lắp được,4,positive,rating_4,12,valid
sent_000665,"sản phẩm đúng mô tả, đẹp, không biết chất lượng thế nào, dùng được vừa giá tiền",4,positive,rating_4,17,train
sent_000666,"Rất dễ lắp ráp , kệ đẹp lắm luôn í vừa túi tiền của mình nữa đó",5,positive,rating_5,17,train
sent_000667,"Đẹp-để được nhiều sách, phù hợp với không gian nhà nhỏ! Rất thích",5,positive,rating_5,13,train
sent_000668,"Sản phẩm đẹp, dễ lắp ráp",5,positive,rating_5,6,train
sent_000669,"Kệ sách đẹp, rất tiện lợi và chắc chắn",5,positive,rating_5,9,train
sent_000670,"sản phẩm rất tốt, màu sắc bắt mắt, chất liệu tốt và các lỗ khoan đúng vị trí",5,positive,rating_5,18,train
sent_000671,"Giá rẻ, giao hàng nhanh, chất lượng quá tốt",5,positive,rating_5,9,test
sent_000672,"Sản phẩm đúng như mô tả, tôi hài lòng với sản phẩm trong tầm giá",4,positive,rating_4,15,train
sent_000673,"hàng tốt trong tầm giá, dễ dàng lắp ráp, chắc chắn, đáng mua",5,positive,rating_5,13,train
sent_000674,Tôi hài lòng về kiểu dáng của Kệ Sách Đa Tầng Để Sàn trong thanh lịch và gọn gàng,5,positive,rating_5,19,train
sent_000675,"Giao hàng đúng hẹn, hàng đẹp , dễ lắp ráp",5,positive,rating_5,10,train
sent_000676,khá ổn,4,positive,rating_4,2,train
sent_000677,Vận chuyển hơi bị bể tí,2,negative,rating_2,6,test
sent_000678,Kệ dày dặn chắc chắn,5,positive,rating_5,5,valid
sent_000679,Hướng dẫn hơi ít nhưng ghép xong thì mình vô cùng hài lòng với kệ sách của mình :)),4,positive,rating_4,19,train
sent_000680,"Nhân viên giao hàng vui vẻ, nhiệt tình",5,positive,rating_5,8,train
sent_000681,"Rất dễ lắp ráp, hàng chắc chắn, sẽ mua hàng tiếp nếu có nhu cầu",5,positive,rating_5,15,train
sent_000682,"Kệ sách cực kỳ đẹp, dù có lỗi ơr phần lỗ bắn nhưng giá quad rẽ cho một lệ sách đẹp",4,positive,rating_4,21,train
sent_000683,"rất đẹp, đáng đồng tiền bát gạo",5,positive,rating_5,7,train
sent_000684,Giao hàng không đúng thời gian làm mất công đòi lại phí giao hàng nhanh,2,negative,rating_2,15,train
sent_000685,"Kệ đẹp, để được nhiều đồ, trang trí giúp phòng thêm sang, sáng",5,positive,rating_5,13,train
sent_000686,"Kệ sách khá đẹp và chắc chắn, lắp ráp trong khoảng 30 phút",5,positive,rating_5,13,test
sent_000687,"Chất lượng tốt, đẹp, giao hàng nhanh và rất cẩn thận",5,positive,rating_5,11,train
sent_000688,"Ngồi loay hoay mãi mới xong cái kệ, ưng ý cực kỳ, cảm ơn shop ^^",5,positive,rating_5,16,test
sent_000689,thất vọng,1,negative,rating_1,2,valid
sent_000690,"kệ sách quá đẹp, giao hàng quá nhanh luôn",5,positive,rating_5,9,train
sent_000691,"Kệ tốt để được nhiều đồ , phụ nữ ở một mình nên nhờ người tới phụ ráp",5,positive,rating_5,18,train
sent_000692,"Kệ sách dễ lắp ráp, cực kỳ tiện lợi",5,positive,rating_5,9,train
sent_000693,"kệ sách như hình shop đăng lên, đẹp và chắc chắn",5,positive,rating_5,11,train
sent_000694,"Sản phẩm có màu như hình, chất lượng như quảng cáo",3,neutral,rating_3,11,train
sent_000695,"Đẹp lắm, mình rất thik",5,positive,rating_5,5,train
sent_000696,Khá ổn nhưng thô quá nên cho miếng dán vào chỗ ăn đinh,3,neutral,rating_3,13,test
sent_000697,Hàng ngon giá phù hợp,5,positive,rating_5,5,train
sent_000698,"Chất lượng tốt, mua 2 kệ tổng 813k bao gồm phí ship",4,positive,rating_4,12,train
sent_000699,"hàng đẹp, độ chính xác cao, dễ dàng lắp chỉ với 1 phụ nữ và 1 tô vít 4 cạnh :)",5,positive,rating_5,21,train
sent_000700,"Kệ hợp giá tiền, chắc chắn, và hợp nhãn",5,positive,rating_5,9,valid
sent_000701,Tốt và đẹp,5,positive,rating_5,3,train
sent_000702,"Kệ này mình rất thích, là con gái nhưng mình vẫn tự đóng tủ đc",5,positive,rating_5,15,valid
sent_000703,"Hàng giao dúng thời gian, y hình, nhân viên giao hàng nhiệt tình",5,positive,rating_5,13,train
sent_000704,Sp chắc chắn mà rẻ,5,positive,rating_5,5,test
sent_000705,"Rất đẹp và chắc chắn,kệ sách đựng được nhiều sách",5,positive,rating_5,10,train
sent_000706,Sản phẩm giống với mô tả,3,neutral,rating_3,6,train
sent_000707,"Sản phẩm tốt, mẫu đẹp",5,positive,rating_5,5,valid
sent_000708,Đóng gói cẩn thận,4,positive,rating_4,4,valid
sent_000709,Chất lượng phù hợp với giá bán,4,positive,rating_4,7,valid
sent_000710,"ổn, đúng như hình",4,positive,rating_4,4,valid
sent_000711,hàng tốt lắm,5,positive,rating_5,3,train
sent_000712,rất đẹp,5,positive,rating_5,2,train
sent_000713,Dễ lắp đặt sản phẩm giống hình hướng dẫn lắp đặt chi tiết hơn nói chung là vui lòng,4,positive,rating_4,19,valid
sent_000714,"De ráp, rẻ mà chất lượng, rất chắc chắn",5,positive,rating_5,9,train
sent_000715,"Xịn xò, giá rẻ, dễ lắp ráp, giao nhanh",5,positive,rating_5,9,train
sent_000716,"Hàng đóng gói cẩn thận, khá nặng",5,positive,rating_5,7,train
sent_000717,"kệ đẹp, dễ lắp, giao hàng trước ngày dự kiến",5,positive,rating_5,10,train
sent_000718,"Good, Giao sớm 1 ngày, đóng gói cẩn thận, kệ đẹp nhưng hơi bụi bẩn nhưng ko sao",4,positive,rating_4,18,train
sent_000719,Hàng đẹp như hình mẫu,4,positive,rating_4,5,train
sent_000720,"Kệ tương đối chắc, dễ lắp ráp",5,positive,rating_5,7,train
sent_000721,"Kệ đẹp, có hơi trầy xước nhưng ở mặt chấp nhận được",3,neutral,rating_3,12,train
sent_000722,Giao trước dự kiến 1 tuần,4,positive,rating_4,6,train
sent_000723,"Chất liệu tốt, chắc chắn, dày dặn, lắp dễ dàng bắt vít chính xác, nên mua giá tốt",5,positive,rating_5,18,train
sent_000724,"kệ xinh, lắp đặt dễ nhưng các ngăn nối không khít nhau lắm",4,positive,rating_4,13,valid
sent_000725,Mặt gỗ nhẵn nhụi rất đẹp nhưng có mấy lỗ bị lệch khó lắp,3,neutral,rating_3,14,train
sent_000726,"Rất đẹp, dễ lắp ráp",5,positive,rating_5,5,valid
sent_000727,Kệ lắp ráp cũng dễ dàng và chứa được nhiều sách đủ kích cỡ,5,positive,rating_5,14,test
sent_000728,"Hang giao nhanh , dong goi can than , chat luong so ok",5,positive,rating_5,13,test
sent_000729,kệ rất chắc chắn nhưng nên làm hướng dẫn sử lắp ráp chi tiết dễ hiểu hơn,4,positive,rating_4,17,train
sent_000730,Tôi thấy chất lượng rất tốt,5,positive,rating_5,6,train
sent_000731,"kệ đẹp, cứng cáp, lắp ráp dễ, quá được số với giá tiền",5,positive,rating_5,13,test
sent_000732,Hàng rất đẹp và chuẩn,5,positive,rating_5,5,train
sent_000733,"Chất lượng ván kém, không nên vặn chặt vít vì sẽ hư ván",1,negative,rating_1,13,train
sent_000734,mình đã mua tới tận 4 giá để kê đồ để tiết kiệm không gian và rất ưng ý với sp,5,positive,rating_5,21,train
sent_000735,Kệ sạch đẹp và chắc chắn,5,positive,rating_5,6,valid
sent_000736,"Sản phẩm đẹp, chắc chắn, lắp ráp dể dàng",5,positive,rating_5,9,train
sent_000737,Kệ sách màu trắng rất đẹp,5,positive,rating_5,6,test
sent_000738,"tiki giao hàng nhanh, chất lượng sp rất ok",5,positive,rating_5,9,train
sent_000739,"Mẫu mã dễ nhìn, gọn gàng",5,positive,rating_5,6,train
sent_000740,khá hài lòng,4,positive,rating_4,3,train
sent_000741,hàng phù hợp với giá,4,positive,rating_4,5,valid
sent_000742,"Kệ đẹp , giá rẻ , có bản vẽ dễ dàng lắp ghép",5,positive,rating_5,13,train
sent_000743,"Sản phẩm tốt so với giá tiền, mình mua 1 cái thấy tốt nên đã mua thêm 1 cái nữa",4,positive,rating_4,20,train
sent_000744,tủ đồ tốt lắn ạ,5,positive,rating_5,5,train
sent_000745,"Giá sách rất nặng và xịn, giao hàng rất nhanh, niềm nở, nhiệt tình",5,positive,rating_5,14,train
sent_000746,"Hài lòng, hàng đẹp, chắc chắn",5,positive,rating_5,6,train
sent_000747,"Mới nhận được hàng, tiki giao hàng sơm hơn dự kiến",4,positive,rating_4,11,test
sent_000748,Sản phẩm giao hàng nhanh hơn dự kiến,4,positive,rating_4,8,train
sent_000749,đóng gói ok,4,positive,rating_4,3,test
sent_000750,"Hàng tốt, gỗ chắc chắn, rất đáng mua, thiết kế thẩm mỹ",5,positive,rating_5,12,train
sent_000751,Đep lắm,5,positive,rating_5,2,train
sent_000752,Kệ chắc chắn,4,positive,rating_4,3,train
sent_000753,"dễ lắp ráp, sp đúng như hình",4,positive,rating_4,7,train
sent_000754,"Chất lượng tốt, giá hợp lý, đợt tới sẽ mua cái nữa",5,positive,rating_5,12,train
sent_000755,"Kệ sách bình thường, ổn khi dùng để trang trí",3,neutral,rating_3,10,train
sent_000756,Cực kỳ hài lòng,5,positive,rating_5,4,test
sent_000757,"sản phẩm đẹp, chắc chắn, lắp ráp rất nhanh",5,positive,rating_5,9,train
sent_000758,"vừa mới lắp xong, kệ dày dặn, chắc chắn, dễ lắp ráp",5,positive,rating_5,12,test
sent_000759,"Mình đã mua 2 giá, để đựng vải ở cửa hàng, giá đẹp, dễ lắp, rất ưng",5,positive,rating_5,17,valid
sent_000760,hướng dẫn chưa kĩ,2,negative,rating_2,4,train
sent_000761,đóng gói tốt,4,positive,rating_4,3,train
sent_000762,"giá sách tiện lợi, chắc chắn và phù hợp giá tiền",5,positive,rating_5,11,train
sent_000763,Hàng như trong hình,3,neutral,rating_3,4,test
sent_000764,"Dễ lắp ghép, giá tiền phù hợp rất chắc chắn",5,positive,rating_5,10,train
sent_000765,Cực kì ưng ý với kệ sách,5,positive,rating_5,7,train
sent_000766,Hài lòng với chất lượng,4,positive,rating_4,5,train
sent_000767,Tôi đặt màu vân gỗ mà gởi màu trắng,2,negative,rating_2,9,test
sent_000768,đẹp,4,positive,rating_4,1,test
sent_000769,"Dễ lắp, tuy nhiên vẫn còn một số mối nối chưa được phẳng, đẹp",3,neutral,rating_3,14,train
sent_000770,kệ của e bị thiếu 1 mảnh ghép ạ,2,negative,rating_2,9,train
sent_000771,"Sản phẩm tốt, đóng gói cẩn thận, giá hợp lý, lắp ráp xong rất vừa mắt",5,positive,rating_5,16,train
sent_000772,"hàng đẹp, năng, nhưng có mấy lo bắt vít bị lệch phải tự khoan lại",4,positive,rating_4,15,test
sent_000773,"chất lượng tốt đó mọi người, tầm hơn 400k mà rất đẹp",5,positive,rating_5,12,train
sent_000774,"Hàng như hình, đẹp, chắc, đóng gói cẩn thận, giao hàng nhanh",5,positive,rating_5,12,train
sent_000775,"Kệ đẹp, giao hàng nhanh",5,positive,rating_5,5,train
sent_000776,"Kệ sách rất đẹp, mặc dù có vài chỗ ko đc khớp lắm nhưng vẫn ưng ý vô cùng",5,positive,rating_5,19,train
sent_000777,"gỗ nặng và chắc chắn, mình phải mất hơn 1h để lắp ráp nhưng vui vì kệ đẹp",4,positive,rating_4,18,valid
sent_000778,"kệ sách tốt, giá mềm, giao hàng đúng hẹn",5,positive,rating_5,9,train
sent_000779,"rất hài lòng, đẹp, giao hàng nhanh , giá hợp lý nữa",5,positive,rating_5,12,test
sent_000780,"Với giá thành sp như vậy thì mình rất ưng, sp chắc chắn, mỹ quan đẹp",5,positive,rating_5,16,train
sent_000781,"Kệ rất là đẹp, dễ lắp, phù hợp với giá cả, có khi hơn !!!!👌",5,positive,rating_5,15,train
sent_000782,"Giao hàng nhanh, kế gỗ đẹp chắc chắn, tổng quan nhìn đẹp, tầm tiền ok",5,positive,rating_5,15,train
sent_000783,Đẹp ổn nhưng em khônh biết lắp dù có hướng dẫn :(((,4,positive,rating_4,12,train
sent_000784,"Giá cả phải chăng , lắp ráp rất đơn giản , mẫu mả đẹp",5,positive,rating_5,14,train
sent_000785,hài lòng,4,positive,rating_4,2,train
sent_000786,Sản phẩm rất tốt tuy chỉ làm bằng gỗ ép nhưng công dung thì khá tuyệt mình cho 5sao,5,positive,rating_5,19,train
sent_000787,"Rất dễ lắm, sp tốt, rất hài lòng",5,positive,rating_5,8,train
sent_000788,Tạm được,3,neutral,rating_3,2,valid
sent_000789,Đã mua và rất hài lòng,5,positive,rating_5,6,valid
sent_000790,"Sản phẩm thiết kế đẹp, chắc chắn, lắp rát rất dễ đối với tôi giá rẻ và đẹp",5,positive,rating_5,18,train
sent_000791,"Sản phẩm ổn trong tầm giá, chỉ có vài điều ko hài lòng xíu",2,negative,rating_2,14,train
sent_000792,"Kệ kha chắc chắn, như mô tả, đẹp",5,positive,rating_5,8,train
sent_000793,"Giao hàng rất nhiệt tình, dịch vụ tốt",5,positive,rating_5,8,train
sent_000794,"Mình đặt hai cái trắng, thì lại ship cho mình một trắng một đen trắng",2,negative,rating_2,15,train
sent_000795,Giá thiết kế để dọc nhưng để ngang cũng khá đẹp:),4,positive,rating_4,11,test
sent_000796,"Kệ đẹp, nặng và chắc nhưng chắc k đc chạm nước vì gỗ ván ép",5,positive,rating_5,15,train
sent_000797,so với giá như vậy thì quá thích,5,positive,rating_5,8,train
sent_000798,"Kệ rất đẹp, mình rất hài lòng",5,positive,rating_5,7,train
sent_000799,Đẹp lắm,5,positive,rating_5,2,train
sent_000800,"Sản phẩm đẹp, đóng gói chác chắn, giao hàng đúng hẹn, nhân viên nhiệt tình",5,positive,rating_5,15,test
sent_000801,"kệ chắc chắn, lắp ráp dễ, giao hàng dễ thương",5,positive,rating_5,10,test
sent_000802,"Gỗ ép nhưng rất chắc chắn, màu gỗ sồi cũng rất đẹp",5,positive,rating_5,12,valid
sent_000803,sản phẩm đẹp dễ lắp,5,positive,rating_5,5,train
sent_000804,"Sãn phẩm như hình, đẹp, chắc, shipper dễ thương",5,positive,rating_5,9,train
sent_000805,"đẹp, người giao nhiệt tình, lắp hơi mệt cần máy vặn vít, gọn gàng tao nhã",5,positive,rating_5,16,train
sent_000806,tạm chấp nhận vs sản phẩm,3,neutral,rating_3,6,train
sent_000807,"Kệ sách đẹp, chắc chắn, dễ dàng lắp ráp, nhân viên giao hàng nhanh, nhiệt tình",5,positive,rating_5,16,train
sent_000808,"ngon, bổ, rẻ",5,positive,rating_5,3,train
sent_000809,hàng đẹp chất lượng thấy ok rẻ hơn so với giá tiền nên mua,5,positive,rating_5,14,valid
sent_000810,"sản phẩm rất tốt, chắc chắn và chỉn chu, giá tiền và chất lượng rất ok",5,positive,rating_5,16,train
sent_000811,"Kệ sách chắc chắn, gỗ khá nặng tay",5,positive,rating_5,8,train
sent_000812,nếu có đánh số thứ tự vào từng mảnh ghép và hướng dẫn thì sẽ tốt hơn,2,negative,rating_2,17,train
sent_000813,"lắp đặt dễ dàng, rất chắc chắn, hình thức cũng ổn, tuy nhiên hơi nhỏ chút",4,positive,rating_4,16,train
sent_000814,Sản phẩm phù hợp với số tiền,3,neutral,rating_3,7,train
sent_000815,"Sản phẩm y hình, lắp ráp đơn giản, rất chắc chắn, cho shop 5 sao",5,positive,rating_5,15,train
sent_000816,chắc chắn,4,positive,rating_4,2,train
sent_000817,"Kệ chắc chắn, nước sơn đẹp, thiết kế đẹp mắt",5,positive,rating_5,10,train
sent_000818,"đúng như mô tả, có điều hơi bị xước tí nhưng ko sao",2,negative,rating_2,13,valid
sent_000819,"Lắp ráp đơn giản tầm 30p là xong, kệ đẹp như hình, chất lượng tốt",5,positive,rating_5,15,valid
sent_000820,"Sản phẩm đẹp, đóng gói cẩn thận, đầy đủ",5,positive,rating_5,9,train
sent_000821,Hàng tạm ổn với giá tiền nhưng giao không đúng màu nên không vừa lòng lắm,2,negative,rating_2,16,train
sent_000822,"Giao hàng nhanh, đóng gói cẩn thận, lắp xong chắc chắn, đẹp, cực kỳ hài lòng",5,positive,rating_5,16,valid
sent_000823,Lỗ khoan bị lệch,2,negative,rating_2,4,train
sent_000824,"Mình mua 1 kệ, khi nhận sản phẩm thích quá nên đã mua thêm 1 kệ nữa luôn",5,positive,rating_5,18,train
sent_000825,Chất lượng sản phẩm hơn mong đợi,5,positive,rating_5,7,valid
sent_000826,"tốt, chắc chắn, tiết kiệm được nhiều không gian",5,positive,rating_5,9,train
sent_000827,Tủ cứng cáp,4,positive,rating_4,3,test
sent_000828,Mọi thứ ổn so với tầm giá,4,positive,rating_4,7,train
sent_000829,Con gái cũng có thể dễ dàng lắp ráp sản phẩm này,4,positive,rating_4,12,test
sent_000830,"Hàng tốt chất lượng tuyệt vời ông mặt trời, gia đình nào cũng nên có nhé",5,positive,rating_5,16,test
sent_000831,Tủ không bị trầy xước,3,neutral,rating_3,5,train
sent_000832,"Rất đáng tiền, hướng dẫn ko rõ lắm nhưng mày mò chút là ra",4,positive,rating_4,14,train
sent_000833,"Sản phẩm đẹp, chắc chắn, lắp ráp dễ dàng, rất hài lòng",5,positive,rating_5,12,train
sent_000834,Hàng ok,4,positive,rating_4,2,train
sent_000835,"Giao hàng nhanh, gói hàng kỹ, sản phẩm đẹp",5,positive,rating_5,9,test
sent_000836,"đep, chắc chắn",5,positive,rating_5,3,valid
sent_000837,Giao hàng nhanh nhưng hàng chưa thực sự khớp khi lắp rắp vẫn còn bị lệch,3,neutral,rating_3,16,train
sent_000838,"Gỗ đẹp, lắp ráp dễ dàng",5,positive,rating_5,6,train
sent_000839,"Sản phẩm rất tốt và tiện lợi, dễ dàng lắp đặt, thiết kế khá chắc chắn",5,positive,rating_5,16,train
sent_000840,Kệ đẹp,4,positive,rating_4,2,test
sent_000841,sản phẩm đóng gói cẩn thân,4,positive,rating_4,6,train
sent_000842,"Đẹp, dễ lắp ráp, khá nặng, chắc chắn",5,positive,rating_5,8,test
sent_000843,"Đẹp, hoàn thiện tốt nhưng lắp khá tốn thời gian và bị móp mấy chỗ do ship",4,positive,rating_4,17,train
sent_000844,"Kệ sách đẹp, chắc chắn, giá hợp lý mỗi tội vặn vít để lắp thì tê tay",4,positive,rating_4,17,test
sent_000845,Kệ “ngon bổ rẻ”,5,positive,rating_5,4,train
sent_000846,"Chất liệu gỗ tốt, bóng",5,positive,rating_5,5,train
sent_000847,"đóng gói chắc chắn , bọc kĩ càng không sứt mẻ anh giao hàng thiện lành",5,positive,rating_5,16,train
sent_000848,kích thước vừa và không quá lớn,3,neutral,rating_3,7,valid
sent_000849,"kệ nặng, bị vỡ nhiều chỗ, thêm có 1 miếng ván k có lỗ để ốc vặn vào",1,negative,rating_1,18,train
sent_000850,"Sản phẩm khá chắc chắn, phù hợp với giá cả, dễ lắp ráp",5,positive,rating_5,13,train
sent_000851,Nhỏ gọn dễ lắp đặt cẩn thận vì rất dễ bị trầy nước sơn,5,positive,rating_5,14,test
sent_000852,"Ưng, lắp lên chắc chắn; mua khi giảm giá nên hợp lý",5,positive,rating_5,12,train
sent_000853,"màu đẹp, lắp ráp hơi cực xíu nhưng thành phẩm ưng ý vô cùng",4,positive,rating_4,14,train
sent_000854,"Giá rẻ, dễ lắp gắp ngay cả nữ như mình cũng ráp đc, hoàn toàn hài lòng =))",5,positive,rating_5,18,train
sent_000855,Tiki giao hàng nhanh,4,positive,rating_4,4,test
sent_000856,Đẹp mà rẻ nữa shop ơi nay nhận hàng là quất liền,5,positive,rating_5,12,train
sent_000857,"kệ đẹp, chắc chắn, ráp dễ, hợp túi tiền, giao nhanh",5,positive,rating_5,11,train
sent_000858,ttót trong tầm giá,4,positive,rating_4,4,train
sent_000859,Chất lượng rất ok với giá thành tầm này,5,positive,rating_5,9,train
sent_000860,Kệ không thấy giao mà giao đồ chơi của đơn hàng người khác,2,negative,rating_2,13,train
sent_000861,Thực sự là một sản phẩm đáng mua,5,positive,rating_5,8,valid
sent_000862,"Kệ đẹp, chắc chắn, giao hàng nhanh, khá ưng ý, sẽ tiếp tục ủng hộ shop",5,positive,rating_5,16,train
sent_000863,"Mình đã nhận sản phẩm đúng ngày, sp đẹp như hình, chắc chắn",5,positive,rating_5,13,train
sent_000864,Hài lòng & ưng ý,4,positive,rating_4,5,train
sent_000865,Sản phẩm ổn,3,neutral,rating_3,3,train
sent_000866,Sản phẩm đẹp so với giá tiền :) mình sẽ mua thêm,4,positive,rating_4,12,train
sent_000867,"Kệ đẹp, nhưng ráp hơi lâu và mỏi tay, do phải vặn ốc nhiều quá",3,neutral,rating_3,15,test
sent_000868,"Kệ tốt, nhưng giao hàng hơi lâu",3,neutral,rating_3,7,train
sent_000869,"Kệ đẹp, giá rẻ và rất dễ lắp ráp",5,positive,rating_5,9,train
sent_000870,"Sản phẩm chất lượng tốt, giao hàng nhanh hơn dự kiến",5,positive,rating_5,11,train
sent_000871,"Nhìn chung hài lòng, giao hàng nhanh, kệ ráp nhanh, đẹp",5,positive,rating_5,11,valid
sent_000872,"Sản phẩm cực đẹp, chác chắn, dễ đang lắp ráp!",5,positive,rating_5,10,test
sent_000873,"sản phẩm đẹp, chắc chắn",5,positive,rating_5,5,train
sent_000874,"Sản phẩm đẹp, đầy đủ đến từng con vít, giao hàng nhanh",5,positive,rating_5,12,train
sent_000875,"Kệ sách khá dễ ráp, đẹp và chắc chắn, đựng được khá nhiều",5,positive,rating_5,13,train
sent_000876,"Kệ rất đẹp , chắc chắn , mua được dịp giá rẻ , nên tôi mua thêm lần nữa",5,positive,rating_5,19,train
sent_000877,khá chắc chắn,4,positive,rating_4,3,test
sent_000878,"chất liệu tốt, chắc chắn, rất hài lòng, vận chuyển nhanh chóng!",5,positive,rating_5,12,train
sent_000879,"Kệ đẹp, phù hợp với nhiều không gian, giá tốt cho mọi người 👍",5,positive,rating_5,14,train
sent_000880,"rất hợp lý về mọi mặt,nên có nhiều SP thành toán qua thẻ",5,positive,rating_5,13,valid
sent_000881,"Hàng đẹp, lắp ghép dễ,,",5,positive,rating_5,5,train
sent_000882,Kệ rất đẹp,5,positive,rating_5,3,train
sent_000883,"Ke dep, de lap rap",5,positive,rating_5,5,train
sent_000884,"Rất ưng ý cách lắp ráp, hướng dẫn và sản phẩm của Igea",5,positive,rating_5,13,train
sent_000885,Sp đẹp và chắc lắm ạ,5,positive,rating_5,6,train
sent_000886,"san pham ok, co bi bong mot vai canh nhung kg dang ke, van chuyen tu hn4 ve nen hoi lau",4,positive,rating_4,21,train
sent_000887,"sản phẩm mới chất lượng tốt giá rẻ, tôi hài lòng",5,positive,rating_5,11,train
sent_000888,Kệ đẹp dễ lắp ráp,5,positive,rating_5,5,train
sent_000889,"Hàng đẹp, giá hợp lý, giao hàng siêu nhanh",5,positive,rating_5,9,test
sent_000890,Lắp ráp xong dùng ok,5,positive,rating_5,5,train
sent_000891,Sản phẩm oke lắm nha,5,positive,rating_5,5,valid
sent_000892,Tu dẹp hop de sách hoặc trang tri phong cho bé cam on,5,positive,rating_5,13,train
sent_000893,"Sản phẩm đẹp, nhân viên giao hàng nhiệt tình thân thiện",5,positive,rating_5,11,train
sent_000894,nhiều tấm bị mẻ lớp Veneer lòi lõi MDF,1,negative,rating_1,9,train
sent_000895,"Đang dùng được 1 tuần ok, hơi mất công nắp tí, dùng tiếp xem sao :))",4,positive,rating_4,16,train
sent_000896,"Sản phẩm đẹp, đóng gói cẩn thận giá cả hợp lý",5,positive,rating_5,11,train
sent_000897,"Giao hàng nhanh, kệ chất lượng, nên đánh số thứ tự để dễ lắp ráp",4,positive,rating_4,15,test
sent_000898,Sản phẩm khá ok,4,positive,rating_4,4,train
sent_000899,"sản phẩm mình mua 2 lần đều ok, ship nhanh, nv nhiệt tình, cảm ơn shop",5,positive,rating_5,16,train
sent_000900,"Hàng lắp ráp đơn giản, mình chọn màu trắng để ở góc phòng OK lắm",5,positive,rating_5,15,train
sent_000901,"Hàng đẹp, mua đợt giảm giá nên là rất là ưng í",5,positive,rating_5,12,valid
sent_000902,tuyệt vời như mong đợi luôn,5,positive,rating_5,6,train
sent_000903,Tuyệt vời! Mình rất ưng ý :)),5,positive,rating_5,7,train
sent_000904,"Sản phẩm đẹp trong tầm giá, shop nhiệt tình gửi cả thư cảm ơn khách!",5,positive,rating_5,15,valid
sent_000905,"Hàng làm đẹp, chất lượng tốt",5,positive,rating_5,6,test
sent_000906,"Dễ lắp đặt, độ hoàn thiền các chi tiết khá tốt",5,positive,rating_5,11,train
sent_000907,Ok tốt,4,positive,rating_4,2,valid
sent_000908,Ổn với giá tiền,3,neutral,rating_3,4,test
sent_000909,Không hỗ trợ lắp đặt gây khó khăn cho cho khách hàng,1,negative,rating_1,12,train
sent_000910,"Sản phẩm đẹp, chất lượng tốt hơn so với giá tiền",5,positive,rating_5,11,train
sent_000911,"Đẹp, dễ thương lắm",5,positive,rating_5,4,train
sent_000912,"Chất lượng bình thường, giao hàng có bị móp, méo góc",2,negative,rating_2,11,train
sent_000913,"vân gỗ đẹp, kệ chắc chắn, rất thích",5,positive,rating_5,8,train
sent_000914,"Rẻ đẹp, xài 3 tháng rồi chưa thấy hư hao gì 5 sao lun",5,positive,rating_5,14,train
sent_000915,Rất ok ạ,5,positive,rating_5,3,train
sent_000916,"Độ hoàn thiện khá ổn, tiếc là còn có một vài tấm bị dư khi lắp",3,neutral,rating_3,16,valid
sent_000917,kệ đẹp rất ok,5,positive,rating_5,4,train
sent_000918,Tốt,4,positive,rating_4,1,valid
sent_000919,"hàng dễ lắp, đẹp, chắc, OK, phù hợp với giá tiền",5,positive,rating_5,11,train
sent_000920,"Tủ đẹp, chắc chắn nhưng thiếu mất ốc vít thì phải làm sao ạ?",4,positive,rating_4,14,train
sent_000921,Tủ đẹp và chắc chắn,5,positive,rating_5,5,train
sent_000922,sản phẩm rất tốt so với mức giá,5,positive,rating_5,8,train
sent_000923,"Hơi khó ráp nhưng cũng ổn rồi ,để dùng xem chấy lượng thế nào,",2,negative,rating_2,14,train
sent_000924,đã nhận hàng tốt dễ lắp đặt,5,positive,rating_5,7,train
sent_000925,"Hai long, tiki giao hàng nhanh hơn dự kiến",5,positive,rating_5,9,train
sent_000926,"rất đẹp và chắc chắn, lại rẻ nữa",5,positive,rating_5,8,train
sent_000927,"sản phẩm giốg như mô tả, kệ khá nặng và dày dặn, tôi hài lòng",5,positive,rating_5,15,train
sent_000928,Sản phẩm đẹp như hình,4,positive,rating_4,5,train
sent_000929,"sản phẩm ok, giao hàng nhanh",5,positive,rating_5,6,train
sent_000930,"Dễ lắp ráp, chất liệu chắc chắn",5,positive,rating_5,7,train
sent_000931,"Gỗ đẹp,lắp xong khá chắc chắn,giao hàng nhanh,hàng giống hình",5,positive,rating_5,10,test
sent_000932,Cá nhân thấy rẻ và hài lòng về chất lượng,5,positive,rating_5,10,train
sent_000933,"San pham ok đóng gói cẩn thận, nhân viên giao hàng nhiệt tinh de thương",5,positive,rating_5,15,train
sent_000934,"hàng đem về dễ tháo lắp, chỉ tốn 30p để lắp, kệ khá chắc chắn",5,positive,rating_5,15,train
sent_000935,ke sach đẹp hợp tui tiền,5,positive,rating_5,6,valid
sent_000936,"Đẹp,chất lượng khá tốt lắp đặt dễ ràng",5,positive,rating_5,8,train
sent_000937,Mình thấy hài lòng với sản phẩm,4,positive,rating_4,7,train
sent_000938,"Sản phẩm tốt, tủ đẹp, chắc chắn, ráp nhanh",5,positive,rating_5,9,train
sent_000939,"Đóng gói cẩn thận, hướng dẫn dễ lắp, lắp lên rất đẹp",5,positive,rating_5,12,train
sent_000940,"Giá cả phải chăng, sản phẩm tốt",5,positive,rating_5,7,train
sent_000941,Tiền nào của đó,3,neutral,rating_3,4,train
sent_000942,"Chi tiết ko sắc xảo, lỗ khoan lệch nhiều nên lắp vào lồi lõm, ko đẹp",1,negative,rating_1,16,valid
sent_000943,Hài lòng rất nhiều,5,positive,rating_5,4,train
sent_000944,"giao quá nhanh, sản phẩm đẹp ,quá tuyệt vời",5,positive,rating_5,9,train
sent_000945,"Giá sách đẹp, chắc chắn",5,positive,rating_5,5,test
sent_000946,"Kệ đẹp ,chắc chắn",5,positive,rating_5,4,test
sent_000947,"Cực kỳ xinh (◍•ᴗ•◍)❤, rất dễ lắp ráp",5,positive,rating_5,8,train
sent_000948,"Sản phẩm tốt, giá cả hợp lý, lắp ráp dễ dàng, giao hàng nhanh",5,positive,rating_5,14,train
sent_000949,"kệ đẹp, hàng nặng như shipper tiki giao hàng rất nhiệt tình!",5,positive,rating_5,12,train
sent_000950,"sản phẩm tốt, đẹp, giá cả phải chăng",5,positive,rating_5,8,train
sent_000951,"Chât lượng tốt, cứng cáp và đep",5,positive,rating_5,7,train
sent_000952,"Kệ đẹp, thiết kế chịu lực, nhìn rất thích",5,positive,rating_5,9,train
sent_000953,"chắc chắn, dễ sắp xếp",5,positive,rating_5,5,train
sent_000954,"ok hàng i hình, k có vấn đề gì cả",3,neutral,rating_3,10,train
sent_000955,Tủ đẹp,4,positive,rating_4,2,train
sent_000956,"Kệ đẹp, phù hợp không gian gia đình, giá OK",5,positive,rating_5,10,test
sent_000957,"Giá sách đẹp, chiều rộng to tí nữa sẽ đỡ chòng chành hơn",3,neutral,rating_3,13,valid
sent_000958,"kệ gỗ rất đẹp, rất hài lòng, cảm ơn shop nhiều",5,positive,rating_5,11,valid
sent_000959,"Kệ như hình, nên mua nha mn",5,positive,rating_5,7,train
sent_000960,"Kệ sách đẹp, chắc chắn",5,positive,rating_5,5,valid
sent_000961,"Kệ đẹp, rất hài lòng, nhân viên giao hàng dễ thương nhiệt tình",5,positive,rating_5,13,train
sent_000962,"Hợp lý với giá tiền, dễ lắp ghép",5,positive,rating_5,8,train
sent_000963,"đóng gói chắc chắn, giao hàng nhanh",5,positive,rating_5,7,train
sent_000964,"Rất đẹp, rất hài lòng, cảm ơn shop , cảm ơn tiki",5,positive,rating_5,12,train
sent_000965,đẹp hơn mong đợi,5,positive,rating_5,4,valid
sent_000966,"Hơi mất thời gian lắp, nhưng đẹp như hình",3,neutral,rating_3,9,train
sent_000967,Ship hàng nhanh,4,positive,rating_4,3,test
sent_000968,"Ổn, lắp hơi lâu tí",2,negative,rating_2,5,train
sent_000969,Hàg tôt dễ rap shiper nhiệt tình rất vừa lòng,5,positive,rating_5,10,train
sent_000970,Rất ưng ý,5,positive,rating_5,3,valid
sent_000971,"hàng rất đẹp, có hướng dẫn nên lắp cũng dễ dàng",5,positive,rating_5,11,train
sent_000972,"Cảm ơn Tiki, mua hàng của Tiki nhiều và rất hài lòng",5,positive,rating_5,12,train
sent_000973,Tiền nào của nấy thôi! Gỗ ván ép nên giá này bình thường,3,neutral,rating_3,13,train
sent_000974,kệ ráp rất okie,5,positive,rating_5,4,train
sent_000975,"Vừa túi tiền, đẹp, chắc chắn, rất hài lòng, cảm ơn tiki nhiều",5,positive,rating_5,13,valid
sent_000976,"Tủ dễ ráp, đẹp",5,positive,rating_5,4,valid
sent_000977,"Hàng chất lượng cao, giá hợp lý, lắp đặt dễ",5,positive,rating_5,10,train
sent_000978,"Gọn gàng trang nhã, lắp đặt dễ dàng đầy đủ ốc vít",5,positive,rating_5,12,train
sent_000979,"hàng đẹp, dễ lắp ráp, giá hợp lý, nhân viên giao hàng tận nhà tốt",5,positive,rating_5,15,train
sent_000980,"Sản phẩm đẹp, mình lắp ráp trong vòng 30 phút, giao hàng rất nhanh",5,positive,rating_5,14,train
sent_000981,"Đẹp ,dễ lắp rắp , vừa Y rất muốn mua thêm vài cái nữa",5,positive,rating_5,14,train
sent_000982,"rất đẹp và hài lòng, chắc chắn sẽ ủng hộ shop dài dài",5,positive,rating_5,13,train
sent_000983,kệ chắc chắn & đẹp,5,positive,rating_5,5,train
sent_000984,Sản phẩm rất tốt,5,positive,rating_5,4,train
sent_000985,"Rất hài lòng, sản phẩm hợp với giá tiền, đóng gói cẩn thận",5,positive,rating_5,13,train
sent_000986,oke nhưng là ván ép thôi ko phải gỗ,3,neutral,rating_3,9,test
sent_000987,Sản phẩm đẹp hơn mong đợi,5,positive,rating_5,6,test
sent_000988,Giá sách ok tuy nhiên còn nhiều đầu nhọn dễ bị đau tay khi va chạm,2,negative,rating_2,16,valid
sent_000989,"Dễ lắp ráp, giao hàng nhanh, dùng rất ok",5,positive,rating_5,9,train
sent_000990,"tủ chắc chắn, đẹp, cứng cáp",5,positive,rating_5,6,train
sent_000991,"Giao hàng nhanh, đóng gói cẩn thận, hàng đẹp như hình",5,positive,rating_5,11,train
sent_000992,"Kệ đẹp, dễ lắp",5,positive,rating_5,4,train
sent_000993,"Đa nhan duoc hag rất hai long,nhan vien giao hag nhiệt tinh vui ve !",5,positive,rating_5,15,train
sent_000994,"Dễ lắp đặt, gọn, đẹp, chất lượng gỗ tốt !",5,positive,rating_5,10,train
sent_000995,Ke rat ok,5,positive,rating_5,3,train
sent_000996,"nhân viên giao hàng dễ thương, nhiệt tình!!! sp tốt",5,positive,rating_5,10,train
sent_000997,"tủ ok, vừa ý, chất lượng cần thời gian kiểm định",5,positive,rating_5,11,train
sent_000998,"Giá sách đẹp, nhìn ưng, dễ lắp ráp, chỉ không biết bền không",5,positive,rating_5,13,train
sent_000999,"Kệ đẹp, màu vân gỗ đẹp, nhìn chắc chắn, dễ lắp ráp",5,positive,rating_5,12,train
sent_001000,"Kệ sách chắc chắn, đẹp như hình minh họa",5,positive,rating_5,9,train
sent_001001,"Kệ sách như hình, đúng màu đúng mẫu, dễ lắp ráp tháo dỡ",5,positive,rating_5,13,train
sent_001002,"Kệ khá chắc chắn , dễ lắp ráp",5,positive,rating_5,8,train
sent_001003,"Chắc chắn, khá ưng mặc dù giao hơi lâu",4,positive,rating_4,9,train
sent_001004,"Hàng đúng mẫu, lắp đơn giản",5,positive,rating_5,6,train
sent_001005,"Cực kỳ hài lòng, kệ rất đẹp và đáng tiền",5,positive,rating_5,10,train
sent_001006,chat luong san pham tuong thich voi gia tien,3,neutral,rating_3,9,valid
sent_001007,Lần đầu tiên mua hàng online hài lòng đến vậy,5,positive,rating_5,10,train
sent_001008,Mới mở chưa lắp ráp đã bị bong nhiều rồi,2,negative,rating_2,10,train
sent_001009,"Kệ nhỏ xinh, khá cứng cáp",5,positive,rating_5,6,train
sent_001010,Sản phẩm rất chất lượng,5,positive,rating_5,5,test
sent_001011,Sản phẩm tốt nhưng hai tấm ngang bị thiếu khoảng 1,3,neutral,rating_3,11,train
sent_001012,"Nói chung phù hợp với giá thành, đóng gói cẩn thận, ship nhanh",5,positive,rating_5,13,train
sent_001013,Da nhan san pham nhanh hon du kien,4,positive,rating_4,8,test
sent_001014,"giá chắc chắn tốt, nhưng mất công lắp và giá cũng hơi cao",3,neutral,rating_3,13,train
sent_001015,"Kieu mau dep, co sach huong dan lap rap can ke, chi tiec la 1 vai mieng bi tray",4,positive,rating_4,19,valid
sent_001016,"giao trước ngày , đóng gói kĩ , dễ lắp , tủ rất đẹp",5,positive,rating_5,14,valid
sent_001017,"Trông khá chắc chắn, phù hợp với mức giá",4,positive,rating_4,9,train
sent_001018,"Sản phẩm đẹp như hình, dễ lắp ráp, chắc chắn và đẹp",5,positive,rating_5,12,train
sent_001019,"Kệ sách đẹp, lắp ráp dễ dàng, nhanh chóng",5,positive,rating_5,9,train
sent_001020,"Hàng màu vân đẹp, dễ lắp ráp, chắc chắn",5,positive,rating_5,9,train
sent_001021,"Đóng gói cẩn thận, giao hàng nhanh, rất ưng ý sản phẩm",5,positive,rating_5,12,train
sent_001022,"Tủ đẹp đúng với mô tả, nhân viên giao hàng nhiệt tình",5,positive,rating_5,12,train
sent_001023,"kệ sách đẹp, chắc chắn, giá thành hợp lý",5,positive,rating_5,9,train
sent_001024,Chuẩn phòng làm việc! Để ngang hay dọc đều tiện lợi,5,positive,rating_5,11,train
sent_001025,"Sản phẩm đẹp, chắc, có hướng dẫn rất dễ lắp 😋",5,positive,rating_5,11,train
sent_001026,"giao hàng nhanh, đóng gói sản phẩm kỹ, kệ rất đẹp",5,positive,rating_5,11,train
sent_001027,Nói chung là rất đẹp,5,positive,rating_5,5,train
sent_001028,"rẻ, giao thiếu 2 nút nhựa chân kệ, trừ 1 sao",3,neutral,rating_3,11,train
sent_001029,Hàng đúng chất lượng,3,neutral,rating_3,4,train
sent_001030,"Kệ tốt, đẹp, lắp gháp dễ",5,positive,rating_5,6,test
sent_001031,"sản phẩm chất lượng, đẹp trong tầm giá",5,positive,rating_5,8,train
sent_001032,"Sản phẩm lắp ráp dễ dàng, đúng mẫu, giao hàng nhanh",5,positive,rating_5,11,train
sent_001033,"Lắp ráp dễ, chắc chắn và đẹp, sẽ tiếp tục ủng hộ tiki",5,positive,rating_5,13,valid
sent_001034,sản phẩm quá okiiii,5,positive,rating_5,4,test
sent_001035,"Kệ cứng cáp, chắc sẽ sử dụng được lâu dài",4,positive,rating_4,10,train
sent_001036,Rất đáng giá tiền bỏ ra,5,positive,rating_5,6,train
sent_001037,"Kệ đẹp, hướng dẫn lắp ghép rõ ràng, vận chuyển nhanh",5,positive,rating_5,11,valid
sent_001038,"Kệ rất đẹp, giá cả hợp lý, giao hàng nhanh, rất hải lòng",5,positive,rating_5,13,train
sent_001039,"kệ đẹp, gọn",5,positive,rating_5,3,train
sent_001040,"Kệ dễ lắp ráp, có phần trầy 1 tí nhưng không đáng kể!",3,neutral,rating_3,13,train
sent_001041,Nhận dc sp trên cả mong đợi,5,positive,rating_5,7,train
sent_001042,"sp tốt, nhưng đừng ko thực sự vững, nguy hiểm cho trẻ",2,negative,rating_2,12,valid
sent_001043,"Kệ rất tốt và chắc chắn, cực kỳ hài lòng về sản phầm",5,positive,rating_5,13,train
sent_001044,"Rất hài lòng , rất xứng đáng với giá tiền",5,positive,rating_5,10,valid
sent_001045,"Xinh, nặng, chắc chắn",5,positive,rating_5,4,train
sent_001046,"Đẹp, chất lượng, giá rẻ",5,positive,rating_5,5,valid
sent_001047,Hàng đúng như hình đăng,3,neutral,rating_3,5,train
sent_001048,Sp ok so với mức giá tiki giao hàng khá nhanh,5,positive,rating_5,11,valid
sent_001049,"Chắc chắn, mình cần tìm kệ lớn hơn có không ạ",4,positive,rating_4,11,train
sent_001050,"đựng cũng được kha khá sách vở, đồ chơi",4,positive,rating_4,9,test
sent_001051,"Kệ đẹp, gỗ rất vừa ý",5,positive,rating_5,6,train
sent_001052,"đẹp, chắc chắn",5,positive,rating_5,3,train
sent_001053,"dễ lắp đạt, chắc chắn, khá đẹp",5,positive,rating_5,7,train
sent_001054,"Kệ đẹp, giống hình mẫu, ráp xong rất hài lòng",5,positive,rating_5,10,valid
sent_001055,"hàng tốt hơn mong đợi, deal quá hời",5,positive,rating_5,8,test
sent_001056,"Kệ sách đẹp, dễ lắp ráp",5,positive,rating_5,6,test
sent_001057,"vận chuyển nhanh chóng, chất lượng gỗ tốt, lắp ráp dễ dàng",5,positive,rating_5,12,train
sent_001058,rất xứng đáng với giá tiền bỏ ra,5,positive,rating_5,8,train
sent_001059,Quá là ưng ý,5,positive,rating_5,4,test
sent_001060,"kệ sách chắc chắn và nặng , rất thẩm mỹ và gọn gàng",5,positive,rating_5,13,train
sent_001061,Sản phẩm đúng theo mô tả,3,neutral,rating_3,6,test
sent_001062,"hàng đẹp, chất lượng",5,positive,rating_5,4,train
sent_001063,"Sản phẩm kệ Sách Đa Tầng Để Sàn rất tốt, đúng mô tả",5,positive,rating_5,13,train
sent_001064,"Kệ đẹp, dễ lắp ráp, đúng như hình",5,positive,rating_5,8,train
sent_001065,"Sản phẩm đẹp, chắc chắn, hữu ích",5,positive,rating_5,7,test
sent_001066,"Hành tiki giao đúng thời gian, đúng mẫu, rất hài lòng",5,positive,rating_5,11,test
sent_001067,OK với tầm giá,4,positive,rating_4,4,test
sent_001068,"Hàng đẹp , chất lượng nhé mọi người 🎉🎉🎉",5,positive,rating_5,9,test
sent_001069,"sản phẩm tốt, đẹp, giao hàng nhanh, dễ lắp đặt",5,positive,rating_5,10,train
sent_001070,"rẻ so với tầm giá, nếu vít chìm thì thẩm mỹ hơn",4,positive,rating_4,12,train
sent_001071,"Kệ đẹp, rất hài lòng với sản phẩm",5,positive,rating_5,8,train
sent_001072,"san pham dep giong hinh,hop gia tien,giao hang nhanh, dong goi can than",5,positive,rating_5,13,train
sent_001073,"Hàng đẹp, lắp ráp dễ, tuyệt vời",5,positive,rating_5,7,train
sent_001074,tương đối chất lương 350k sẽ hợp lý hơn,4,positive,rating_4,9,train
sent_001075,"Kệ rất cứng cáp, dễ lắp ráp, đáng mua",5,positive,rating_5,9,train
sent_001076,"Kệ sách chắc chắn, đẹp khoan vít rất chuẩn lắp nhanh",5,positive,rating_5,11,train
sent_001077,"Đẹp và cũng dễ lắp, kệ to và rất vững bằng,",5,positive,rating_5,11,train
sent_001078,"Giao hàng đúng hạn, sản phẩm ok, lắp đặt dễ dàng",5,positive,rating_5,11,train
sent_001079,Lắp ráp hơi cực,2,negative,rating_2,4,train
sent_001080,Lắp ráp đơn giản,4,positive,rating_4,4,train
sent_001081,"Rất hài lòng, lổ chờ bắt vít rất chính xác",5,positive,rating_5,10,train
sent_001082,Sản phẩm rất đẹp đúng như mong đợi của người mua hàng,5,positive,rating_5,12,train
sent_001083,"kệ rất đẹp, rất đáng tiền, tuy nhiên giao hàng hơi lâu",4,positive,rating_4,12,valid
sent_001084,"rất hài lòng, đáng mua nha mọi người!",5,positive,rating_5,8,train
sent_001085,"Sản phẩm tốt, khung chắc chắn, thời gian giao hàng nhanh",5,positive,rating_5,11,test
sent_001086,Giá gỗ đẹp,4,positive,rating_4,3,valid
sent_001087,"đóng gói tốt, chất lượng gỗ đẹp",5,positive,rating_5,7,train
sent_001088,Sản phẩm giống như ảnh,3,neutral,rating_3,5,test
sent_001089,"Hàng Rẻ Đẹp và Chất lượng, mình rất hài lòng",5,positive,rating_5,10,train
sent_001090,Đẹp và chắc chắn,5,positive,rating_5,4,train
sent_001091,"rất thích , có 1 kệ thiếu 4 cái đế nhựa kê chân",4,positive,rating_4,13,train
sent_001092,"San pham re so thi trường, thích màu trắng mà hết mất",4,positive,rating_4,12,train
sent_001093,Sản phẩm ok,4,positive,rating_4,3,train
sent_001094,Cảm thấy hài lòng khi mua,4,positive,rating_4,6,train
sent_001095,Lắp ráp dễ dàng :) cảm ơn tiki mẫu rất thik ạ,5,positive,rating_5,12,test
sent_001096,"gỗ chắc chắn, dễ lắp ráp, rất đáng để mua",5,positive,rating_5,10,train
sent_001097,"Kệ sách màu trắng hơi cũ, bị móp góc",1,negative,rating_1,9,train
sent_001098,Sp đúng như đã đặt bọc dán chắc chắn giao hàng nhanh,5,positive,rating_5,12,train
sent_001099,"Sản phẩm giống mô tả, giao hàng nhanh",5,positive,rating_5,8,train
sent_001100,"Gỗ đẹp, sản phẩm chắc chắn",5,positive,rating_5,6,test
sent_001101,"Giao hàng nhanh, nhưng hàng nặng nên dễ trầy xước",3,neutral,rating_3,10,valid
sent_001102,"tốt, giao hàng hơi lâu",3,neutral,rating_3,5,train
sent_001103,Sản phẩm tuyệt vời!! Tiki giao hàng nhanh hơn dự kiến!!,5,positive,rating_5,11,train
sent_001104,"Sản phẩm đẹp, chắc chắn, đóng gói cẩn thận",5,positive,rating_5,9,train
sent_001105,"Hàng ok, bé nhà mình rất thích, để hết đồ chơi lên lun",5,positive,rating_5,13,valid
sent_001106,"Xịn, cơ mà vặn ốc rộp cả tay",4,positive,rating_4,8,train
sent_001107,Cho 5 * vì rất hài lòng :),5,positive,rating_5,8,train
sent_001108,"giao hàng tốt, chất lượng cơ bản hài lòng so với giá",5,positive,rating_5,12,train
sent_001109,"Sản phẩm đẹp, đóng gói cẩn thận, rất ưng",5,positive,rating_5,9,test
sent_001110,"sản phẩm như hình, rất ưng, dẽ lap, se ung ho tiki",5,positive,rating_5,12,train
sent_001111,"Hàng làm đẹp, giá cả rất tốt",5,positive,rating_5,7,valid
sent_001112,Sản phẩm đúng như hình đẹp đáng để mua,5,positive,rating_5,9,test
sent_001113,"Ok, dù thiếu 1 con vít",3,neutral,rating_3,6,train
sent_001114,"kệ đẹp, tiện ích,dễ lắp ráp",5,positive,rating_5,6,test
sent_001115,rất hài lòng với sản phẩm ạ!!!,5,positive,rating_5,7,train
sent_001116,"chỉ giao hàng chậm quá thôi, kệ đẹp, và chắc chắn,",3,neutral,rating_3,11,test
sent_001117,Sản phẩm rất đẹp và tiện lợi khi sử dụng,5,positive,rating_5,10,valid
sent_001118,"Chắc chắn, dễ lắp ráp, phù hợp với giá tiền",5,positive,rating_5,10,valid
sent_001119,chất lượng tương ứng giá cả,3,neutral,rating_3,6,test
sent_001120,giá rẻ cho một kệ gỗ như vậy,4,positive,rating_4,8,test
sent_001121,"Kệ đẹp, chắc chắn! Nên mua nhé mọi người!",5,positive,rating_5,9,train
sent_001122,Rất hài lòng,5,positive,rating_5,3,train
sent_001123,"Sản phẩm đẹp, tốt, giá cả hợp lý, giao hàng nhanh",5,positive,rating_5,11,valid
sent_001124,"sản phẩm đẹp, chắc chắn, rất vừa ý",5,positive,rating_5,8,train
sent_001125,Quá tuyệt vời,5,positive,rating_5,3,train
sent_001126,"kệ đẹp, đóng gói cẩn thận",5,positive,rating_5,6,train
sent_001127,"Đã mua hàng nhiều lần,sản phẩm chất lượng!",5,positive,rating_5,8,train
sent_001128,Kệ chăc chắn,4,positive,rating_4,3,train
sent_001129,Sản phẩm giao đúng như ảnh trên tiki,3,neutral,rating_3,8,train
sent_001130,"Sản phẩm dễ lắp ráp, chỉ có 1 thanh ráp bị sứt mất",3,neutral,rating_3,13,train
sent_001131,"như chất lượng trong hình, hài lòng",4,positive,rating_4,7,train
sent_001132,"Sản phẩm tốt, đẹp, mọi người nên mua nhé",5,positive,rating_5,9,valid
sent_001133,"Hàng tốt , đẹp , dễ lắp đặt",5,positive,rating_5,8,train
sent_001134,"Rất hài lòng về sả phẩm, lắp ráp nhanh,tiện",5,positive,rating_5,9,train
sent_001135,chưa bao giờ thất vọng khi mua hàng trên tiki,5,positive,rating_5,10,test
sent_001136,giá sách tạm ổn với tầm giá,3,neutral,rating_3,7,train
sent_001137,"Hàng đẹp, dễ lắp ráp, tiki giao hàng nhanh",5,positive,rating_5,9,train
sent_001138,"sản phản tốt, xứng đáng với giá tiền",5,positive,rating_5,8,test
sent_001139,"kệ đẹp và chắc chắn, 5* cho shop ah",5,positive,rating_5,9,train
sent_001140,"hàng như mô tả, đã mua 2 cái, rất hài lòng",5,positive,rating_5,11,train
sent_001141,"Quá tuyệt vời so với giá này, gỗ ép đẹp",5,positive,rating_5,10,train
sent_001142,kệ đẹp 4 sao vì giao hàng chậm,3,neutral,rating_3,8,train
sent_001143,Hài lòng với sp,4,positive,rating_4,4,valid
sent_001144,Chất lượng gỗ Ok nhưng Kick thước quá nhỏ,2,negative,rating_2,9,test
sent_001145,"Đẹp, chắc chắn, dễ lắp ghép😘🥰",5,positive,rating_5,6,test
sent_001146,"Giao hàng nhanh, hàng đẹp, chẮc nịch",5,positive,rating_5,7,train
sent_001147,Đẹp như hình,4,positive,rating_4,3,valid
sent_001148,giá sách đẹp vừa đúng ý mình,4,positive,rating_4,7,test
sent_001149,Cool ne,5,positive,rating_5,2,train
sent_001150,Hàng chắc,4,positive,rating_4,2,valid
sent_001151,sản phẩm đẹp chất lượng,5,positive,rating_5,5,train
sent_001152,"Sp quá rẻ, cực chất lượng",5,positive,rating_5,6,train
sent_001153,"Kệ đẹp dã man, gọn nữa",5,positive,rating_5,6,train
sent_001154,Sản phẩm này đẹp sử dụng hiệu quả,5,positive,rating_5,8,train
sent_001155,kệ sách rất đẹp và chắc chắn,5,positive,rating_5,7,test
sent_001156,"Giá đẹp, dễ lắp, chắc chắn",5,positive,rating_5,6,test
sent_001157,"Giá sách đẹp, tiện ích, giá phải chăng",5,positive,rating_5,8,test
sent_001158,"Hàng đóng gói kĩ lưỡng, lắp ráp dễ dàng",5,positive,rating_5,9,train
sent_001159,Kệ sách y như miêu tả,3,neutral,rating_3,6,train
sent_001160,"giao nhanh,gọn va chất lượng nhu hình",5,positive,rating_5,7,train
sent_001161,"Kệ đẹp, chắc chắn phù hợp với giá",5,positive,rating_5,8,train
sent_001162,"Chất lượng sản phẩm tốt, hài lòng!",5,positive,rating_5,7,valid
sent_001163,Sản phẩm tốt trong tầm giâ,5,positive,rating_5,6,train
sent_001164,"Giao hàng nhanh, giá cả phải chăng",5,positive,rating_5,7,test
sent_001165,"kệ sách nhìn đẹp, chất lượng gỗ tốt",5,positive,rating_5,8,train
sent_001166,sản phẩm tốt nhất với giá cả hợp lý,5,positive,rating_5,9,valid
sent_001167,"Kệ đẹp, chắc chắnnnnnnnnnnnnnnnnnnnnnnnnnnnnnnnnnnn",5,positive,rating_5,4,train
sent_001168,"Kệ sách rất đẹp, rất ưng",5,positive,rating_5,6,train
sent_001169,Sản phẩm nhìn đẹp; đáp ứng yêu cầu,4,positive,rating_4,8,train
sent_001170,"kệ bằng gỗ tấm, giá rẻ, dễ lắp ghép",5,positive,rating_5,9,train
sent_001171,"Kệ sách chắc chắn, đẹp, dễ lắp ráp",5,positive,rating_5,8,train
sent_001172,Mất công lắp ráp một xíu nhưng lắp xong rất thích,4,positive,rating_4,11,valid
sent_001173,"Sp tốt, chắc chắn đẹp mắt",5,positive,rating_5,6,train
sent_001174,"kệ gỗ đẹp, dễ lắp đặt và đúng mẫu",5,positive,rating_5,9,valid
sent_001175,"Kệ sách thì cũng được, đồ rẻ tiền",2,negative,rating_2,8,train
sent_001176,Dày đẹp chắc chắn lắm ạ,5,positive,rating_5,6,train
sent_001177,Đúng mẫu sp,3,neutral,rating_3,3,train
sent_001178,"Lắp ráp dễ, mua dịp sale nên giá tốt",5,positive,rating_5,9,train
sent_001179,Sản phẩm đẹp và chắc chắn,5,positive,rating_5,6,train
sent_001180,"Sản phẩm tốt, giá rẻ, giao hàng nhanh",5,positive,rating_5,8,train
sent_001181,"Kệ dễ đóng, giá tốt, chắc chắn",5,positive,rating_5,7,train
sent_001182,Rất ok,5,positive,rating_5,2,train
sent_001183,nói chung tiền nào của nấy,3,neutral,rating_3,6,train
sent_001184,Sản phẩm đẹp chắc chắn,5,positive,rating_5,5,train
sent_001185,sản phẩm tốt giống mô tả,3,neutral,rating_3,6,train
sent_001186,lắp lên đẹp như hình,4,positive,rating_4,5,train
sent_001187,Rất hài lòng về sản phẩm đã giao,5,positive,rating_5,8,valid
sent_001188,Chất lượng tốt,4,positive,rating_4,3,train
sent_001189,Sản phẩm rất là tuyệt vời,5,positive,rating_5,6,train
sent_001190,Tuyệt vời ông mặt trời!!,5,positive,rating_5,5,train
sent_001191,"Kệ sách đẹp, rẻ, chất lượng tốt",5,positive,rating_5,7,train
sent_001192,"Ke de lap rap, tien dung, hop tui tien, giao hang ok",5,positive,rating_5,12,train
sent_001193,sản phẩm dẹp chất lượng,5,positive,rating_5,5,valid
sent_001194,giao hàng quá chậm! !!!!!,1,negative,rating_1,5,train
sent_001195,Hàng đúng mẫu và đẹp và chắc chắn,5,positive,rating_5,8,train
sent_001196,"Hàng đẹp, dễ lắp ráp",5,positive,rating_5,5,train
sent_001197,hai muoie lăm ký tự nói chung là hài lòng,4,positive,rating_4,10,valid
sent_001198,Sản phầm hài lòng,4,positive,rating_4,4,train
sent_001199,Vẫn tốt như mong đợi,4,positive,rating_4,5,train
sent_001200,"rất hài lòng , giống hình mô tả",5,positive,rating_5,8,valid
sent_001201,Oki chất lượng so với giá oki,4,positive,rating_4,7,test
sent_001202,"sản phẩm tốt, rất ok, đáng để mua",5,positive,rating_5,8,test
sent_001203,giá và chất lượng ok,5,positive,rating_5,5,train
sent_001204,Quá tốt,5,positive,rating_5,2,train
sent_001205,khá ổnnnnnnnnnnnnnnnnnnnnnnnnnnnnnnnnnnnnnnnnnnnnn,4,positive,rating_4,2,train
sent_001206,"Sản phẩm y hình, đẹp rất hài lòng",5,positive,rating_5,8,valid
sent_001207,sp đẹp,4,positive,rating_4,2,train
sent_001208,SP đẹp y hình cũng dễ lắp ráp,5,positive,rating_5,8,test
sent_001209,Quá hời trong tầm giá 500k,5,positive,rating_5,6,train
sent_001210,Sản phẩm đẹp và giá cả phù hợp,4,positive,rating_4,8,test
sent_001211,sản phẩm rất tốt rất chắc chắn,5,positive,rating_5,7,train
sent_001212,đóng gói chắc chắn,4,positive,rating_4,4,train
sent_001213,Ok vừa giá tiền hợp với nhà nhỏ,4,positive,rating_4,8,train
sent_001214,"Hài lòng, sản phẩm như quảng cáo",4,positive,rating_4,7,train
sent_001215,tủ lắp ráp chắc chắn màu rất ok,5,positive,rating_5,8,train
sent_001216,Giá sách đẹp chắc chắn,5,positive,rating_5,5,valid
sent_001217,Quá ổn so với giá 430k,5,positive,rating_5,6,train
sent_001218,sp ok,4,positive,rating_4,2,test
sent_001219,Kệ dễ lắp ráp,4,positive,rating_4,4,test
sent_001220,Gỗ ép khá ổn,4,positive,rating_4,4,train
sent_001221,"Kệ tốt, màu đẹp rất chắc chắn",5,positive,rating_5,7,train
sent_001222,Tủ đẹp như em,4,positive,rating_4,4,train
sent_001223,"Đúng hình, đẹp, gỗ cũng khá ok",5,positive,rating_5,7,train
sent_001224,Màu đẹp và chắc chẮn,5,positive,rating_5,5,valid
sent_001225,thực sự rất hài lòng,5,positive,rating_5,5,test
sent_001226,"Rất tốt, đẹp và dễ lắp ráp",5,positive,rating_5,7,train
sent_001227,"Sản phẩm dễ lắp ráp, tiện dụng",5,positive,rating_5,7,valid
sent_001228,tốt trong tầm giá,4,positive,rating_4,4,valid
sent_001229,"Kệ sách đẹp, giao hàng nhanh",5,positive,rating_5,6,train
sent_001230,Đã nhận sản phẩm rất hài lòng,5,positive,rating_5,7,train
sent_001231,"Ngoài sức tưởng tượng, quá đẹp",5,positive,rating_5,6,train
sent_001232,"Sản phẩm đẹp, chất lượng lắm!",5,positive,rating_5,6,valid
sent_001233,Hàng quá xịn,5,positive,rating_5,3,test
sent_001234,Kệ tốt,4,positive,rating_4,2,train
sent_001235,Sản phẩm Rất tốt giao hàng nhanh,5,positive,rating_5,7,valid
sent_001236,"dễ lắp đặt, dùng ổn",4,positive,rating_4,5,train
sent_001237,"Giao hàng bị gẫy đầu, gỗ mỏng",1,negative,rating_1,7,test
sent_001238,"Tốt, dễ lắp và chắc chắn",5,positive,rating_5,6,train
sent_001239,"Okie, hàng chính hãng, xài tốt :)",4,positive,rating_4,7,valid
sent_001240,"Sản phẩm tốt, rất hài lòng",5,positive,rating_5,6,train
sent_001241,Đẹp chắc chắn,5,positive,rating_5,3,train
sent_001242,"Kệ là gỗ ép, phù hợp giá tiền",3,neutral,rating_3,8,train
sent_001243,Ok êm so với tầm giá,4,positive,rating_4,6,train
sent_001244,Giá cả phù hợp chất lượng ok,4,positive,rating_4,7,train
sent_001245,"Hàng tốt, ok",4,positive,rating_4,3,valid
sent_001246,Giao hàng chậm 1 ngày kệ dễ lắp,3,neutral,rating_3,8,train
sent_001247,"Kệ đẹp, giá rẻ, dễ lắp ráp",5,positive,rating_5,7,train
sent_001248,đẹp và rẻ👌,5,positive,rating_5,3,train
sent_001249,"đẹp, đúng như mô tả",4,positive,rating_4,5,train
sent_001250,Kệ đẹp! Hàng hoá đónh gói ok!,5,positive,rating_5,7,train
sent_001251,Hàng đúng mô tả,3,neutral,rating_3,4,train
sent_001252,Hàng y như hình,3,neutral,rating_3,4,valid
sent_001253,Hàng ok đã mua 2 kệ rất ưng ý,5,positive,rating_5,9,train
sent_001254,"sản phẩm rat đẹp ,giá hợp lý",5,positive,rating_5,7,train
sent_001255,Hàng đẹp và tốt hơn mong đợi,5,positive,rating_5,7,train
sent_001256,"hàng tốt, dễ lắp ráp",5,positive,rating_5,5,train
sent_001257,Chắc chắn và tiện dụng!,5,positive,rating_5,5,valid
sent_001258,kệ rất đẹp nha mọi người!,5,positive,rating_5,6,train
sent_001259,Quá đẹp và ưng ý,5,positive,rating_5,5,train
sent_001260,"SP đẹp, dễ lắp ráp",5,positive,rating_5,5,train
sent_001261,"giao hàng đúng, chất lượng tốt",5,positive,rating_5,6,train
sent_001262,Sản phẩm chuẩn,4,positive,rating_4,3,valid
sent_001263,Tốt đẹp bền ngon bổ rẻ,5,positive,rating_5,6,train
sent_001264,"Kệ đẹp, dễ lắp ráp!",5,positive,rating_5,5,train
sent_001265,"Hàng đẹp, chất lượng tốt",5,positive,rating_5,5,valid
sent_001266,kệ dùng tốt,5,positive,rating_5,3,train
sent_001267,"Rất đẹp và thích, chắc chắn",5,positive,rating_5,6,train
sent_001268,gỗ cứng cáp và chắc chắn,5,positive,rating_5,6,train
sent_001269,"Tuyệt vời, chắc chắn, đẹp",5,positive,rating_5,5,valid
sent_001270,"Kệ chắc chắn, đẹp",5,positive,rating_5,4,train
sent_001271,"rất ưng, đáng tiền lắm luôn",5,positive,rating_5,6,train
sent_001272,hang chat luong,4,positive,rating_4,3,train
sent_001273,"Nhiều thanh bị xấu, bóng, cong",1,negative,rating_1,6,train
sent_001274,"sản phẩm tốt, đẹp, như hình",5,positive,rating_5,6,train
sent_001275,"gọn, để đồ đẹp",5,positive,rating_5,4,train
sent_001276,sp hợp túi tiền,4,positive,rating_4,4,train
sent_001277,"kệ đẹp,chắc chắn",5,positive,rating_5,3,train
sent_001278,"Sản phẩm đúng như QC, ưng ý",4,positive,rating_4,7,train
sent_001279,Râtđẹp ạ,5,positive,rating_5,2,train
sent_001280,ke sach đẹp,4,positive,rating_4,3,valid
sent_001281,Cực hài lòng!,5,positive,rating_5,3,valid
sent_001282,rât hài lòng :),5,positive,rating_5,4,train
sent_001283,hài lòng về sản phẩm,4,positive,rating_4,5,train
sent_001284,"Tủ đẹp, lắp dễ",5,positive,rating_5,4,train
sent_001285,tôi rất thích sản phẩm này,5,positive,rating_5,6,valid
sent_001286,"Kệ dep tien dụng , hai long",5,positive,rating_5,7,train
sent_001287,"Gỗ đẹp, chắc chắn",5,positive,rating_5,4,train
sent_001288,Very Good,5,positive,rating_5,2,train
sent_001289,Ổn trong tầm giá,3,neutral,rating_3,4,train
sent_001290,"đẹp, rất hài lòng",5,positive,rating_5,4,train
sent_001291,5* + hài lòng,4,positive,rating_4,4,train
sent_001292,Ok lắm shop,5,positive,rating_5,3,valid
sent_001293,Kệ siêu xinh luôn mng ạaa,5,positive,rating_5,6,train
sent_001294,Tuyệt vờiiiiiiiiiiiiiiiiiii,5,positive,rating_5,2,train
sent_001295,san pham đẹp,4,positive,rating_4,3,test
sent_001296,Good Job,5,positive,rating_5,2,train
sent_001297,good one,5,positive,rating_5,2,train
sent_001298,rất tốt,5,positive,rating_5,2,valid
sent_001299,"ok, dùng tốt",4,positive,rating_4,3,valid
sent_001300,"quá ""chim ưng""",5,positive,rating_5,3,train
sent_001301,Okkkkkkkkkkkkkkkkkkkkkkkkkkk,5,positive,rating_5,1,train
sent_001302,"Tốt , nên mua",4,positive,rating_4,4,train
sent_001303,"Đẹp, tốt",5,positive,rating_5,2,train
sent_001304,Sp tốt,4,positive,rating_4,2,train
sent_001305,sp y hình,3,neutral,rating_3,3,train
sent_001306,Pefect !!!,5,positive,rating_5,2,train
sent_001307,Tot,4,positive,rating_4,1,train
sent_001308,👍,5,positive,rating_5,1,train
sent_001309,Xử lý và giao hàng nhanh chóng! Sản phẩm đầy đủ không bị trầy xước bên ngoài!,5,positive,rating_5,17,train
sent_001310,xuất sắc lắm nha,5,positive,rating_5,4,train
sent_001311,Xài rất tốt,5,positive,rating_5,3,train
sent_001312,Xài cực phê,5,positive,rating_5,3,train
sent_001313,Xài cũng ok giữ đá quá đã từ trưa tới tối vẫn còn,5,positive,rating_5,13,train
sent_001314,"vừa nhận được bình chiều nay, cực kì thích",5,positive,rating_5,9,test
sent_001315,"Vừa đặt hàng hôm qua, sáng nay nhận được luôn",5,positive,rating_5,10,valid
sent_001316,"vỏ nhám, bề ngoài đẹp, order tối qua nhưng sáng nay đã nhận được",5,positive,rating_5,14,train
sent_001317,"Vỏ bình (chắc bằng thép, không phải bằng nhựa) sơn đẹp",4,positive,rating_4,11,valid
sent_001318,"Về sản phẩm, sản phẩm của Lock&Lock thì có chất lượng khỏi chê: giữ nhiệt cả nóng và lạnh tốt trong thời gian dài, màu sắc bắt mắt, bền đẹp, bình to nhưng rất nhẹ, thiết kế có 2 đường vát 2 bên thân bình giúp dễ dàng cầm giữ, quai cầm trên nắp bình rất chắc chắn, đế có lót cao su giúp bình k bị xê dịch, đặt bình xuống không có tiếng ồn",5,positive,rating_5,76,test
sent_001319,"Về sản phẩm của Lock&Lock thì có chất lượng khỏi chê: giữ nhiệt cả nóng và lạnh tốt trong thời gian dài, màu sắc bắt mắt, bền đẹp, bình to nhưng rất nhẹ, thiết kế có 2 đường vát 2 bên thân bình giúp dễ dàng cầm giữ, quai cầm trên nắp bình rất chắc chắn, đế có lót cao su giúp bình k bị xê dịch, đặt bình xuống không có tiếng ồn",5,positive,rating_5,74,train
sent_001320,"Về ngoại hình thì hàng L&L khỏi chê rồi, vỏ bình nhám nên cầm khá chắc tay, giữ lạnh khá lâu, miệng bình rộng nên dễ thêm đá viên vào",5,positive,rating_5,30,test
sent_001321,"Về cảm quan thì Bình đẹp, khá dày dặn và chắc chắn",5,positive,rating_5,12,test
sent_001322,"Vẫn là lỗi truyền nhiệt nắp bình, nếu để bình nằm ngang sẽ đổ mồ hôi nắp và mau tan đá",1,negative,rating_1,21,train
sent_001323,"Ưng lắm luôn, sẽ ủng hộ dài dài :)",5,positive,rating_5,9,train
sent_001324,Ưng lắm luôn! Bình chứa được nhiều mà còn đẹp nữa,5,positive,rating_5,11,train
sent_001325,trong quá trình vận chuyển bao bì móp méo nhưng sản phẩm k ảnh hưởng nhiều,2,negative,rating_2,16,train
sent_001326,trong quá trình có phát sinh nhiều thứ gần đây là va đập khá mạnh vào mặt đường ở tốc độ 60km/h nhưng bên trong vẫn ổn có xước hơi nhiều bên ngoài,3,neutral,rating_3,33,train
sent_001327,"trong 1 năm mà phải mua 4 bình loại thường ở TGDĐ, quá mau hư hỏng",1,negative,rating_1,16,train
sent_001328,Thực sự thì nó rất đẹp và chắc chắn,5,positive,rating_5,9,train
sent_001329,"Thiết kế rất tốt, chắc chắn",5,positive,rating_5,6,train
sent_001330,"Thiết kế đẹp mắt, trông hiện đại",5,positive,rating_5,7,train
sent_001331,"Thích lắm, mua lúc km nữa nên ưng",5,positive,rating_5,8,test
sent_001332,Thích bình giữ nhiệt này,4,positive,rating_4,5,train
sent_001333,"thể tích thật thì chưa kiểm tra được, chất sơn rất đẹp nhám tay",5,positive,rating_5,14,train
sent_001334,Thấy chất lượng xem qua ok,4,positive,rating_4,6,train
sent_001335,"Thấy cũng ổn , không biết sau có hạn không",3,neutral,rating_3,10,test
sent_001336,"Thật vừa ý, giao hàng nhanh",5,positive,rating_5,6,train
sent_001337,"Thân bình tuy to, nhưng 2 bên hông có 2 đường vát nhẹ nên vẫn dễ cầm, hoạ tiết sắc sảo, nước sơn mờ cầm vào là thích",5,positive,rating_5,28,train
sent_001338,That tuyet vi tranh thu mua dc deal gia tot,5,positive,rating_5,10,test
sent_001339,"Tuyệt vời! Hàng nước ngoài ship hơi lâu nhưng mà chất lượng cực tốt, không uổng công chờ 😇",5,positive,rating_5,19,train
sent_001340,tuyệt,5,positive,rating_5,1,train
sent_001341,"Tuy hơi to và cồng kềnh hơn so với mình nghĩ, nhưng giữ nhiệt lâu, đậy nắp ko bị tràn",3,neutral,rating_3,20,train
sent_001342,"Tốt,bình dung tích lớn uống rất đã",5,positive,rating_5,7,valid
sent_001343,"tốt, giữ đá rất lâu, tầm được 2 ngày",5,positive,rating_5,9,train
sent_001344,"Tốt và đẹp hơn cả mong đợi, bình đựng được nhiều nước, đá bỏ vào thoải mái vì miệng bình lớn, dễ vệ sinh",5,positive,rating_5,24,train
sent_001345,tốt nói chung rất hài lòng,5,positive,rating_5,6,valid
sent_001346,tốt lắm,5,positive,rating_5,2,train
sent_001347,Tốt hơn mong đợi,5,positive,rating_5,4,train
sent_001348,Tốt hơn cả mong đợi! Mình mua màu vàng! Lúc đc giảm giá 300k,5,positive,rating_5,14,train
sent_001349,Tốt đúng như quảng cáo,4,positive,rating_4,5,valid
sent_001350,Tốt chất lượng đẹp,5,positive,rating_5,4,train
sent_001351,"Tốt , chắc chắn",5,positive,rating_5,4,train
sent_001352,Tốt !,5,positive,rating_5,2,train
sent_001353,"Tôi rất hài lòng về sp này, bình to đựng được nhiều nước uống hơn",5,positive,rating_5,15,train
sent_001354,"tôi rất hài lòng về sản phẩm, 24h k tan đá",5,positive,rating_5,11,train
sent_001355,Tôi đặt thêm bình màu vàng ! Dự đinh tận 16-19/7 giao ! Vậy sao T ko nhìn thấy đơn hàng 279,2,negative,rating_2,22,valid
sent_001356,Tôi đặng hàng từ hôm 18/6 đến giờ vẫn chưa thấy sản phẩm đâu,1,negative,rating_1,14,train
sent_001357,Tôi cho nước sôi vào bình chiều hôm trước tới sáng hôm sau nó nguội ngắt rồi,1,negative,rating_1,17,train
sent_001358,"tot, tru duoc nhieu nuoc nong, tien loi",5,positive,rating_5,8,train
sent_001359,toẹt vời,5,positive,rating_5,2,train
sent_001360,"Tiki now thì khỏi phải chê rồi ,giao cực nhanh !Còn về bình thì giữ nhiệt tốt (cả nóng và lạnh) Mình dùng nước đá từ sáng đến trưa vẫn còn lạnh",5,positive,rating_5,32,valid
sent_001361,"Tiki giao quá nhanh, hàng rất đẹp, ưng ý lắm, mua trong dịp giảm 50% nữa, rất phù hợp với nhu cầu của nhân ciên văn phòng, binh bự",5,positive,rating_5,29,train
sent_001362,"Tiki giao hàng siêu nhanh, 11h đêm đặt mà trưa 2-3h là đã có hàng",5,positive,rating_5,15,train
sent_001363,"Tiki giao hàng rất nhanh, nhưng sản phẩm bị trầy xước nhiều như đã sử dụng rồi vậy",5,positive,rating_5,18,test
sent_001364,"Tiki giao hàng nhanh, sp chất lượng tốt, bình rất đẹp",5,positive,rating_5,11,train
sent_001365,"Tiki giao hàng nhanh, đóng gói kỹ lưỡng",5,positive,rating_5,8,valid
sent_001366,"Tiki giao hàng nhanh, đóng gói chắc chắn, chất lượng sp tuyệt vời",5,positive,rating_5,13,train
sent_001367,"Tiki giao hàng nhanh, đặt chiều, sáng mai giao",4,positive,rating_4,9,train
sent_001368,"Tiki giao hàng nhanh, bình rất đẹp, màu đẹp, chất liệu cầm vào rất chắc, ko bị trơn, nhìn gọn chứ ko bự như mình nghĩ, giữ đá rất lâu, mình mang đi làm cả ngày đá cũng tan có 1 tí xíu thôi, gần như còn nguyên, ưng lắm",5,positive,rating_5,50,valid
sent_001369,"Tiki giao hàng nhanh, bình có thể chứa được nhiều nước, giữ nhiệt ổn",5,positive,rating_5,14,train
sent_001370,"Tiki giao hàng nhanh siêu tốc, sản phẩm rất đẹp, sẽ mua vài chiếc nữa cho gia đình sử dụng",5,positive,rating_5,20,test
sent_001371,Tiki giao hàng có ngày sản xuất cũ quá (tháng 1/2018),2,negative,rating_2,11,valid
sent_001372,"Tiki gói hàng cực sơ sài, mua 5 bình để tặng quà mà hết 4 hộp vỏ giấy móp méo như hình làm sao mà tặng",1,negative,rating_1,26,train
sent_001373,"tiki đợt này giao hàng chậm quá,ghi giao 1/6 mà đến 4/6 mới giao",1,negative,rating_1,14,train
sent_001374,"Tiki đóng gói cẩn thận, hàng nguyên đẹp",5,positive,rating_5,8,train
sent_001375,"tiki đóng gói cẩn thận, bình đẹp và giữ nhiệt được lâu nữa ?",5,positive,rating_5,14,valid
sent_001376,TIKI đóng gói cẩn thận,4,positive,rating_4,5,train
sent_001377,"Tạm thời thấy ok, cần dùng một thời gian mới đánh giá chính xác được",4,positive,rating_4,15,test
sent_001378,Sử dụng tốt bền,5,positive,rating_5,4,test
sent_001379,"Sử dụng tikinow giao nhanh, shipper thân thiện nhanh nhạy",5,positive,rating_5,10,test
sent_001380,"sử dụng sản phẩm ok, hài lòng",4,positive,rating_4,7,train
sent_001381,"sử dụng rất ok! cả gia đình mình 4 người đều sử dụng, giữ đá hơn 12 tiếng",5,positive,rating_5,18,valid
sent_001382,"Sp tốt, m đã mua cho mình dùng và đặt thêm giúp bạn bè, anh chị em khoảng hơn chục cái mọi người đều ưng ý",5,positive,rating_5,26,test
sent_001383,"Sp tốt, đã sử dụng đc hơn 1 năm, vẫn rất tốt",5,positive,rating_5,12,train
sent_001384,"SP tốt như mô tả, giữ nhiệt quá tốt",5,positive,rating_5,9,test
sent_001385,Sp tốt mẫu mã đẹp,5,positive,rating_5,5,train
sent_001386,"Sp tốt giống hình, giữ nhiệt tốt",5,positive,rating_5,7,train
sent_001387,Sp rất tốt,5,positive,rating_5,3,train
sent_001388,sp giữ nóng được cả ngày,5,positive,rating_5,6,train
sent_001389,"Sp giao hàng nhanh, đúng mẫu đúng màu!",5,positive,rating_5,8,train
sent_001390,"sp đúng như hình, rất hài lòng về sp, về cách phục vụ của shiper",5,positive,rating_5,15,train
sent_001391,"sp đẹp, giữ nhiệt tốt",5,positive,rating_5,5,test
sent_001392,"Sp đẹp như hình, giữ nhiệt lâu, tiki đóng gói chắc chắn và giao hàng nhanh",5,positive,rating_5,16,train
sent_001393,Sp dùng rất ok,5,positive,rating_5,4,test
sent_001394,Sơn nhám nên màu hơi ám không được tươi như hình trên web,2,negative,rating_2,13,train
sent_001395,"sơn nhám đẹp , bình to ok",5,positive,rating_5,7,train
sent_001396,"Sơn dễ trầy nha mọi người, nên đi kèm theo túi đựng",2,negative,rating_2,12,valid
sent_001397,"So quá good, tiếc nhất là mình vừa mua trong siêu thị xong mới thấy o thì mua lần hai , ba bình roài",5,positive,rating_5,24,test
sent_001398,SO GOOD,5,positive,rating_5,2,train
sent_001399,"Sau 1 tuần dùng cảm thấy rất chim ưng, giữ nhiệt tốt, bình đẹp, cầm thích tay",5,positive,rating_5,17,train
sent_001400,"sản phẩm y hình, đẹp và rất to",5,positive,rating_5,8,train
sent_001401,"Sản phẩm xài tốt, màu đẹp đúng ý, giao hàng nhanh",5,positive,rating_5,11,train
sent_001402,Sản phẩm thì ok,4,positive,rating_4,4,test
sent_001403,"Sản phẩm tuyệt vời, giữ đá rất lâu, thiết kế bình cũg dễ thương và tiện lợi, giao hàng nhanh , đóng gói sản phẩm cẩn thận ,mình mua màu đỏ tươi rất đẹp",5,positive,rating_5,34,train
sent_001404,"sản phẩm tuyệt vời, giao hàng nhanh",5,positive,rating_5,7,train
sent_001405,Sản phẩm tuyệt vời ngoài sức mong đợi,5,positive,rating_5,8,train
sent_001406,"sản phẩm tốt, sử dụng ko bị bám mùi",5,positive,rating_5,9,valid
sent_001407,"sản phẩm tốt, hình thức đẹp",5,positive,rating_5,6,train
sent_001408,"sản phẩm tốt, giữ nhiệt ngon lành 😊 😊😊😊😊😊😊😊😊😊",5,positive,rating_5,9,train
sent_001409,"Sản phẩm tốt, giữ nhiệt lâu có thể đến 24h cả nóng lẫn lạnh",5,positive,rating_5,14,train
sent_001410,"sản phẩm tốt, giao hằng đúng ngày và đóng gói cẩn thận",5,positive,rating_5,12,train
sent_001411,"Sản Phẩm tốt, giá lúc khuyến mãi rẻ",5,positive,rating_5,8,train
sent_001412,"Sản phẩm tốt, đóng gói cẩn thận",5,positive,rating_5,7,train
sent_001413,"Sản phẩm tốt, đẹp",5,positive,rating_5,4,train
sent_001414,"Sản phẩm tốt, đẹp, chất lượng",5,positive,rating_5,6,test
sent_001415,"Sản phẩm tốt, dung tích lớn, giữ nhiệt lâu",5,positive,rating_5,9,train
sent_001416,"sản phẩm tốt, dùng cũng đã 1,5 tháng vẫn ok",5,positive,rating_5,10,train
sent_001417,"Sản phẩm tốt, chất lượng ok",5,positive,rating_5,6,train
sent_001418,Sản phẩm tốt với tầm tiền,4,positive,rating_4,6,train
sent_001419,Sản phẩm tốt và dùng nóng lạnh cả ngày được,5,positive,rating_5,10,valid
sent_001420,Sản phẩm tốt và chất lượng như hình,5,positive,rating_5,8,train
sent_001421,"Sản phẩm tốt trong tầm giá,giữ nóng lạnh điều tốt,cảm ơn Shop nhiều",5,positive,rating_5,13,test
sent_001422,Sản phẩm tốt như lời đồn!,5,positive,rating_5,6,valid
sent_001423,Sản phẩm tốt nên đã mua thêm bình thứ 2 màu xám rất đẹp,5,positive,rating_5,14,train
sent_001424,Sản phẩm tốt đúng màu đúng mẫu,4,positive,rating_4,7,train
sent_001425,"Sản phẩm sử dụng tốt thiết kế đẹp, giữ nhiệt tốt có quai xách tiện lợi",5,positive,rating_5,16,train
sent_001426,Sản phẩm sản phẩm tốt!!!!!,5,positive,rating_5,5,train
sent_001427,"Sản phẩm rất tốt, tiện dụng, đá mình để từ 7h hôm trước đến 7h hôm sau vẫn chưa tan hết",5,positive,rating_5,21,train
sent_001428,"sản phẩm rất tốt, nhưng lớp sơn dễ bị bong ra , rất tốt",5,positive,rating_5,14,test
sent_001429,"Sản phẩm rất tốt, giữ nóng, lạnh lâu",5,positive,rating_5,8,test
sent_001430,"Sản phẩm rất tốt, giữ lạnh tuyệt vời, mẫu mã đẹp",5,positive,rating_5,11,train
sent_001431,"Sản phẩm rất tốt, đã mua 1 bình màu vàng, xài rất ok, đây là cái thứ 2",5,positive,rating_5,18,valid
sent_001432,Sản phẩm rất tôt,5,positive,rating_5,4,train
sent_001433,Sản phẩm rất phù hợp với nhu cầu của tôi,5,positive,rating_5,10,train
sent_001434,"Sản phẩm rất đẹp, ưng lắm",5,positive,rating_5,6,test
sent_001435,"sản phẩm rất đep, lock&lock là thương hiệu nổi tiếng, khá là yên tâm",5,positive,rating_5,14,train
sent_001436,"Sản phẩm rất đẹp, giống ảnh, dung tích lớn, đóng gói cẩn thận, giao hàng nhanh",5,positive,rating_5,16,train
sent_001437,sản phẩm rất đẹp,5,positive,rating_5,4,train
sent_001438,Sản phẩm rất chất lượng với số tiền bỏ ra,5,positive,rating_5,10,valid
sent_001439,"Sản phẩm okie miễn bàn luôn, quay lại viết comment sau 1 time khá dài sử dụng :D cám ơn Tiki nhiều ạ",5,positive,rating_5,23,train
sent_001440,sản phẩm oke lắm,5,positive,rating_5,4,train
sent_001441,Sản phẩm như quảng cáo,3,neutral,rating_3,5,valid
sent_001442,Sản phẩm như hình,3,neutral,rating_3,4,train
sent_001443,"Sản phẩm như ảnh, rất đáng tiền, giao nhanh cực kỳ",5,positive,rating_5,11,train
sent_001444,"Sản phẩm nhìn đẹp, giữ nhiệt lâu, rất hài lòng",5,positive,rating_5,10,train
sent_001445,"sản phẩm nhìn đẹp, chắc chắn, bình lớn, giữ đá lâu",5,positive,rating_5,11,train
sent_001446,"Sản phẩm này không gì để chê, có tìm mãi ra thì chỉ có vài điểm là nhét đá vào mệt mỏi, rửa cũng k hề dễ; còn giữ lạnh hay giữ nhiệt lâu khỏi bàn, bỏ cà phê sữa vào là xác định mùa mít mới tan đá để uống nha!",5,positive,rating_5,52,valid
sent_001447,sản phẩm không giữ được nhiệt,2,negative,rating_2,6,train
sent_001448,"Sản phẩm khá tốt , giao hàng nhanh chóng , hàng chính hãng",5,positive,rating_5,13,train
sent_001449,"sản phẩm hiện giờ dùng tạm ổn, về lâu dài thì chưa biết sao",3,neutral,rating_3,14,train
sent_001450,"Sản phẩm giữ nhiệt tốt, thiết kế đẹp thông minh, mới sử dụng hơn hai tuần nhưng cực kỳ hài lòng 5*",5,positive,rating_5,22,train
sent_001451,"sản phẩm giữ nhiệt tốt, thích",4,positive,rating_4,6,train
sent_001452,"Sản phẩm giữ nhiệt tốt, tuy nhiên ngoại hình có 1 vết (giống vết sơn) không thể gỡ ra -> tuy không ảnh hưởng đến chức năng của bình nhưng sản phẩm không hoàn thiện tốt ngoại hình nên mình chỉ cho 4 sao",3,neutral,rating_3,44,train
sent_001453,"Sản phẩm giữ nhiệt tốt, đóng gói cẩn thận, hài lòng về sp",5,positive,rating_5,13,train
sent_001454,"Sản phẩm giữ nhiệt tốt, đá vẫn còn đau 12 tiếng sử dụng",5,positive,rating_5,13,train
sent_001455,"sản phẩm giữ nhiệt tốt, chắc chắn",5,positive,rating_5,7,test
sent_001456,Sản phẩm giữ nhiệt tốt hơn cả mong đợi,5,positive,rating_5,9,train
sent_001457,Sản phẩm giữ nhiệt tốt để từ sáng den tối vẫn còn đá,5,positive,rating_5,13,train
sent_001458,sản phẩm giữ nhiệt tốt,4,positive,rating_4,5,train
sent_001459,sản phẩm giữ nhiệt rất tốt,5,positive,rating_5,6,test
sent_001460,sản phẩm giữ đá rất lâu tầm hơn 12 tiếng,5,positive,rating_5,10,train
sent_001461,"sản phẩm giống như hình, hất hài lòng về chất lượng",5,positive,rating_5,11,test
sent_001462,Sản phẩm giống như hình tốt,4,positive,rating_4,6,train
sent_001463,"Sản phấm giống hình, giữ nhiệt dc lâu khoảng 10 tiếng, dung tích to, đựng dc nhiều nước tiện lợi khi mang đi du lịch hay đi làm",5,positive,rating_5,28,train
sent_001464,"Sản phẩm giống hình, giữ nóng khá tốt",4,positive,rating_4,8,valid
sent_001465,"sản phẩm gióng y hình, giao hàng nhanh chóng, phục vụ tốt",5,positive,rating_5,12,train
sent_001466,"sản phẩm giao bị móp, mua hàng mà bị lỗi như vậy khá thất vọng",1,negative,rating_1,15,train
sent_001467,"Sản phẩm đúng như mong đợi luôn, giữ đá cực tốt, giao hàng nhanh như chớp",5,positive,rating_5,16,train
sent_001468,Sản phẩm đúng như kỳ vọng,5,positive,rating_5,6,valid
sent_001469,"Sản phẩm đúng như hình mình rất hài lòng bình đựng nước nóng hoặc đá giữ nhiệt rất tốt, roăng cao su mút chặt bình có đổ nước cũng không chảy ra ngoài",5,positive,rating_5,33,train
sent_001470,Sản phẩm đóng gói cẩn thận,4,positive,rating_4,6,train
sent_001471,Sản phẩm đệp giao hàng nhanh,4,positive,rating_4,6,train
sent_001472,"Sản phẩm đẹp, vỏ nhám cầm chắc tay đáng đồng tiền",5,positive,rating_5,11,train
sent_001473,"Sản phẩm đẹp, sử dụng tốt",5,positive,rating_5,6,test
sent_001474,"Sản phẩm đẹp, màu vang cực đẹp",5,positive,rating_5,7,test
sent_001475,"Sản phẩm đẹp, màu sắc bắt mắt, hy vọng sử dụng được bền",5,positive,rating_5,13,test
sent_001476,"Sản phẩm đẹp, giữ nhiệt tốt!",5,positive,rating_5,6,test
sent_001477,"Sản phẩm đẹp, giao hàng rất nhanh",5,positive,rating_5,7,train
sent_001478,"Sản phẩm đẹp, giá tốt",5,positive,rating_5,5,train
sent_001479,"Sản phẩm đẹp, đúng như quảng cáo",4,positive,rating_4,7,train
sent_001480,"Sản phẩm đẹp, đóng gói cẩn thận, chưa dùng nên chưa biết đc chức năng giữ nhiệt, khi nào dùng sẽ đánh giá sau",5,positive,rating_5,24,train
sent_001481,"sản phẩm đẹp, cằm rất chắc chắn , rát hài lòng về sp này",5,positive,rating_5,14,train
sent_001482,Sản phẩm đẹp như mô tả,4,positive,rating_4,6,valid
sent_001483,Sản phẩm đẹp như hình quảng cáo,4,positive,rating_4,7,train
sent_001484,"Sản phẩm đẹp lắm,cầm bình rất chắc tay",5,positive,rating_5,8,train
sent_001485,Sản phẩm đẹp dũng tích cao giá hợp lý tuỳ nhiên mùi nhựa có thoảng thoảng một chút và nêu cho những loại nước như nước chè sữa thì sẽ để lại mùi,4,positive,rating_4,33,test
sent_001486,Sản phẩm đẹp chất lượng tốt,5,positive,rating_5,6,test
sent_001487,"Sản phẩm đẹp , hài lòng",4,positive,rating_4,6,train
sent_001488,Sản phẩm đc đóng gói kỹ lưỡng,4,positive,rating_4,7,valid
sent_001489,"sản phẩm dùng tốt, giữ nóng lâu, mẫu mã đẹp, dung tích nhiều",5,positive,rating_5,13,train
sent_001490,Sản phẩm dùng tốt và giữ lạnh tốt,5,positive,rating_5,8,valid
sent_001491,Sản phẩm dùng ổn,3,neutral,rating_3,4,train
sent_001492,"sản phẩm dày dặn, màu vàng đẹp, giữ nhiệt tốt",5,positive,rating_5,10,train
sent_001493,"Sản phẩm chuẩn, to và giữ nhiệt tốt, giao hàng nhanh, đóng gói kỹ",5,positive,rating_5,14,train
sent_001494,Sản phẩm chính hãng,3,neutral,rating_3,4,train
sent_001495,"Sản phẩm chất lượng, giống mô tả và hoàn thiện rất tốt",5,positive,rating_5,12,train
sent_001496,"Sản phẩm chất lượng, đúng với hình ảnh",4,positive,rating_4,8,train
sent_001497,Sản phẩm chất lượng và giữ nước đc lâu lắm ý,5,positive,rating_5,11,train
sent_001498,sản phẩm chất lượng tốt,4,positive,rating_4,5,train
sent_001499,"Sản phẩm chất lượng giữ nhiệt rất tốt mình đánh giá 5 sao cho sản phẩm, nhưng dịch vụ giao hàng bên tiki thật sự mình không hài lòng, order hôm 22/5 tiki cfm giao 27/5 mà ko giao, sau đó nhắn tin giao hàng ngày 29/5 nhưng cũng ko giao và ko nhắn tin báo lại",3,neutral,rating_3,57,test
sent_001500,"sản phẩm chất lượng , tốt",4,positive,rating_4,6,train
sent_001501,Sản phẩm chắc chắn,4,positive,rating_4,4,test
sent_001502,"Sản phẩm của Lock&Lock chất lượng rất tốt, giao hàng nhanh",5,positive,rating_5,11,train
sent_001503,"Sản phẩm cầm chắc tay, sơn nhám nên không lo trầy",5,positive,rating_5,11,valid
sent_001504,Sản phẩm bình giữ nhiệt này thật sự tuyệt vời,5,positive,rating_5,10,train
sent_001505,Sản phẩm an toàn chất lượng chắc chắn sẽ ủng hộ dài dài,5,positive,rating_5,13,train
sent_001506,sản phẩm giữ nhiệt tốt nhưng quai bị lỗi rồi,3,neutral,rating_3,10,train
sent_001507,"San pham tốt, hang chat luong",5,positive,rating_5,6,train
sent_001508,"San pham tot, giong hinh va giao hang nhanh minh rat tin va tiki",5,positive,rating_5,14,train
sent_001509,San pham rat tuyet voi,5,positive,rating_5,5,train
sent_001510,San pham rat tot toi da mua rat nhieu cai roi,5,positive,rating_5,11,test
sent_001511,"San pham giu am rat lau, minh nghi chac cung phai duoc hon 15h",5,positive,rating_5,14,train
sent_001512,sảm phẩm đẹp như hình,4,positive,rating_4,5,train
sent_001513,rất vừa ý mình,5,positive,rating_5,4,train
sent_001514,"Rất ưng, màu sắc đẹp, giữ nhiệt tốt, bình ko bị trơn trượt và ko bị phát ra tiếng kêu to khi đặt xuống bàn",5,positive,rating_5,25,train
sent_001515,"rât ưng ý, giữ nhiệt khá tốt",5,positive,rating_5,7,train
sent_001516,"Rất ưng ý, giữ lạnh lâu",5,positive,rating_5,6,test
sent_001517,Rất thời trang và bền,5,positive,rating_5,5,train
sent_001518,rất thích,5,positive,rating_5,2,train
sent_001519,"Rất thích, mình để nước từ tối hôm trước tới trưa hôm sau vẫn còn và lạnh 💚",5,positive,rating_5,18,train
sent_001520,rất thích luôn siêu tiện lợi,5,positive,rating_5,6,train
sent_001521,Rất thích hàng đẹp,5,positive,rating_5,4,train
sent_001522,"Rất thích bình này, đẹp hơn mong đợi, giữ nhiệt nóng lạnh đều rất tốt",5,positive,rating_5,15,train
sent_001523,Rất tuyệt vời,5,positive,rating_5,3,train
sent_001524,"Rất tốt, bình lớn, giữ được cả ngày vẫn không tan hết đá",5,positive,rating_5,13,train
sent_001525,rất tốt giữ nhiệt lâu,5,positive,rating_5,5,train
sent_001526,Rất tốt ạ,5,positive,rating_5,3,valid
sent_001527,rất tiện lợi,5,positive,rating_5,3,train
sent_001528,rất rất thích,5,positive,rating_5,3,train
sent_001529,"Rất hài lòng, nhà mình có khoảng chục bình lock and lock các loại!",5,positive,rating_5,14,train
sent_001530,Rất hài lòng với sản phẩm và phương pháp giao hàng nhanh chóng của TIKI,5,positive,rating_5,15,valid
sent_001531,"Rất hài lòng về sp, chưa bao giờ thất vọng hàng của Lock and Lock",5,positive,rating_5,15,valid
sent_001532,Rất hài lòng về sản phẩm,5,positive,rating_5,6,train
sent_001533,"Rất hài lòng về sản phẩm, lại mua đợt giá sale nên càng ưng",5,positive,rating_5,14,train
sent_001534,Rất hài lòng về sản phẩm nay,5,positive,rating_5,7,train
sent_001535,Rất hài lòng cách giao hàng của Tiki,5,positive,rating_5,8,train
sent_001536,"Rất hài lòng , hàng chất lượng",5,positive,rating_5,7,test
sent_001537,"Rất hài lòng , giao hàng nhanh , hàng đẹp ko bị trầy gì hết",5,positive,rating_5,15,train
sent_001538,"rất hài hòng về sản phẩm, chất lượng, mua ngay đợt giảm giá nên quá tuyệt vời",5,positive,rating_5,17,valid
sent_001539,"Rất đẹp, màu sắc như hình ,dùng cực thích ạ!rất nhiều màu cho mọi người chọn",5,positive,rating_5,16,train
sent_001540,"Rất đẹp, cực kì hài lòng",5,positive,rating_5,6,train
sent_001541,rất đáng mua,5,positive,rating_5,3,train
sent_001542,rat tot,5,positive,rating_5,2,valid
sent_001543,Rat hai long lan sau Mua tie,5,positive,rating_5,7,train
sent_001544,Quyết định mua SP này sau khi xem nhận xét và đúng là nó tốt thật,5,positive,rating_5,16,valid
sent_001545,"quá tốt nha, sài giữ nóng ngon lành cành đào, pha trà uống đễ nóng cả ngày",5,positive,rating_5,17,train
sent_001546,"Phần hình thì mình khá ưng ý, còn phần chất thì chưa trải nghiệm đủ để đưa ra nhận xét",4,positive,rating_4,20,train
sent_001547,Phải nói là khá là đáng đồng tiền và chất lượng quá tốt ::),5,positive,rating_5,14,train
sent_001548,ổn giữ nhiệt tốt,4,positive,rating_4,4,train
sent_001549,Ổn,3,neutral,rating_3,1,test
sent_001550,okay~ giao hàng cực nhanh lại cho kt hàng,5,positive,rating_5,9,train
sent_001551,"Ok, y hình",4,positive,rating_4,3,train
sent_001552,"Ok, đáng để mua",4,positive,rating_4,4,valid
sent_001553,Ok xài tốt,4,positive,rating_4,3,valid
sent_001554,ok lắm nề,5,positive,rating_5,3,train
sent_001555,Ok lắm ạ,5,positive,rating_5,3,valid
sent_001556,ok hàng chất lượng,4,positive,rating_4,4,valid
sent_001557,Ok giao hàng nhanh sp vừa ý mình,5,positive,rating_5,8,test
sent_001558,ok đấy,4,positive,rating_4,2,train
sent_001559,"nhưng mà bề mặt sơn quá mỏng, dễ trầy xướt",1,negative,rating_1,10,train
sent_001560,"Nhận hàng màu cam rất đẹp nhen, mua tặng nên ko biết dùng ổn không nè",4,positive,rating_4,16,train
sent_001561,Nhận được hàng rồi khá là háo hức bóc ra thì bõ công chờ đợi,3,neutral,rating_3,15,test
sent_001562,"Nhân dịp Tiki giảm giá mình đặt mua cho cả Cty khoảng chục cái bình lận :D Màu sắc đẹp, chất lượng lock&lock thì khỏi phải bàn",5,positive,rating_5,27,train
sent_001563,ngon!,5,positive,rating_5,1,test
sent_001564,Ngon lắm,5,positive,rating_5,2,train
sent_001565,ngon lành,5,positive,rating_5,2,valid
sent_001566,ngon giống như hình,4,positive,rating_4,4,train
sent_001567,"Ngon bổ rẽ, nên mua",5,positive,rating_5,5,train
sent_001568,"Ngon , mà hơi khó vệ sinh",3,neutral,rating_3,7,valid
sent_001569,Ngon,4,positive,rating_4,1,train
sent_001570,Nước nóng để từ 8h sáng hôm nay tới tận 8h sáng hôm sau mà vẫn còn nóng luôn,5,positive,rating_5,19,test
sent_001571,Nói thương hiệu Hàn Quốc mà thực ra là của Trung Quốc,3,neutral,rating_3,12,valid
sent_001572,"Nắp bình rất dễ vỡ, rớt nhẹ đã vỡ nắp bình, mới xài được 1 lần duy nhất",1,negative,rating_1,18,train
sent_001573,"Nắp bình không kín nước, tôi bị trào nước mặc dù đã đóng kín nắp",1,negative,rating_1,15,train
sent_001574,"mười điểm, hàng xịn, mua đúng đợt giảm giá còn 1/2, giao hàng sớm 1 tuần so với dự kiến",5,positive,rating_5,20,test
sent_001575,mùi hoi khó chịu,2,negative,rating_2,4,train
sent_001576,"Mua về rửa sách xong mình đổ nước sôi vào ngâm, 25h sau nước vẫn còn ấm",5,positive,rating_5,17,train
sent_001577,Mua thêm 1 bình nữa vì giữ nhiệt cực lâu,5,positive,rating_5,10,train
sent_001578,"Mua tặng quà sinh nhật cho bạn, được feedback là đẹp tốt",5,positive,rating_5,12,valid
sent_001579,"Mua nhieu lan rui, lan nao cung ok het xxxxxxxxxxxxxxx",5,positive,rating_5,10,train
sent_001580,"mua lúc 329k, hơi mắc tí, nhưng dùng tốt",3,neutral,rating_3,9,train
sent_001581,"Mua lần 2, bình đã dùng hơn 1 năm, giữ nhiệt lâu",4,positive,rating_4,12,train
sent_001582,Mua đúng đợt sale nên giá ok,4,positive,rating_4,7,valid
sent_001583,Mua đúng đợt freeship tikinow nên đặt hàng khoảng 3 tiếng sau đã nhận được,5,positive,rating_5,15,train
sent_001584,"mua đợt sale nên giảm giá nhiều, thanks tiki",5,positive,rating_5,9,train
sent_001585,"Mua dc tầm 2 tuần, sp tốt giống miêu tả",4,positive,rating_4,10,train
sent_001586,"mua 2 cái lúc km, bị đỗ mồ hôi nắp khá nhiều",1,negative,rating_1,12,train
sent_001587,Mới xài 3 hôm đã bị tuột 1 bên quai! độ bám của quai kém!,1,negative,rating_1,15,train
sent_001588,"Mới nhận hàng, xem review nhiều nhưng nghĩ bình bự vậy, được cái bình nhám cầm chắc tay, đựng nước dùng cả ngày và đi đâu xa khá tiện",5,positive,rating_5,29,valid
sent_001589,"mới nhận được hàng, nó đẹp hơn trong hình nữa, đã có 2 bình l&L kiểu củ, phân vân mua thêm cái nầy, và rất hài lòng, đẹp và chắc tay hơn nhiu",5,positive,rating_5,33,test
sent_001590,"Mới đầu nhìn hình tưởng là bình trụ tròn thôi nhưng nhân hàng mới biết Lock n Lock thiết kế 2 rãnh chạy dọc 2 bên thân, thiết kế này giúp cầm rất chắc tay, vì dung tích bình này cũng khá to á",5,positive,rating_5,44,test
sent_001591,"Mình thực sự hài lòng về sản phẩm này của Tiki, bình giữ nhiệt đẹp dung tích lớn và giữ nhiệt lâu, đặc biệt là mua trong dịp khuyến mãi nên rất lời , ngoài ra Tiki còn giao hàng rất nhanh mình đánh giá 5 sao nhé",5,positive,rating_5,48,valid
sent_001592,"Mình thích! Rất tiện dụng, khi mở hàng mình check kĩ xem có bị rỉ bên trong không, cả khay lọc, hoàn toàn không vấn đề! Sd đc mấy ngày nay, thử đổ nước sôi trực tiếp lên khay lọc nhiều lần, k bay mùi sét!",5,positive,rating_5,46,train
sent_001593,"Mình thích mẫu này lắm, chất lượng tốt",5,positive,rating_5,8,train
sent_001594,Mình thích màu sắc của bình,4,positive,rating_4,6,train
sent_001595,Mình to đựng được nhiều nước,4,positive,rating_4,6,train
sent_001596,"Mình rất hài lòng , mình đã mua 2 bình và đang sử dụng , giữ nước ấm đc 48 tiếng",5,positive,rating_5,21,train
sent_001597,"Mình nhận được sản phẩm y hình rất ưng ý, giữ nhiệt tôt",5,positive,rating_5,13,train
sent_001598,Mình nghiện các loại bình giữ nhiệt của Lock & Lock hiii,5,positive,rating_5,12,test
sent_001599,"Mình mua trúng đợt khuyến mãi chỉ có 287k, bình giữ nhiệt cực tốt, mình bỏ nước lạnh mà bình giữ được độ lạnh đến 2 ngày, cực kì thích",5,positive,rating_5,30,train
sent_001600,"Mình mua sản phẩm này hồi sale còn 304k, phải nói với giá sale này thì quá là may mắn, bình to, cầm chắc tay, quai xách cao su rất chắc",5,positive,rating_5,31,test
sent_001601,Mình mua nó sau khi xem nhận xét và đúng là nó tốt thật,5,positive,rating_5,14,valid
sent_001602,"Mình mua màu cam, màu khá đẹp, bình dùng ổn",4,positive,rating_4,10,train
sent_001603,"Mình mua màu Cam và đỏ, 2 vợ chồng dùng tại nơi làm việc và những chuyến đi xa, giữ lạnh và nóng rất tốt, rất hài lòng",5,positive,rating_5,28,train
sent_001604,Mình mua lúc khuyến mãi còn 279k nên cũng ok,3,neutral,rating_3,10,train
sent_001605,mình mua dùng đc 5 tháng thấy có hiện tượng gỉ sét bên trong,2,negative,rating_2,14,test
sent_001606,"Mình mua 2 bình, nhưng 1 bình ko có lưới lọc, Tiki hỗ trợ giao cho mình lưới lọc đi!!!!!!!!",2,negative,rating_2,20,train
sent_001607,"Mình mua 2 bình, cả 2 màu sắc rất đẹp, giống như hình",5,positive,rating_5,13,train
sent_001608,"Mình mới nhận sản phẩm lúc sáng, sản phẩm đep, ở đế có miếng cao su chống trượt",4,positive,rating_4,18,train
sent_001609,"Mình mới mua về, rửa bình và ngâm nước nóng để hơn 1 đêm và nửa ngày, khi về mở ra nước vẫn còn rất nóng",5,positive,rating_5,26,train
sent_001610,"Mình mới mua thấy cũng cũng đc, trước mắt là vậy, còn lại lâu dài ko biết sao",3,neutral,rating_3,18,train
sent_001611,"mình mới bỏ đá vào tầm 5h30 chiều hôm qua và giờ là 9h20 sáng, 16 tiếng mà còn đá mới ghê",5,positive,rating_5,22,train
sent_001612,Mình hài lòng với bình nhận được,4,positive,rating_4,7,train
sent_001613,"Mình để từ sáng tới tối mà đá vẫn chưa tan hết, thậm chí còn không đậy nắp",5,positive,rating_5,18,train
sent_001614,"Mình đặt mua lúc 9h, 11h hàng tới liền (tikinow)",5,positive,rating_5,10,valid
sent_001615,"Mình đặt mua bình này cho mẹ, bình rất đẹp và to, thích lắm!",5,positive,rating_5,14,test
sent_001616,"Mình đặt mua bình màu vàng, hàng đẹp hơn trong hình luôn àh, giữ nhiệt lâu, rất thích :)",5,positive,rating_5,19,test
sent_001617,"Mình đã sử dụng Bình Giữ Nhiệt Lock&Lock RigaTumbler (897ml) được gần 02 tuần, cảm thấy rất hài lòng",5,positive,rating_5,19,train
sent_001618,mình đã nhận được bình giữ nhiệt và đã đựng thử nước nóng trong vòng 20 tiếng đồng hồ đổ ra nước vẫn còn nóng gần như là ko nguội đi chút nào,5,positive,rating_5,33,train
sent_001619,"Mình đã mua và sử dụng, giữ nhiệt cực tốt! Mấy chị bạn thấy và nhờ đặt mua, giờ thành hội bình nước luôn",5,positive,rating_5,24,train
sent_001620,"Mình dùng nước nóng giữ nhiệt được từ sáng đến tối, ko biết dùng lạnh thì ntn",4,positive,rating_4,17,valid
sent_001621,"Mình dùng mấy tháng rồi, bình rất ok, giữ nhiệt tốt, đáng dùng",5,positive,rating_5,13,train
sent_001622,"Mình có đặt hàng Bình giữ nhiệt Lock&Lock RigaTumbler (897 ml) màu đỏ, có nhận được mail phản hồi là ngày thứ 3 (09/07/2019) giao hàng, nhưng đến nay là thứ 5 (11/07/2019) vẫn chưa có ai gọi điện thông báo giao hàng trễ hay như thế nào",1,negative,rating_1,48,train
sent_001623,"Miệng bình lớn bỏ đá lớn vừa, giữ nhiệt lâu, mua ngay dịp khuyến mãi giá quá hời",5,positive,rating_5,18,train
sent_001624,mieng binh hoi nho ti,2,negative,rating_2,5,valid
sent_001625,Mẫu mã và màu sắt bắt mắt,5,positive,rating_5,7,test
sent_001626,"Mẫu mã đẹp, giữ lạnh tốt",5,positive,rating_5,6,valid
sent_001627,"Mẫu mã đẹp, bền, giữ nóng lanh rất tốt, minh rât ưng ý",5,positive,rating_5,13,train
sent_001628,Mẫu mã và màu sắc ok,5,positive,rating_5,6,train
sent_001629,"Màu và kiểu dáng đẹp, mình mới giữ nóng thôi chưa giữ lạnh, thấy cũng tạm, k thể được như bình thuỷ được",4,positive,rating_4,23,train
sent_001630,"Màu SP đẹp, giữ được nhiệt lâu, dùng đựng thức uống như sữa, trà thanh lọc rất tốt!",5,positive,rating_5,18,train
sent_001631,"Màu nét, in rõ, cầm chắc tay",5,positive,rating_5,7,train
sent_001632,"Màu đẹp, nói chung quá thích luôn, còn gửi hàng sớm hơn 4 ngày dự kiến nữa, đóng gói kĩ, sẽ ủng hộ shop nhiều",5,positive,rating_5,25,train
sent_001633,"Màu đẹp, cầm chắc tay, rất thích",5,positive,rating_5,7,train
sent_001634,"Màu đẹp, cầm chắc chắn, có đế cao su bám bàn và ko gây tiếng ồn, giao hàng nhanh",5,positive,rating_5,19,train
sent_001635,"Màu đẹp, bình to cầm vừa tay, võ bình nhám ko sợ tuột tay",5,positive,rating_5,14,train
sent_001636,"Màu đẹp, bắt mắt, vỏ nhám rất dễ cầm, giữ nhiệt ok",5,positive,rating_5,12,valid
sent_001637,Màu đẹp nhưng sao vào icheck xuất xứ lại China,4,positive,rating_4,10,test
sent_001638,Lúc đầu mình nhận bình và rạch ra ktra thì thấy quai cầm bị bung ra,2,negative,rating_2,16,train
sent_001639,Lock & lock là OK nhất mình mua may cai rồi cai nao cung ứng ý hết,5,positive,rating_5,17,train
sent_001640,"không thấy mùi của bình, khá hài lòng",4,positive,rating_4,8,train
sent_001641,"Không nghĩ là bình to lớn như vậy, so với Tumbler là to hơn nhiều luôn, vân nhám dễ cầm nắm, hoạ tiết đẹp",5,positive,rating_5,24,train
sent_001642,Khá hài lòng với bình,4,positive,rating_4,5,train
sent_001643,"Hơn cả mong đợi, chưa test thử giữ nhiệt đang bao lâu , sẽ test và feedback",5,positive,rating_5,17,valid
sent_001644,Hơi to,2,negative,rating_2,2,train
sent_001645,"hơi to so với tưởng tượng, giữ nhiệt lâu, sử dụng tốt",4,positive,rating_4,12,test
sent_001646,"Hơi bị trầy tí xíu, có thể lâu ngày trầy sơn",2,negative,rating_2,11,test
sent_001647,"hình thức OK, chất liệu mới dùng nhưng trong lòng bình đã bị gỉ vàng",3,neutral,rating_3,15,train
sent_001648,"Hình thức bình đẹp, giữ nóng tốt (12h trưa bỏ cháo vô bình - bỏ đầy bình, 7h tối vẫn còn rất nóng cảm giác ko giảm nóng chút nào, vì mình đổ cháo ra nồi bỏ lên bếp điện từ để hâm lúc đó bếp điện vừa nấu đồ ăn xong và mình vừa tắt (vẫn còn nóng), nhưng nồi cháo vẫn sôi lên)",5,positive,rating_5,65,train
sent_001649,"Hình cầm chắc tay, lớp sơn khá chắc không dễ tróc, đựng được nhiều, nắp vặn chặt không đổ",5,positive,rating_5,19,train
sent_001650,"Hien tai thay sp khong bi tray, yen tam chat luong sp",5,positive,rating_5,12,train
sent_001651,hàng xài rất tốt ! nhưng cho mình hỏi cái gon của cái nắp dưới thì mua ở đâu Bên shop mình có bán không,5,positive,rating_5,25,test
sent_001652,"Hàng và giá ok, tốc độ giao hàng của Tiki cũng rất ấn tượng",5,positive,rating_5,14,train
sent_001653,"hàng tốt,đóng gói cẩn thận",5,positive,rating_5,5,train
sent_001654,"hàng tốt, sử dụng rất thích",5,positive,rating_5,6,test
sent_001655,"Hàng tốt, giữ lạnh trên 15h, giữ nóng chưa test, độ bền chờ thời gian, giao hàng nhanh, đóng gói rất kỹ",5,positive,rating_5,22,train
sent_001656,Hàng tốt giao hàng đúng hẹn,4,positive,rating_4,6,train
sent_001657,hàng rất tốt không bị ra nước bên ngoài giữ nhiệt rất lâu,5,positive,rating_5,13,train
sent_001658,"Hàng rất đẹp , đóng gói cẩn thân",5,positive,rating_5,8,valid
sent_001659,"hang rat tot, dang tien",5,positive,rating_5,5,train
sent_001660,hàng ổn,3,neutral,rating_3,2,test
sent_001661,Hàng như mô tả,3,neutral,rating_3,4,train
sent_001662,"hàng như hình, giống mô tả, giữ nhiệt tốt, chắc chắn đáng mua đấy ace",5,positive,rating_5,15,test
sent_001663,"hàng hóa giao đúng, chất lượng",5,positive,rating_5,6,test
sent_001664,"Hàng giống mô tả, chất lượng chưa test chưa rõ có ok như hàng ko sale ko",3,neutral,rating_3,17,train
sent_001665,"Hàng giao nhanh, đúng chất lượng như mô tả",4,positive,rating_4,9,train
sent_001666,"Hàng giao nhanh chóng, giữ nhiệt OK nhé",5,positive,rating_5,8,train
sent_001667,"Hàng giao đúng lịch hẹn, đóng gói kỹ lưỡng",4,positive,rating_4,9,train
sent_001668,"Hàng được Tiki đóng gói cẩn thận, giao sớm hơn thông báo",5,positive,rating_5,12,train
sent_001669,"Hàng đúng như mô tả, giao hàng nhanh",4,positive,rating_4,8,train
sent_001670,"Hàng đúng chính hãng, mua đợt sale 10-10 giá 290k",3,neutral,rating_3,10,train
sent_001671,"Hàng đẹp,bọc cẩn thận sẽ ủng hộ shop",5,positive,rating_5,8,train
sent_001672,"Hàng đẹp, tốt, giao hàng lịch sự!",5,positive,rating_5,7,train
sent_001673,"Hàng đẹp, như hình, vỏ ngoài nhám cầm rất thích, giữ ấm tốt, giữ lạnh cực tốt",5,positive,rating_5,17,test
sent_001674,"Hàng đẹp, giữ nhiệt rất tốt",5,positive,rating_5,6,train
sent_001675,"Hàng đẹp, đóng gói cẩn thận, giao nhanh",5,positive,rating_5,8,train
sent_001676,"hàng đẹp, đóng gói cẩn thận",5,positive,rating_5,6,test
sent_001677,"Hàng đẹp, dung tích hợp lý, chất liệu khá tốt, k bị toả nhiệt ra ngoài! Màu sắc đẹp 👌",5,positive,rating_5,20,valid
sent_001678,"Hàng đẹp, chưa thử giữ nhiệt nhưng giữ đá lạnh rất tốt để từ sáng đến tối vẫn còn khoảng 70-80%",5,positive,rating_5,21,valid
sent_001679,"Hàng đẹp, chắc chắn, gói kĩ",5,positive,rating_5,6,valid
sent_001680,"hàng đẹp, chắc chắn nhưng rất dễ bị tróc sơn",4,positive,rating_4,10,test
sent_001681,Hàng đep ok! Cái này là cái thứ 2 rồi dùng thấy rất ok,5,positive,rating_5,14,test
sent_001682,"Hàng đẹp như trong hình,tiki giao hàng khá nhanh",5,positive,rating_5,9,train
sent_001683,Hàng đẹp mình mua màu cam do ko cơ ở đây nên ko chụp đc nói chung là hành ok sài rất ngon mà giữ nhiệt cũng rất tốt 👍🏻,5,positive,rating_5,30,train
sent_001684,"Hàng đẹp hơn hình, mình đã mua 1 cái về ai cũng khen đẹp nên đã mua thêm 4 cái nữa cho mn trong gd, giữ nhiệt lâu có quai xách tiện lợi",5,positive,rating_5,33,train
sent_001685,Hàng đẹp- giao hàng nhanh hơn dự kiến - gói hàng cẩn thận -rất là hài lòng 🥰,5,positive,rating_5,18,train
sent_001686,Hàng đẹp giao hàng nhanh chóng,5,positive,rating_5,6,valid
sent_001687,Hàng đẹp giao hàng nhanh,5,positive,rating_5,5,train
sent_001688,hàng đẹp giao hàng đúng hạn,4,positive,rating_4,6,train
sent_001689,"Hàng đẹp giá rẻ, coop bán giảm giá mà 350k trong khi mình mua ở đây 299k",5,positive,rating_5,17,valid
sent_001690,Hàng đẹp giá cũng rẻ hơn nhiều nơi,5,positive,rating_5,8,train
sent_001691,Hàng đẹp đúng như hình vận chuyển nhanh không bị bóp méo,5,positive,rating_5,12,train
sent_001692,hàng đẹp chất lượng tốt,5,positive,rating_5,5,train
sent_001693,Hàng đẹp chất giao hàng nhanh,5,positive,rating_5,6,valid
sent_001694,"Hàng đẹp , tiki giao hàng siêu nhanh quá ok ^^ k có gì phàn nàn",5,positive,rating_5,16,train
sent_001695,"Hàng đảm bảo giữ đá rất tốt qua tơi ngày hôm sau vẫn còn đá, TiKi giao hàng rất nhanh",5,positive,rating_5,20,train
sent_001696,Hàng đá rất ok,5,positive,rating_5,4,valid
sent_001697,Hàng dùng tốt thật giữ nóng từ 6h-23,5,positive,rating_5,8,train
sent_001698,Hàng chuẩn,4,positive,rating_4,2,train
sent_001699,"Hàng chính hãng, giữ nhiệt tốt",4,positive,rating_4,6,train
sent_001700,"hàng chình hãng, gia tot, giao hang nhanh",5,positive,rating_5,8,train
sent_001701,"Hàng chính hãng, full box, giữ nhiệt tốt, ko bị chảy nước, giá rất tốt, thanks Tiki",5,positive,rating_5,17,train
sent_001702,"Hàng chất lượng, ngoại hình tốt, nhìn rất chắc chắn",5,positive,rating_5,10,train
sent_001703,Hàng chất lượng và giá hợp lý,5,positive,rating_5,7,train
sent_001704,"Hàng chất lượng tốt, đẹp như hình ảnh minh hoạ",5,positive,rating_5,10,train
sent_001705,Hàng chất lượng tốt,4,positive,rating_4,4,train
sent_001706,hàng cực tốt bởi nhà bán TIKI Tranding,5,positive,rating_5,8,train
sent_001707,"Hàng của Lock & Lock thì không có gì để chê, giữ nhiệt tuyệt vời",5,positive,rating_5,15,valid
sent_001708,hàng giao đúng,3,neutral,rating_3,3,train
sent_001709,"hài lòng, giữ nóng rất tốt",5,positive,rating_5,6,train
sent_001710,"Hài lòng, đóng gói cẩn thận,sản phẩm giống mô tả",5,positive,rating_5,10,test
sent_001711,Hài lòng với sản phẩm lock & lock và NPP tiki,4,positive,rating_4,11,train
sent_001712,Hài lòng với giá kmai,4,positive,rating_4,5,train
sent_001713,Hài lòng về sản phẩm được nhận,4,positive,rating_4,7,train
sent_001714,Hài lòng sp nầy mình sử dụng roi tot,4,positive,rating_4,9,train
sent_001715,hài lòng giữ nhiệt tốt mua sản phẩm an tâm,5,positive,rating_5,10,train
sent_001716,Giữ nhiêt tốt,4,positive,rating_4,3,train
sent_001717,Giữ nhiệt tốt,4,positive,rating_4,3,train
sent_001718,"Giữ nhiệt tốt, đựng được lượng nước phù hợp, quai xách tiện lợi, đế bọc cao su đặt xuống không ồn, màu sắc đẹp",5,positive,rating_5,24,test
sent_001719,"giữ nhiệt tốt, để từ tối hôm trước đến sáng hôm sau vẫn giữ được độ ấm",4,positive,rating_4,17,test
sent_001720,"Giữ nhiệt tốt với nhu cầu sử dụng của tôi, tiki giao hàng nhanh hơn dự kiến",5,positive,rating_5,17,train
sent_001721,giữ nhiệt tốt tầm 8 tiếng,4,positive,rating_4,6,valid
sent_001722,Giữ nhiệt tốt nhưng vỏ bình mau trầy sướt,3,neutral,rating_3,9,valid
sent_001723,Giữ nhiệt tốt đáng tiền,5,positive,rating_5,5,train
sent_001724,Giữ nhiệt rất tốt,5,positive,rating_5,4,train
sent_001725,"giữ nhiệt rất tốt, nhất là với nước lạnh",5,positive,rating_5,9,train
sent_001726,"giữ nhiệt rất tốt, nên mua",5,positive,rating_5,6,train
sent_001727,"Giữ nhiệt rất tốt, màu sắc đẹp, chắc chắn",5,positive,rating_5,9,test
sent_001728,"Giữ nhiệt rất tốt, dung tích lớn, màu sắc và thiết kế hiện đại",5,positive,rating_5,14,train
sent_001729,Giữ nhiệt rất tốt ! Xài tất tiện lợi,5,positive,rating_5,9,test
sent_001730,Giữ nhiệt rất lâu rất đẹp,5,positive,rating_5,6,test
sent_001731,"Giữ nhiệt rất lâu nha, thiết kế khá đẹp, ở trong hình có vẻ nhưng mua về nhìn nó bự lắm:))",5,positive,rating_5,21,train
sent_001732,"Giữ nhiệt rất lâu nha các bạn, mình đựng nước sôi từ tối hôm trước tới tối hôm sau chưa xài mở ra nước sôi yh chang v luôn",5,positive,rating_5,29,valid
sent_001733,"Giữ nhiệt nóng lạnh đều ok, bình nhìn rất bắt mắt, rất thích",5,positive,rating_5,13,valid
sent_001734,"Giữ nhiệt lâu, sản phẩm tốt, tiện lợi, mẫu mã đẹp và kho bị tróc sơn như những mẫu khác",5,positive,rating_5,20,valid
sent_001735,Giữ nhiệt được 6-8h,3,neutral,rating_3,4,valid
sent_001736,giữ nhiệt cực kỳ tốt,5,positive,rating_5,5,test
sent_001737,"Giữ nhiệt cục tốt, thiết kế đẹp",5,positive,rating_5,7,train
sent_001738,GIữ nhiệt cả nóng lẫn lạnh cực tốt,5,positive,rating_5,8,test
sent_001739,Giữ nóng rất lâu và không nóng bên ngoài vỏ,5,positive,rating_5,10,train
sent_001740,"Giữ nóng được khoảng 12 tiếng, mới phát hiện ta giữ lạnh tới 2 ngày, vẫn còn đá! Bình rất tốt và đẹp!",5,positive,rating_5,23,train
sent_001741,giữ nóng cũng lâu mà giữ lạnh cũng lâu :v cực hài lòng,5,positive,rating_5,13,test
sent_001742,"giữ lạnh tuyệt vời, bỏ nữa bình đá, từ 9h tối hôm trc đến 4h chiều hsau vẫn còn đá",5,positive,rating_5,20,test
sent_001743,Giữ lạnh rất tốt,5,positive,rating_5,4,train
sent_001744,Giữ lạnh cực tốt chắc đc 24 tiếng luôn ý,5,positive,rating_5,10,valid
sent_001745,"Giữ lạnh cực kì tốt, cả ngày cũng chỉ tan đá chút xíu",5,positive,rating_5,13,train
sent_001746,Giữ đá lâu tan rất là hài lòng!,5,positive,rating_5,8,train
sent_001747,Giữ đá được cả ngày từ sáng đến tối cơ,5,positive,rating_5,10,valid
sent_001748,Giữ dc nhiệt 24 h mà chỉ tan một it,5,positive,rating_5,10,valid
sent_001749,Giữ dc nóng lạnh lâu,5,positive,rating_5,5,valid
sent_001750,giu nhiet rat la OK,5,positive,rating_5,5,train
sent_001751,"Giao nhanh, nhân viên dễ thương",5,positive,rating_5,6,train
sent_001752,"Giao nhanh, đúng màu",4,positive,rating_4,4,train
sent_001753,"giao nhanh, đóng gói chắc chắn, sp đẹp, giá tốt",5,positive,rating_5,10,valid
sent_001754,Giao nhanh! Màu sắc đẹp bắt mắt! Đóng thùng gọn đẹp! Bề ngoài khá ổn! Chưa sử dụng nên chưa biết chất lượng như thế nào! Tạm cho 4*,5,positive,rating_5,29,valid
sent_001755,Giao hành nhanh,4,positive,rating_4,3,valid
sent_001756,Giao hành nhanh!,5,positive,rating_5,3,train
sent_001757,Giáo hàng sớm hơn dự kiến 3 ngày,5,positive,rating_5,8,valid
sent_001758,"Giao hàng sớm hơn 1 ngày so với dự kiến, bình rất đẹp cũng không quá to",5,positive,rating_5,17,train
sent_001759,Giao hàng siêu nhanh,5,positive,rating_5,4,valid
sent_001760,"Giao hàng siêu nhanh, màu đẹp, sơn nhám, cầm rất chắc tay, chưa biết giữ nhiệt thế nào nhưng tin tưởng lock & lock sẽ không làm mình thất vọng",5,positive,rating_5,30,train
sent_001761,giao hàng rất nhanh,5,positive,rating_5,4,train
sent_001762,Giao hàng rất nhanh và hàng rất đẹp,5,positive,rating_5,8,train
sent_001763,"Giao hàng nhanh, sản phẩm màu đỏ nhìn đẹp, mua lúc giảm giá 279k nên khá hài lòng",5,positive,rating_5,18,train
sent_001764,"giao hàng nhanh, sản phẩm gióng mô tả",4,positive,rating_4,8,train
sent_001765,"Giao hàng nhanh, hình thức như mình mong đợi",5,positive,rating_5,9,train
sent_001766,"giao hàng nhanh, hàng đúng như hình, chưa sử dụng nên chưa biết chất lượng như thế nào nhưng thấy hàng rất ok",5,positive,rating_5,23,train
sent_001767,"Giao hàng nhanh, gói hang kỹ",5,positive,rating_5,6,train
sent_001768,"Giao hàng nhanh, gói hàng chuẩn",5,positive,rating_5,6,train
sent_001769,"Giao hàng nhanh, đóng gói thùng hàng bị móp, mở ra xài thi bình bị trầy như hình, hơi thất vọng :(, hy vọng ko ảnh hưởng chất lượng bình",2,negative,rating_2,30,test
sent_001770,"Giao hàng nhanh, đong gói đẹp, rất ưng ý sản phẩm",5,positive,rating_5,11,valid
sent_001771,"Giao hàng nhanh, đóng gói đẹp, chắc chắn",5,positive,rating_5,8,train
sent_001772,"Giao hàng nhanh, đóng gói chắc chắn , hàng lock n lock thì chất lượng kh phải bàn roi 🙆🏼‍♀️🙆🏼‍♀️🙆🏼‍♀️",5,positive,rating_5,20,test
sent_001773,"giao hàng nhanh, đóng gói cẩn thận, giữ nhiệt tốt, nói chung là rất hài lòng nhé",5,positive,rating_5,17,train
sent_001774,"Giao hàng nhanh, đóng gói cẩn thận, cái bình to hơn mình tưởng",5,positive,rating_5,13,test
sent_001775,"Giao hàng nhanh, đóng gói cẩn thận , sản phẩm y hình",5,positive,rating_5,12,train
sent_001776,"Giao hàng nhanh, đóng gói cẩn thận",5,positive,rating_5,7,train
sent_001777,"Giao hàng nhanh, đặt sáng 25 thì sáng 26 giao rồi mặc dù dùng mã freeship giao hàng tiêu chuẩn (hẹn thứ 6 mới giao)",5,positive,rating_5,25,train
sent_001778,"Giao hàng nhanh, chất lượng quá tốt",5,positive,rating_5,7,train
sent_001779,"Giao hàng nhanh, bình đẹp",5,positive,rating_5,5,train
sent_001780,"Giao hàng nhanh, bình đẹp, m đã ktra cho nước sôi vào sau 12h nước vẫn nóng bỏng",5,positive,rating_5,18,valid
sent_001781,"Giao hàng nhanh, bình đẹp, giữ nhiệt tốt",5,positive,rating_5,8,train
sent_001782,Giao hàng nhanh!,5,positive,rating_5,3,train
sent_001783,Giao hàng nhanh và hàng chất lượng,5,positive,rating_5,7,train
sent_001784,Giao hàng nhanh và đóng gói cẩn thận,5,positive,rating_5,8,test
sent_001785,Giao hàng nhanh hơn dự kiến! 👍👍👍,5,positive,rating_5,7,train
sent_001786,"Giao hàng nhanh dù đang trong mùa dịch :D bình xài tốt, cầm bao chắc tay :)) hơi bị ngầu :)",5,positive,rating_5,21,train
sent_001787,Giao hàng nhanh chất lượng tốt,5,positive,rating_5,6,train
sent_001788,"Giao hàng nhanh cực kì, mới đặt trưa CN, sáng thứ 2 đã giao tới",5,positive,rating_5,15,train
sent_001789,"giao hàng nhanh , bọc cẩn thận",5,positive,rating_5,7,train
sent_001790,"Giao hàng lẹ, mới đặt tối qua mà trưa nay đã nhận dc",5,positive,rating_5,13,train
sent_001791,"giao hàng ko nhanh lắm, bình xịn, cầm rất đầm tay, màu cam đẹp, giữ nóng và lạnh rất tốt, rất hài lòng",5,positive,rating_5,23,valid
sent_001792,"Giao hàng hơi lâu, mở ra bên trong toàn nước, ko hiểu sao lại có nước bên trong, hộp và bên ngoài hơi bị bẩn, chất lượng thì ok",2,negative,rating_2,29,valid
sent_001793,Giao hàng hơi lâu tí,2,negative,rating_2,5,test
sent_001794,Giao hàng cực kỳ nhanh,5,positive,rating_5,5,test
sent_001795,giao đúng mẫu nhanh,4,positive,rating_4,4,train
sent_001796,"Giao đug mẫu, kiểu dáng đẹp chắc chắn",5,positive,rating_5,8,test
sent_001797,Giá vừa túi tiền mà chất lượng ok lắm nhé!,5,positive,rating_5,10,train
sent_001798,Thật sự là quá tệ! Giao nhầm hàng còn k nghe được 1 bên liên hệ shop thì shop k rep địa chỉ,1,negative,rating_1,23,valid
sent_001799,"Tai nghe để màu trắng,đơn hàng giao cũng để tai nghe màu trắng,mở ra dây màu trắng tai màu đen ko ăn nhập gì,đã vậy 1 loa nghe đc loa ko nghe đc,shop nhắm bán được thì bán chứ bán kiểu vậy thất đức lắm",1,negative,rating_1,45,test
sent_001800,"Giao sai màu ,tai nghe cùi nghe kh đc kh nên mua ở shop này hmmmm",1,negative,rating_1,16,train
sent_001801,"Shop giao nhầm đã thế dây màu trắng tai nghe màu đen còn hỏng 1 bên nữa, làm ăn như lon",1,negative,rating_1,21,train
sent_001802,Mua trắng gửi đen?? Nt ko rep,1,negative,rating_1,7,valid
sent_001803,Giao hàng kh đúng mẫu :)) mong xem sét lại,1,negative,rating_1,10,train
sent_001804,Đồ dỏm cắm vào laptop không đc lỏng lẻo,1,negative,rating_1,9,valid
sent_001805,Shop làm ăn kì đặt trắng ra đen🙃 thái độ kém,1,negative,rating_1,11,test
sent_001806,Ảnh màu trắng full nhưng gửi lại lỗi cho tai nghe chỗ ốp vào lại lại màu đen,1,negative,rating_1,18,test
sent_001807,Nó cứ rè rè ý 😥,1,negative,rating_1,6,train
sent_001808,"Đm tôi đặt 2sp mà shop giao có một,nhưng tiền thì vẫn lấy 2",1,negative,rating_1,14,train
sent_001809,Chỉ nghe đc 1 bên nt shop k trả lời,1,negative,rating_1,10,train
sent_001810,"Mình đặt 2c nhưng giao 1c, bên ngoài hộp ghi rõ 2c nhưng cái hộp chỉ để đủ 1c=> nên mình nghĩ đây là cố tình, ko phải vô ý",1,negative,rating_1,30,train
sent_001811,"Mua cái tai nghe mà giao cái này cho mình là sao , nhắn tin hỏi thì ko rep mặc dù đag onl , shop làm ăn gian dối , sẽ ko bao giờ mua hàng của shop lần nào nữa, , đúng là lừa đảo",1,negative,rating_1,46,test
sent_001812,"Mình mua 2 cái shop giao 1 cái lấy tiền 2 cái luôn,, mình có nhắn mà shop ko phản hồi",1,negative,rating_1,21,train
sent_001813,Tai nghe màu trắng nhưng surprise ra màu xanh 🤦🏻‍♀️,1,negative,rating_1,10,train
sent_001814,biết là hàng rẻ chất lượng sẽ kh cao r nhưng ít nhất cũng nên giao cái nguyên vẹn tí chứ ? kbh mua lại lần 2!!!,1,negative,rating_1,27,train
sent_001815,"mua màu trắng giao màu xanh , tai nghe bị hư 1 bên , đề nghị mọi người né cái shop lừa đảo này ra :)",1,negative,rating_1,26,train
sent_001816,"Giao hàng ko đúng màu, đặt màu trắng giao màu xanh! Ko hài lòng",1,negative,rating_1,14,train
sent_001817,"Đặt mua màu trắng, mà ship lại thành màu đen, nhắn tin thì không trả lời, lần sau cạch shop này ra",1,negative,rating_1,22,train
sent_001818,Mới nhận hàng - khuo hàng thấy bung bà nó 1 bên,1,negative,rating_1,12,train
sent_001819,Mua màu trắng mà ship về màu xanh🙄,1,negative,rating_1,8,train
sent_001820,Đặt màu trắng giao màu xanh :)),1,negative,rating_1,7,train
sent_001821,"Nghe rất nhỏ, trông thô và dễ gãy, khác xa son với hình ảnh ! Shop nên chụp ảnh thật",1,negative,rating_1,20,train
sent_001822,ghi màu trắng rõ ràng mà giao lại màu xanh ?? nt thì ko rep,1,negative,rating_1,15,train
sent_001823,Sản phẩm vừa mua về đã lỗi âm thanh,1,negative,rating_1,9,train
sent_001824,Đặt trắng ra màu xanh ! Nt shop k thèm rep,1,negative,rating_1,11,train
sent_001825,"Đặt màu trắng mà shop giao nhầm màu xanh ,thất vọng",1,negative,rating_1,11,test
sent_001826,"nghe được 2 ngày là 1 bên không nghe được rồi , thế là xong",1,negative,rating_1,15,train
sent_001827,Tr ơii dùng 1 lần là hỏng cmn luôn khuyên mọi ng kh nên mua nhé rất chi là tốn tiền Á mà lại còn lỏng tịt âm thanh quá thất vọng,1,negative,rating_1,32,train
sent_001828,Chất lượng sản phẩm kém,1,negative,rating_1,5,train
sent_001829,"sản phẩm như cc, về hư mất 1 bên tai dell nghe dc, thôi cúng cho shop 45k về ăn hốc chết cdm mày đi",1,negative,rating_1,25,train
sent_001830,Đặt 2 mà có 1 mà vấn lấy tiền cả 2 món là sao shop thiếu í thức,1,negative,rating_1,18,train
sent_001831,Tai nghe nghe đc mấy ngày thì bị hỏng giác tai nghe,1,negative,rating_1,12,test
sent_001832,Sản phẩm ko tốt tí nào,1,negative,rating_1,6,valid
sent_001833,"Hàng kém chất lượng,sài tầm 4 5 ngày thì có dấu hiệu bị rè, giắc cắm cũng lỏng lẻo,cảm giác ko chắc chắn và có dấu hiệu bị hở",1,negative,rating_1,29,train
sent_001834,Cả 2 bị hư 1 bên tai :(,1,negative,rating_1,8,test
sent_001835,Nghe được 3 ngày xong hư mẹ nó 2 bên tai nghe,1,negative,rating_1,12,test
sent_001836,Hàng như shit,1,negative,rating_1,3,train
sent_001837,"Đúng là tiền nào của nấy,chẳng lẻ huỷ trả hàng nghĩ có 45k nên thôi",1,negative,rating_1,15,train
sent_001838,Đặt màu trắng rõ ràng mà cũng giao nhầm được hay thật,1,negative,rating_1,12,train
sent_001839,"Ib thì không thèm rep, thái độ trước khi mua cũng ngộ :))) hỏi kbh rep",1,negative,rating_1,16,train
sent_001840,Chán,1,negative,rating_1,1,train
sent_001841,quá thất vọng về shop,1,negative,rating_1,5,train
sent_001842,làm ăn như thế này thì🙄 Chắc tại mk k đọc rõ phản hồi của những khách trước nên thôi chịu,1,negative,rating_1,21,valid
sent_001843,Rất không nên mua,1,negative,rating_1,4,train
sent_001844,Hàng xài đc 20 ngày cái hư bà nó 1 bênh tay nghe,1,negative,rating_1,13,train
sent_001845,Chất lượng âm thanh quá tệ,1,negative,rating_1,6,valid
sent_001846,"Mua tai nghe nghe được nhưng gọi không được , mà mình đã bấm nhận hàng rồi, không đổi đc, chán thật",1,negative,rating_1,22,test
sent_001847,Nhận được hàng nhưng thật sự không hài lòng tí nào,1,negative,rating_1,11,valid
sent_001848,Tai nghe giao 1 bên nghe đc 1 bên còn lại ko nghe được có 29k trả hàng lại cũng mắc công tệ thiệt,1,negative,rating_1,24,train
sent_001849,Shop LỪA ĐẢO đó mn,1,negative,rating_1,5,train
sent_001850,"1 chữ thội ""TỆ """,1,negative,rating_1,5,valid
sent_001851,Hàng mall mà nghe rồ ghê,1,negative,rating_1,6,test
sent_001852,Cực kì tệ luôn,1,negative,rating_1,4,test
sent_001853,Tai nghe chất lượng âm thanh cực tệ,1,negative,rating_1,8,train
sent_001854,Tai nghe nhận về gắn vô thì tự động bật siri liên tục,1,negative,rating_1,13,train
sent_001855,Tai nghe không thể dùng được giống như đồ chơi vậy tốn tiền vô duyên khuyên không nên mua,1,negative,rating_1,19,train
sent_001856,"Tai nghe dùng được 1 ngày 1 bên tai nghe bị rè, cắm dây vào đt âm lượng bị nhảy lung tung lúc thì tăng hết cỡ lúc thì bình thường",1,negative,rating_1,31,train
sent_001857,"Chất lượng kém, tai nghe bên to bên nhỏ nhắn tin thì shop k rep :)))))))))",1,negative,rating_1,16,train
sent_001858,mua về thì test thì tai nọ xuyên tai kia với giá như này thì cũng rẻ nhưng chất lượng thì rất tồi ko hiểu sao nữa rất thất vọng luônn,1,negative,rating_1,31,train
sent_001859,Tai nghe chưa dc 1 ngày đã bị điếc cả 2 cái,1,negative,rating_1,12,train
sent_001860,"Hàng dỏm mọi ng đừng mua, mua về nghe k đc, rồi dây bị tróc nữa",1,negative,rating_1,16,train
sent_001861,Hàng kém chất lượng,1,negative,rating_1,4,valid
sent_001862,Quá buồn cho 1 shop mall,1,negative,rating_1,6,valid
sent_001863,Sản phẩm không đúng theo đơn hàng đề nghị trả tiền đây,1,negative,rating_1,12,train
sent_001864,Dùng 2 tuần là hỏng,1,negative,rating_1,5,test
sent_001865,Siêu tệ tai nghe thì rè còn đơn hàng bảo 15/3 về nhưng đến 21/3 mới về chưa nhận được hàng đã bảo là giao hàng thành công 🙃🙃,1,negative,rating_1,29,train
sent_001866,Sao lại bán đồ hư cho người ta vậy ba =)),1,negative,rating_1,11,train
sent_001867,dùng tệ mik call mà câu nghe đv câu ko mic mới dùng đã bị rè,1,negative,rating_1,16,train
sent_001868,Hàng sài đúng ngày nghe đ 1 bên 😡😡,1,negative,rating_1,9,train
sent_001869,Nghe tai rè đau tai khó chịu nói chung tiền nào cuả nấy đó mn,1,negative,rating_1,15,train
sent_001870,Tai nghe như cc,1,negative,rating_1,4,valid
sent_001871,Tai nghe chất lượng như cc mới mua mang ra test không nghe đc chỉ đc cái đẹp,1,negative,rating_1,18,train
sent_001872,Tai nghe quá to đeo không vừa,1,negative,rating_1,7,train
sent_001873,Lỗi 1 bên tai rất nóng và sụt pin,1,negative,rating_1,9,train
sent_001874,"tai nghe vừa cắm vào máy đã hỏng :< Sẽ không quay lại, mình mua 3 cái, nghe 3 lần hỏng cả 3",1,negative,rating_1,23,valid
sent_001875,Sản phẩm khá đểu gì hoàn thiện kém,1,negative,rating_1,8,test
sent_001876,"lừa đảo, vẫn chưa nhận được hàng, nhắn tin cho shop không ai trả lời, có 1k mà cũng lừa được :)))) nhìn shop cũng uy tín mà lừa 1k, chịu luôn á",1,negative,rating_1,33,train
sent_001877,"tai nghe chỉ nghe được 1 bên, quá chán",1,negative,rating_1,9,train
sent_001878,"Tai nghe như Iồn, vừa đeo lên tai thấy cái bấm bung ra",1,negative,rating_1,13,train
sent_001879,"Cái tai nghe có 24k đợi hơn 1 tuần mới giao, chất lượng thì chỉ có 1 chữ tệ",1,negative,rating_1,19,train
sent_001880,"Sp kém, bọc nhựa cao su, hàng kém chất lượng",1,negative,rating_1,10,train
sent_001881,Nghe ồn lắm,1,negative,rating_1,3,train
sent_001882,Chất lượng sản phẩm kém vs giao hàng lâu nx,1,negative,rating_1,10,train
sent_001883,Ko hiểu sao shop gửi cho mình tai nghe hai bên như nhau vậy luôn á:))) Gói hàng bao bọc cũng rất gì này nọ mở ra thấy vậy hụt hẫng luôn,1,negative,rating_1,32,train
sent_001884,Tai nghe như xit,1,negative,rating_1,4,train
sent_001885,"Tai nghe dở ẹc, bass lẹp bẹp chán lắm, không nên mua",1,negative,rating_1,12,train
sent_001886,"Vừa mua 3 chiếc, hiện chỉ có một chiếc còn dùng được, chất lượng nghe cũng rất kém",1,negative,rating_1,18,test
sent_001887,"Mặc dù săn được flashsale nhưng mình nhận được tai nghe đã bị hỏng mất bên trái , dây thì dày dặn mà hỏng 1 bên coi như vứt , Mall mà làm ăn thế này thì không ổn !!!!",1,negative,rating_1,40,train
sent_001888,Nghe chán vl,1,negative,rating_1,3,train
sent_001889,Sản phẩm nhìn thì mới mà hỏng mất 1 bên shop lừa v dù rẻ hàng kém thì cũng phải nghe đc 2 bên chứ 😔,1,negative,rating_1,26,train
sent_001890,Nghe như cc mng đừng mua,1,negative,rating_1,6,test
sent_001891,Ship ăn chặn,1,negative,rating_1,3,test
sent_001892,Sp quá tệ,1,negative,rating_1,3,train
sent_001893,"hàng rất tệ dùng vài ngày là hỏng ,nhắn tin bảo hành thì không trả lời ,từ chối bảo hành",1,negative,rating_1,20,train
sent_001894,Mình mua vào đợt sale 1k 9/9 test thử xong đã vứt vô sọt rác luôn chất lượt 2 bên tai nghe rất lỏng lẻo 1 bên tịt,1,negative,rating_1,28,train
sent_001895,sản phẩm như cc,1,negative,rating_1,4,train
sent_001896,"Sài ko đc, tai nghe 1 bên nghe đc 1 bên ko nghe được",1,negative,rating_1,14,train
sent_001897,"1 bên không nghe được, 1 bên bị rè",1,negative,rating_1,9,valid
sent_001898,Thái độ phục vụ của shop rất kém,1,negative,rating_1,8,valid
sent_001899,Mua 2 cái về được 1 hôm hỏng 1 bên tai cả 2 cái,1,negative,rating_1,14,train
sent_001900,Tai nghe này nghe dở tệ nha ae,1,negative,rating_1,8,train
sent_001901,1 bên tai nghe bị vỡ _-_,1,negative,rating_1,7,train
sent_001902,Tai nge chỉ nge được một bên chán,1,negative,rating_1,8,valid
sent_001903,"Quá lỗi, ko hiểu sao cắm vào thì âm lượng đt tự tăng rồi tự giảm",1,negative,rating_1,16,train
sent_001904,"Hàng chất lượng kém, sử dụng sau 9 ngày thì sản phẩm bị bung 1 bên tai nghe ra, rất là kém an toàn",1,negative,rating_1,24,train
sent_001905,Mẫu thì đẹp nhưng hàng dởm ko nghe thấy j luôn🙄 đâg tính mua lại giờ miễn,1,negative,rating_1,17,train
sent_001906,"Đeo vào đau tai vl, cho 1 sao",1,negative,rating_1,8,train
sent_001907,Tai nghe như cc tai trẩu ms nghe đc đúng là của rẻ là của ôi,1,negative,rating_1,16,valid
sent_001908,Lần đầu mua trên shoppe mà thấy thất vọng như thế mà có 29k nên cũng chẳng trông mong gì,1,negative,rating_1,20,valid
sent_001909,"Bịch giao bị bẩn và rách, tai nghe bị trầy xước",1,negative,rating_1,11,train
sent_001910,"Khuyên mọi người không nên mua, được cái ngoại hình thôi chứ mua về nghe thì có hỏng tai, nghe cứ như bịt 1 lớp ni lông ở ngoài ấy",1,negative,rating_1,30,train
sent_001911,lát hết đang ngồi coi phim tự bật siri tự gọi dt cho ngta luôn,1,negative,rating_1,15,train
sent_001912,K to lắm làm đt bị đơ lang máy,1,negative,rating_1,9,train
sent_001913,Vận chuyển thfi quá lâu,1,negative,rating_1,5,valid
sent_001914,"Nút bấm thì bị liệt, nghe cũng không hay, âm bass kém",1,negative,rating_1,12,test
sent_001915,Lừa đảo!!!!,1,negative,rating_1,2,train
sent_001916,Mang tiếng sale nhueng là đồ lỗi,1,negative,rating_1,7,train
sent_001917,"Tốt nhất 0 mua, để 30k mua ly trà sữa còn ngon hơn",1,negative,rating_1,13,train
sent_001918,Mình inbox với shop báo lỗi thì shop lại day dưa không chấp nhận video xác nhận của mình,1,negative,rating_1,19,train
sent_001919,quá thất vọng,1,negative,rating_1,3,train
sent_001920,Mua 1k nhưng ko hài lòng,1,negative,rating_1,6,train
sent_001921,Ko nên mua,1,negative,rating_1,3,train
sent_001922,Đáng 1 sao,1,negative,rating_1,3,train
sent_001923,Tai nghe 1 bên k nghe đc thì bán làm j -_-,1,negative,rating_1,12,train
sent_001924,chánnnnnnnnnnnnn nnnnnnn,1,negative,rating_1,2,valid
sent_001925,rồi có đợt sale mình lại sai lầm mua lần 2,1,negative,rating_1,11,train
sent_001926,Mình rất tức,1,negative,rating_1,3,train
sent_001927,LỪA ĐẢO🙂,1,negative,rating_1,2,train
sent_001928,Shop bảo đừng trả hàng rồi chữi mình là cái đồ KHÔNG CÓ NÃO 🙃,1,negative,rating_1,15,test
sent_001929,Khuyên mọi người không nên mua ở shop này,1,negative,rating_1,9,test
sent_001930,"Tai nghe khi cắm vào thì nó kêu xẹt xẹt, chỉnh lại chân cắm thì nó dừng nghe luôn",1,negative,rating_1,19,train
sent_001931,Sản phẩm như cc ấy ạ thôi thì tiền nào của nấy nhưng mà vừa unbox đã hỏng r,1,negative,rating_1,19,train
sent_001932,nghe chán quá 🙁,1,negative,rating_1,4,train
sent_001933,K nên mua,1,negative,rating_1,3,valid
sent_001934,Như cc,1,negative,rating_1,2,train
sent_001935,Như lồn,1,negative,rating_1,2,train
sent_001936,Tai nghe kém chất lượng,1,negative,rating_1,5,train
sent_001937,Hàng tàu phế vl,1,negative,rating_1,4,train
sent_001938,Hang dỏm ko nên mua,1,negative,rating_1,5,valid
sent_001939,Tai nghe bị giật điện nghe thì rất nhỏ,1,negative,rating_1,9,train
sent_001940,Đây đứt 18k thì chỉ thế thôi 😂,1,negative,rating_1,8,valid
sent_001941,"Tai nghe chất lượng kém, không xác định được trái phải",1,negative,rating_1,11,train
sent_001942,Chưa có hàng trong Tây mà shop nói nhân hàng trôi 😓tôi củi đâu xin lôi shop nhiều,1,negative,rating_1,18,train
sent_001943,"Tai nghe bị lỗi ko nghe đc gì hết ,hàng rất tệ",1,negative,rating_1,12,train
sent_001944,Lúc nghe đc lúc ko và đeo có 1 tí cảm giác tháo ra rất đau tai,1,negative,rating_1,17,train
sent_001945,"Tai nghe được, nhưng dây tai nghe bị bung cái vỏ ngoài 😔loa bị rè ko nghe được 🙂 lần cuối mua ở đây🙂",1,negative,rating_1,24,train
sent_001946,Đeo cứ bị giật điện,1,negative,rating_1,5,valid
sent_001947,"Hàng dỏm, mang về tai nghe vừa bụi mà còn chỉ nghe đc 1 bên",1,negative,rating_1,15,train
sent_001948,"biết là tiền nào của nấy,nhưng hàng này full nhựa dỏm,nhìn sơ đã không muốn đeo r",1,negative,rating_1,17,train
sent_001949,"Tai nghe mới lấy về đã bị hư một bên tai trái, không nghe được âm thanh, giao hàng thì lâu",1,negative,rating_1,21,test
sent_001950,Chưa nhận đc hàng mà bảo giao thành công??,1,negative,rating_1,9,train
sent_001951,Sp phẩm rất tệ âm thanh dở,1,negative,rating_1,7,train
sent_001952,"âm thanh rất kém,đeo vô còn bị giựt tê tai",1,negative,rating_1,10,train
sent_001953,Đặt 2 tai nghe: giao 1 cái tính tiền 2 cái,1,negative,rating_1,11,train
sent_001954,Tai nghe dây quá mỏng manh,1,negative,rating_1,6,train
sent_001955,Giao hàng quá chậm,1,negative,rating_1,4,train
sent_001956,Như shit mua về đã hỏng mẹ 1 bên,1,negative,rating_1,9,train
sent_001957,Chán tai nghe đau tai mà còn ko có mic lừa vl,1,negative,rating_1,12,train
sent_001958,Chất lượng âm thanh rất kém,1,negative,rating_1,6,test
sent_001959,Mua 2 cái về k nghe được cái nàob,1,negative,rating_1,9,train
sent_001960,"Giao thiếu hàng, ib hơn 1 ngày mặc dù shop ol nhưng vẫn không phản hồi",1,negative,rating_1,16,valid
sent_001961,Chất lượng quá kém,1,negative,rating_1,4,train
sent_001962,Như cái đầu buồi bố,1,negative,rating_1,5,valid
sent_001963,Giao hàng cho mình không tới tay mình luôn = ))) may là vocher 1k với freeship nên không bị mất tiền oan,1,negative,rating_1,23,train
sent_001964,Quá tệ k nghe được,1,negative,rating_1,5,train
sent_001965,"Chịu thật đấy , 1 bên tai nghe không có cái màu đen",1,negative,rating_1,13,test
sent_001966,Khác với ảnh và k nghe được 😡😡,1,negative,rating_1,8,train
sent_001967,"Hàng thật sự kém,nghe thì chói tai,chất lượng còn không bằng cái tai nghe rách",1,negative,rating_1,15,train
sent_001968,Tai bị hỏng một bên nên tôi đã bỏ đi k như trên hình quảng cáo nhưng tôi vẫn nhận hàng dịch vụ vận chuyển và người giao hàng rất tốt,1,negative,rating_1,31,train
sent_001969,"Chất lượng kém , nghe max chán luôn ạ",1,negative,rating_1,9,train
sent_001970,Chả nghe được gì đừng ai ham rẻ mua nữa,1,negative,rating_1,10,train
sent_001971,Cái phần nhét tai bị rách :),1,negative,rating_1,7,train
sent_001972,Chất lượng kém âm thanh không tốt ns chung là tiền nào của đó,1,negative,rating_1,14,train
sent_001973,"Âm thanh rất tệ (nghe khá chói tai) nhưng mà thôi mua có 10k nên thôi tạm chấp nhận , khuyên ai đang đọc đánh giá để mua nên suy nghĩ kỹ ,giá rẻ nhưng không ngon đâu",1,negative,rating_1,38,train
sent_001974,Âm thanh không khớp với hai bên tai( tiếng bên trái lại nghe ở bên tai phải),1,negative,rating_1,17,train
sent_001975,Đồ dỏm,1,negative,rating_1,2,test
sent_001976,1 tai nghe đc 1 tai không =))),1,negative,rating_1,8,train
sent_001977,"Sản phẩm này nghe rất rè, chất lượng âm thanh kém, không có mic",1,negative,rating_1,14,train
sent_001978,Shop toàn treo đầu dê bán thịt chó,1,negative,rating_1,8,train
sent_001979,"Nghe rè,chất lượng âm thanh kém",1,negative,rating_1,6,train
sent_001980,Mua 3 cái nhưng không xài được cái nào,1,negative,rating_1,9,test
sent_001981,Lần đầu mua của shop nhưng gặp ngay quả tai nghe bị hỏng,1,negative,rating_1,13,train
sent_001982,Sao đặt hơn tuần trời mà vẫn chưa có hàng về là sao ?,1,negative,rating_1,14,test
sent_001983,Nghe như hạch,1,negative,rating_1,3,train
sent_001984,"tai nghe thì cứ rè rè, đôi khi ko nghe rõ cả lời bài luôn >:(, tai nghe đôi khi còn bị giật nx",1,negative,rating_1,24,train
sent_001985,Em nghĩ tốt nhất mọi người ko nên mua nghe hay lỗi và ko đc trong cho lắm nhưng thôi tiền nào của nấy,1,negative,rating_1,24,valid
sent_001986,Đừng mua sản phẩm này,1,negative,rating_1,5,train
sent_001987,Không nên nua,1,negative,rating_1,3,train
sent_001988,"Chất lượng khủng khiếp! Tiếng nhỏ và gần như chỉ nghe được khoảng tần số thoại, phần âm nhạc coi như bị filter hết",1,negative,rating_1,24,train
sent_001989,Như đấm vào tai,1,negative,rating_1,4,train
sent_001990,không nhận đc hàng ship ko gọi mà lại đã nhận đc hàng,1,negative,rating_1,13,valid
sent_001991,Mua đợt seal còn 9k cả tiền ship,1,negative,rating_1,8,train
sent_001992,Tôi khuyến cáo mọi người không nên mua tai nghe này,1,negative,rating_1,11,train
sent_001993,Hàng lởm,1,negative,rating_1,2,train
sent_001994,"Sản phẩm k tốt, nghe thì rất k ra gì",1,negative,rating_1,10,train
sent_001995,Tai nghe mua về sử dụng 1 thời gian ngắn thì không nghe gì nữa,1,negative,rating_1,15,train
sent_001996,Anh e đừng mua nhé sp như lồn,1,negative,rating_1,8,train
sent_001997,Thật tệ,1,negative,rating_1,2,train
sent_001998,Nghe chán vc,1,negative,rating_1,3,train
sent_001999,Mua 2 cái hỏng cả 2 :=)),1,negative,rating_1,7,train
sent_002000,Nghe k hay tệ cực kỳ dù sao tiền nào của nấy,1,negative,rating_1,12,train
sent_002001,"Tệ hại, tệ hại của tệ hại",1,negative,rating_1,7,valid
sent_002002,k có mic nhé 1 bên tai bị hỏng,1,negative,rating_1,9,train
sent_002003,Dây quá chán,1,negative,rating_1,3,train
sent_002004,"tai nghe hở , đeo vào bị giật điện",1,negative,rating_1,9,train
sent_002005,"sp sử dụng bị hư 1 bên, chất lượng kém , đúng là tiền nào của đấy , nhắn tin thì shop ko phản hồi , tốt nhất nên tìm hàng chất lượng mà mua",1,negative,rating_1,35,train
sent_002006,Mua 2 cái k nghe được cả 2 lú thật sự,1,negative,rating_1,11,train
sent_002007,"Tai nghe như lồn, đéo nghe đc kiểm tra thì một bên tai nghe rống ko",1,negative,rating_1,16,train
sent_002008,Như hàng mã ;)),1,negative,rating_1,4,train
sent_002009,"Âm thanh nghe còn chán hơn loa ngoài 🙂 , phí tiền !!!",1,negative,rating_1,13,train
sent_002010,Sản phẩm này không tốt,1,negative,rating_1,5,train
sent_002011,1 tai bị mất nhét tai làm ăn chán vl,1,negative,rating_1,10,train
sent_002012,Chả nghe được gì,1,negative,rating_1,4,train
sent_002013,"1 bên tai nghe như có điện giật khi cắm vào, cảm giác hơi nhói tai",1,negative,rating_1,16,train
sent_002014,"Tai nghe bị mát điện, r dám đeo luôn",1,negative,rating_1,9,valid
sent_002015,Mua về dùng được hơn 2 tiếng đã bị hỏng 😡🤬,1,negative,rating_1,11,train
sent_002016,Chất lượng sp như C,1,negative,rating_1,5,train
sent_002017,Tai nghe chất lượng kém,1,negative,rating_1,5,train
sent_002018,Vận chuyển sai dự kiến và chất lượng sp k bền rất mau bay màu,1,negative,rating_1,15,train
sent_002019,chất lượng quá kém âm thanh nghe ko dc rõ khá rè ko đáng mua,1,negative,rating_1,15,train
sent_002020,Mua 3 cái một cái bị hư vl,1,negative,rating_1,8,train
sent_002021,K phải là hàng Tốt treo đâu de Mà bán thịt chó,1,negative,rating_1,12,train
sent_002022,Làm ăn lừa đảo,1,negative,rating_1,4,train
sent_002023,Nghe không rõ âm thanh hay bị đau tai,1,negative,rating_1,9,test
sent_002024,"Nghe không ổn, tiền nào của nấy",1,negative,rating_1,7,valid
sent_002025,Được khoảng 10 ngày thì hỏng luôn chán,1,negative,rating_1,8,train
sent_002026,Làm ăn như loz hỏng mẹ 1 bên,1,negative,rating_1,8,train
sent_002027,Thôi đừng ham rẻ :)),1,negative,rating_1,5,train
sent_002028,Mua 2 cái tai nghe cái nào cũng bị giật điện cũng may là mình bỏ ra kịp thời,1,negative,rating_1,19,train
sent_002029,Tai nghe bị lỗi bị rè nghe k đc 😭chán shop,1,negative,rating_1,11,test
sent_002030,Chất lượng kém,1,negative,rating_1,3,train
sent_002031,"Hàng mua về chỉ nghe được nhạc ko nghe được lời nói , cắm vào bì dè và lỗi rất nhiều",1,negative,rating_1,21,train
sent_002032,Nhận được hàng không cho kiểm hàng nhận hàng xong chân tai nghe lại không khớp điện thoại,1,negative,rating_1,18,test
sent_002033,Như lol,1,negative,rating_1,2,train
sent_002034,Tai nghe bên to bên nhỏ😔,1,negative,rating_1,6,train
sent_002035,"Giao chậm, tai ổn không có mic 😤😤",1,negative,rating_1,8,train
sent_002036,Tai nghe xịn nghe cứ bị dè dè lúc thì không có tiếng ai thích mua về vứt thì mua,1,negative,rating_1,20,valid
sent_002037,"Tai nghe không nghe được , coi như là mô hình :)",1,negative,rating_1,12,valid
sent_002038,nghe được nhạc 8d nhưng lắp vào máy tính thì bị dật điện >>còn nhanh tróc sơn,1,negative,rating_1,17,train
sent_002039,Như cặt,1,negative,rating_1,2,train
sent_002040,Phát Chuyển Nhanh Nhưng Mà Giao Hàng Rất Là Lâu,1,negative,rating_1,10,train
sent_002041,Sản phẩm kém!,1,negative,rating_1,3,test
sent_002042,Nghe chỉ được một bên các bạn đừng mua,1,negative,rating_1,9,test
sent_002043,Quá tệ,1,negative,rating_1,2,train
sent_002044,Giao hàng rất chậm,1,negative,rating_1,4,valid
sent_002045,Mua về đã hỏng,1,negative,rating_1,4,valid
sent_002046,Ko nghe đc j hết,1,negative,rating_1,5,test
sent_002047,Phần để cắm vào nghe thì bị lỗi nệm tai 😒,1,negative,rating_1,11,test
sent_002048,Hàng si đa,1,negative,rating_1,3,test
sent_002049,Mọi người không nên mua vậy thôi,1,negative,rating_1,7,train
sent_002050,😕😕😕,1,negative,rating_1,1,train
sent_002051,Đóng gói chất lượng kém,1,negative,rating_1,5,valid
sent_002052,"Mình đặt 6 cái nhưng giao thiếu tận 3 cái, không hiểu shop làm ăn kiểu gì",1,negative,rating_1,17,valid
sent_002053,Quá buồn,1,negative,rating_1,2,train
sent_002054,Chán thật sự,1,negative,rating_1,3,train
sent_002055,Chẳng muốn khiếu nại vì không đáng bao nhiêu,1,negative,rating_1,9,train
sent_002056,Ko đáng tiền,1,negative,rating_1,3,train
sent_002057,Nhưng chất lượng sản phẩm thì quá quá quá quá tệ,1,negative,rating_1,11,valid
sent_002058,"Đeo vô cảm giác bị tê tê nhẹ, như có luồng điện nhỏ đi qua",1,negative,rating_1,15,train
sent_002059,"tai nghe bên nổ bên xịt,cắm vào chạm nhẹ là lại bị lỏng ko nghe dc",1,negative,rating_1,16,train
sent_002060,"Về xài được đâu có 1-2 ngày thì hư, lỗi rất nhiều, rất không nên mua",1,negative,rating_1,16,train
sent_002061,Bó tay!,1,negative,rating_1,2,train
sent_002062,Sợ quá vứt luôn !!!,1,negative,rating_1,5,test
sent_002063,Ít nhất cũng phải nghe được đây đéo cả nghe đc @@,1,negative,rating_1,12,test
sent_002064,5 cái chỉ có 2 cái nghe được,1,negative,rating_1,8,train
sent_002065,hàng xấu hơn hình bị chạm mát,1,negative,rating_1,7,train
sent_002066,Đc dởm,1,negative,rating_1,2,train
sent_002067,Lần cuối mua hàng ở shop,1,negative,rating_1,6,train
sent_002068,Mua phí tiền,1,negative,rating_1,3,train
sent_002069,"Đặt hàng shopee nhiều lần nhưng k lần nào giao thiếu nên chủ quan k quay vd bóc hàng vì nghĩ shop uy tín, nhưng quá thất vọng",1,negative,rating_1,28,train
sent_002070,thật thất vọng,1,negative,rating_1,3,train
sent_002071,xóa shop + báo cáo luôn,1,negative,rating_1,6,train
sent_002072,"Chất lượng sp thì kd như trong hình quảng cáo, còn người giao hàng thì lại chậm bảo 5h ok rồi xong gần 6h mới tới nơi 😒😒",1,negative,rating_1,28,train
sent_002073,5 không nên mua vì không nghe được,1,negative,rating_1,8,train
sent_002074,Ham rẻ mất tiền mgu,1,negative,rating_1,5,train
sent_002075,Khuyên các b không nên mua,1,negative,rating_1,6,train
sent_002076,"1 cái nghe được 1 bên, cái kia không nghe thấy gì luôn",1,negative,rating_1,13,test
sent_002077,"Thật ra mua về để chơi chời thôi, nếu bạn nào có ý định mua về để nghe thì k nên mua nhé :<",1,negative,rating_1,24,train
sent_002078,"Lúc đầu âm nghe k rõ lắm, nhưng về sau, 1 cái âm bị rè nặng còn một cái nghe lớn 1 bên nhỏ 1 bên",1,negative,rating_1,26,train
sent_002079,"Chất lượng kém đến mức chả tả nổi, khuyên mọi người k nên mua",1,negative,rating_1,14,train
sent_002080,Shop làm ăn ko có uy tính,1,negative,rating_1,7,train
sent_002081,Đặt màu trắng nhưng giao màu xanh,1,negative,rating_1,7,train
sent_002082,"Tai nghe nghe đc có 1 bên thôi nt shop k thèm trả lời 🙃🙂thái độ shop cực kém k thèm rép tn ng mua dù nt 4,5 ngày rồi thái độ cực kỳ kém 😤, k ý kiến j khi mặt hàng bị lỗi hay sai sót quá chán 😒",1,negative,rating_1,51,test
sent_002083,Rõ là đặt màu trắng nhưng shop lại gưir cho mình màu xanh :((( Thất vọng thất sự 🤦‍♀️,1,negative,rating_1,19,train
sent_002084,"Tai nghe gì đâu, đặt hai cái thì hư cả, chẳng nghe được, một cái thì hư không nghe được, còn cái kia thì nghe được một bên tai còn bên còn lại hư!! Quá chán, rẻ thì rẻ nhưng phải bán hàng có chất lượng chứ!!!",1,negative,rating_1,47,train
sent_002085,Đặt màu này giao màu khác :))),1,negative,rating_1,7,train
sent_002086,Ko đúng với màu trên hình nên thêm thông về việc ko có mic còn về tai nghe thì ổn,1,negative,rating_1,20,valid
sent_002087,Mua 5c mà giao 1c 😢,1,negative,rating_1,6,train
sent_002088,Tai chỉ nghe được 1 bên 😡,1,negative,rating_1,7,test
sent_002089,Giao 2cái 1 cái nói nghe được còn 1 cái ngược lại 1cái được tặng cây kẹp và 1 bên không,1,negative,rating_1,21,train
sent_002090,Chất lượng tai nghe rất tệ,1,negative,rating_1,6,train
sent_002091,"Tai nghe không nhận mic và nếu mình nói thì bên kia sẽ nghe thấy rè rè, không hợp với chơi game",1,negative,rating_1,22,train
sent_002092,1 bên tai nghe bị lỗi nghe rất bé luôn,1,negative,rating_1,10,train
sent_002093,Được đúng 1 tuần sau đấy bị chỉ nghe được 1 bên,1,negative,rating_1,12,train
sent_002094,"Mua 2 dây cùng lọai mà shop giao 2 cái khác nhau hòan tòan, dây khác, chất lượng cũng khác nhau",1,negative,rating_1,21,train
sent_002095,Nghe cực kỳ nhỏ ạ 😞😞😞,1,negative,rating_1,6,train
sent_002096,Bị sớ rồi,1,negative,rating_1,3,train
sent_002097,"Sản phẩm dùng ok, nhưng dây sạc mua chung không xài được, quay video gửi mail cho shop 1 ngày mà không rep luôn",1,negative,rating_1,24,test
sent_002098,"Tai nghe chất lượng rất kém , đúng làm tiền nào của đó",1,negative,rating_1,13,train
sent_002099,Ship cực lâu,1,negative,rating_1,3,train
sent_002100,"Sp bị lỗi tai nghe bên trái bị đổi thành bên phải, còn bên phải lại đổi thành bên trái, nếu đeo ngược lại thì thì no sẽ bị bít lỗ nghe rất nhỏ",1,negative,rating_1,34,test
sent_002101,Giao hàng quá lâu,1,negative,rating_1,4,train
sent_002102,Đeo chống điếc thôi,1,negative,rating_1,4,train
sent_002103,mag về xước ngang xước dọc mà còn bị vỡ shop làm ăn chán quá,1,negative,rating_1,15,train
sent_002104,@@ tai nghe đã hỏng mất 1 bên tai nên hơi buồn,1,negative,rating_1,12,valid
sent_002105,Tệ vãi c mua 2 cái mà giao đứt 1 cái,1,negative,rating_1,11,train
sent_002106,"Hôn trước hôm sau tai phone đã hỏng 1 bên r, sài thêm 1 tuần thì bị rè ạ",1,negative,rating_1,19,train
sent_002107,Dùng vài hôm đã hỏng,1,negative,rating_1,5,train
sent_002108,Tai nghe chỉ nghe đc 1 bên,1,negative,rating_1,7,valid
sent_002109,"Tại nghe bị hỏng 1 bên loa, loa hơi dè",1,negative,rating_1,10,train
sent_002110,"Mua 3 cái thì 1 cái bị hỏng hoàn toàn , 1 cái nghe đc 1 bên , cái còn lại thsì lúc được , lúc không",1,negative,rating_1,27,train
sent_002111,Mua 2 cái thì hỏng 1 cái,1,negative,rating_1,7,test
sent_002112,Mới mua mà hư r,1,negative,rating_1,5,train
sent_002113,"Nghe được mỗi 1 bên, chất âm không đủ hay lắm, tầm giá tiền đấy thì chịu thôi",1,negative,rating_1,18,train
sent_002114,mình khuyên thật các bạn rằng là ấy đừng ham rẻ nhé các bạn :>>>,1,negative,rating_1,15,valid
sent_002115,Tai nghe như (j tự hiểu),1,negative,rating_1,6,test
sent_002116,"Dây dở, kéo nhẹ đã đứt",1,negative,rating_1,6,train
sent_002117,Tai nghe bị hỏng dây khi nhận đc,1,negative,rating_1,8,valid
sent_002118,Tai nghe thì mới được 2 ngày đã tịt đ nghe thấy gì nữa,1,negative,rating_1,14,valid
sent_002119,"Độ bền kém, dùng được mấy hôm đã đứt luôn cả 2 dây ở đoạn ngã 3 nút chỉnh",1,negative,rating_1,19,test
sent_002120,"Mặc dù đeo đúng 2 bên tai nhưng âm thanh bị ngược 2 bên, bên trái nghe ra tiếng bên phải, rất khó chịu khi chơi game, tai nghe này mua nghe nhạc hay gì đó thì được",1,negative,rating_1,38,train
sent_002121,Hư nút bấm và một bên tai nghe không nghe được,1,negative,rating_1,11,test
sent_002122,hàng giao lâu nhưng k sao hơi hôi nhựahj,1,negative,rating_1,9,train
sent_002123,"Thời gian giao hàng lâu, 8 ngày mới nhận được",1,negative,rating_1,10,train
sent_002124,"Màu trắng âm thanh nghe rất rõ đều cả 2 bên, còn màu đen thì 1 bên bị nhỏ gần như ko nghe được tiếng (mặc dù bật max volume)",1,negative,rating_1,30,train
sent_002125,"Tai nghe ko thích hợp cho đt Huawei đang xài, jack cắm ko dô hết lỗ cắm đt nghe quá nhỏ",1,negative,rating_1,21,train
sent_002126,Mình mua về để chơi pubg nhưng như này thi quá thất vọng,1,negative,rating_1,13,train
sent_002127,Hơi buồn vì phải chờ gần 1 tuần mà nhận dc sản phẩm như thế này,1,negative,rating_1,16,train
sent_002128,Chắc lựa đúng cái hàng lỗi giao cho t deal 1k,1,negative,rating_1,11,train
sent_002129,Giao hàng mưòi mấy ngày mới nhận đv,1,negative,rating_1,8,valid
sent_002130,3c hư 1c thằng giao hàg nói chuyện Đéo chấp nhận được như cc,1,negative,rating_1,14,train
sent_002131,Đặt hàng thì shop bảo 25/1 sẽ giao tới nhưng chờ mãi(3 ngày sau) mới giao??,1,negative,rating_1,16,train
sent_002132,Tốn tiền quá đi shop ơii,1,negative,rating_1,6,test
sent_002133,"Giá bán lươn lẹo, không rõ ràng",1,negative,rating_1,7,test
sent_002134,"Mua cái này 21k, xong quay qua quay lại cũng cung shop này luôn giá còn hơn 10k nhưng họ chia ra",1,negative,rating_1,22,valid
sent_002135,Cắm vào máy khác nghe quá to nhưng ko hay ko êm,1,negative,rating_1,12,train
sent_002136,"Định bấm trả hàng ngay lập tức mà Tết rồi, rắc rối phức tạp chờ lâu mệt, ko muốn lấy vourcher",1,negative,rating_1,21,train
sent_002137,Hàng quốc tế mà cứ đi giao cho J&t tồi tệ nhất việt nam,1,negative,rating_1,14,valid
sent_002138,dở quá,1,negative,rating_1,2,train
sent_002139,nhưng dùng đc 4 ngày thì hỏng mất 1 bên,1,negative,rating_1,10,train
sent_002140,Giao không đúng màu,2,negative,rating_2,4,train
sent_002141,mua màu trắng nó về màu đen,2,negative,rating_2,7,test
sent_002142,Ta nói nhận mở ra thấy màu z là kh ưng rồi,2,negative,rating_2,12,train
sent_002143,Đặt màu trắng nhưng shop giao màu đen,2,negative,rating_2,8,test
sent_002144,Âm thanh tui nghe hơi bị sao sao ấy không rõ hơi nhỏ phải chỉnh nhiều lan mới nghe ro dc,2,negative,rating_2,21,train
sent_002145,Mua tại nghe màu trắng đưa màu đen,2,negative,rating_2,8,train
sent_002146,Tai nghe hư 1 bên,2,negative,rating_2,5,train
sent_002147,Mình đặt màu trắng nhưng lại giao màu xanh,2,negative,rating_2,9,test
sent_002148,sai màu :)) nhưng giá thì tạm chấp nhận,2,negative,rating_2,9,train
sent_002149,Hàng ko giống mô tả,2,negative,rating_2,5,train
sent_002150,"Shop giao nhầm sp cho mình, nhờ ng nhận hộ hnay về mở ra thì thấy là hàng khác",2,negative,rating_2,19,train
sent_002151,Tai nghe thì chỉ nghe được 1 tai,2,negative,rating_2,8,train
sent_002152,Mk mua 2 cái mà shop gửi dk có 1 cái,2,negative,rating_2,11,train
sent_002153,Ship k đúng sản phẩm đăng bán,2,negative,rating_2,7,test
sent_002154,Mua 2 cái bị hư 1 cái không biết làm sao để đổi,2,negative,rating_2,13,valid
sent_002155,Đặt màu đen mà giao màu xám,2,negative,rating_2,7,train
sent_002156,"Tai nghe bị hư một bên, yêu cầu trả hàng lại ạ",2,negative,rating_2,12,valid
sent_002157,Giờ nghe dc 1bên thi s shop,2,negative,rating_2,7,test
sent_002158,Hỏng 1 bên,2,negative,rating_2,3,train
sent_002159,Sản phẩm tệ,2,negative,rating_2,3,train
sent_002160,Mua về test tai nghe thì 1 bên ko nghe đc còn vận chuyển hàng thì ổn rồi nhưng ship hơi chậm,2,negative,rating_2,22,valid
sent_002161,Nghe bị rè,2,negative,rating_2,3,train
sent_002162,Giao hàng thì quá hạn,2,negative,rating_2,5,valid
sent_002163,"Đã nhận được sản phẩm, tai nghe bên phải ok, tai nghe bên trái nghe rất nhỏ",2,negative,rating_2,17,train
sent_002164,Tai nghe bị ù ù p,2,negative,rating_2,6,train
sent_002165,Bị nhiễm từ,2,negative,rating_2,3,test
sent_002166,Tai nghe 1 bên không nghe được,2,negative,rating_2,7,test
sent_002167,Tai nghe 1 bên đc 1 bên hư,2,negative,rating_2,8,train
sent_002168,Mới mua về mà chỉ nghe được 1 bên,2,negative,rating_2,9,train
sent_002169,Nghe dc có một bên,2,negative,rating_2,5,test
sent_002170,K hài lòng vs nhân viên giao hàng,2,negative,rating_2,8,train
sent_002171,Tai nghe dè quá k nghe thấy gì shop ạ,2,negative,rating_2,10,train
sent_002172,Hàng chưa giao ma báo đã giao hàng,2,negative,rating_2,8,train
sent_002173,K hài lòng,2,negative,rating_2,3,train
sent_002174,Tai nghe vừa dùng chưa được 1 ngày đã hỏng 1 tai,2,negative,rating_2,12,train
sent_002175,Tai nghe bị hư một bên,2,negative,rating_2,6,train
sent_002176,Không giao tới mà ghi là đã nhận hàng,2,negative,rating_2,9,train
sent_002177,Sau 2 ngày k nghe bị hư một tai,2,negative,rating_2,9,train
sent_002178,Tai nghe hư rồi xài đc vài ngày,2,negative,rating_2,8,train
sent_002179,1 tuần là hỏng 1 bên tai,2,negative,rating_2,7,train
sent_002180,Dùng chưa đc 15 ngày thì hỏng mất 1 tai r,2,negative,rating_2,11,train
sent_002181,Sản phẩm nghe được nhưng chỉ 3 ngày là hỏng mòng shop cải thiện chất lượng sp,2,negative,rating_2,17,train
sent_002182,Tai nghe không sử dụng được,2,negative,rating_2,6,valid
sent_002183,bị hỏng 1 bên tai,2,negative,rating_2,5,train
sent_002184,Sản phẩm lỗi,2,negative,rating_2,3,train
sent_002185,Tôi xin lỗi nhưng tôi nhận được 1 chiếc tai nghe bị hỏng,2,negative,rating_2,13,test
sent_002186,Dùng để chơi game ko đc,2,negative,rating_2,6,train
sent_002187,Tai nghe chỉ nghe đc mỗi tai phải,2,negative,rating_2,8,train
sent_002188,Hư một bên tai nghe,2,negative,rating_2,5,train
sent_002189,Hàng lỗi,2,negative,rating_2,2,train
sent_002190,"Mua 2 cái 1 cái bị chạm tai phải,lúc nghe đc lúc không",2,negative,rating_2,13,train
sent_002191,Mình mua lần 1 tai nghe HƯ 1 bên,2,negative,rating_2,9,valid
sent_002192,mua về bên nghe đc bên k,2,negative,rating_2,7,train
sent_002193,Âm quá trầm,2,negative,rating_2,3,train
sent_002194,Hư 1 bên tai nghe,2,negative,rating_2,5,train
sent_002195,Ko nghe dc,2,negative,rating_2,3,test
sent_002196,Tai nghe cũng bị hư,2,negative,rating_2,5,train
sent_002197,Không nhận được hàng nên không biết được chất lượng sản phẩm,2,negative,rating_2,12,train
sent_002198,"Nghe chưa ổn lắm, chắc do dây truyền âm thanh kém rồi, nhưng hài lòng vì giao hàng nhhanh",2,negative,rating_2,19,train
sent_002199,Tai nghe ko nghe đc,2,negative,rating_2,5,train
sent_002200,"Tai nghe có chất lượng âm thanh tạm ổn, tuy nhiên vừa mới mua về đã bị rò điện một bên, khi đeo lên tai bị giật :((( cũng may chưa đưa cho em mình dùng",2,negative,rating_2,36,train
sent_002201,Giao hàng lâu,2,negative,rating_2,3,test
sent_002202,Tai bị hư,2,negative,rating_2,3,train
sent_002203,Sản phẩm nhận được chỉ nghe một bên,2,negative,rating_2,8,train
sent_002204,Tai nghe bị hỏng 1 bên k nghe dc,2,negative,rating_2,9,valid
sent_002205,Nghe 1 bên to 1 bên nhỏ,2,negative,rating_2,7,train
sent_002206,Chờ hơi lâu,2,negative,rating_2,3,train
sent_002207,Không nghe được,2,negative,rating_2,3,valid
sent_002208,Tai nghe ko thể nói chuyện đc,2,negative,rating_2,7,test
sent_002209,Sản phẩm gói cẩn thận nhưng vận chuyển quá lâu,2,negative,rating_2,10,valid
sent_002210,"Đặt mua 4 cái, shop giao có 3 cái",2,negative,rating_2,9,test
sent_002211,mic không nói được,2,negative,rating_2,4,train
sent_002212,Lỗi,2,negative,rating_2,1,train
sent_002213,Hàng bị lỗi rồi shop,2,negative,rating_2,5,train
sent_002214,Tai nghe nhỏ,2,negative,rating_2,3,valid
sent_002215,Không có mic,2,negative,rating_2,3,train
sent_002216,Tệ,2,negative,rating_2,1,train
sent_002217,Sản phẩm về rất muộn,2,negative,rating_2,5,train
sent_002218,tai nghe ko có mic ai cần thì mua,2,negative,rating_2,9,train
sent_002219,Kém,2,negative,rating_2,1,test
sent_002220,Hàng xấu,2,negative,rating_2,2,train
sent_002221,Ko có mic,2,negative,rating_2,3,train
sent_002222,Kém sản phẩm,2,negative,rating_2,3,valid
sent_002223,Tai nghe hỏng 1 bên ạ,2,negative,rating_2,6,train
sent_002224,Bên nghe được bên ko,2,negative,rating_2,5,train
sent_002225,Shiper làm rơi k nhận dc hàng,2,negative,rating_2,7,valid
sent_002226,Thiếu một bên cao su lót tai,2,negative,rating_2,7,train
sent_002227,Nghe đc có 1 tai,2,negative,rating_2,5,train
sent_002228,Ko tốt nhé,2,negative,rating_2,3,train
sent_002229,Ko có hoạt động đc,2,negative,rating_2,5,train
sent_002230,Mua về điện hư 1 bên,2,negative,rating_2,6,train
sent_002231,Giao nhầm đồ,2,negative,rating_2,3,test
sent_002232,Thiếu hàng,2,negative,rating_2,2,train
sent_002233,Chưa nhận được hàng,2,negative,rating_2,4,train
sent_002234,Hàng k giống hình ảnh,2,negative,rating_2,5,train
sent_002235,Tai nghe ko nghe được,2,negative,rating_2,5,train
sent_002236,Lúc nghe đc lúc ko,2,negative,rating_2,5,train
sent_002237,một bên âm to một bên nhỏ,2,negative,rating_2,7,test
sent_002238,"Toi đặt 2 cái tai nghe, khi về 1 cái thì bị tróc phần vỏ trang trí và 1 cái bình thường",2,negative,rating_2,22,train
sent_002239,Time giao hàng lâu,2,negative,rating_2,4,train
sent_002240,nhạc đang pát tự dừng xong k chạy nữa,2,negative,rating_2,9,train
sent_002241,Nghe tạm thì ok còn muốn hay thì không nên mua,2,negative,rating_2,11,train
sent_002242,Giao hàng chậm,2,negative,rating_2,3,train
sent_002243,10k nghe đc 1 bên,2,negative,rating_2,5,train
sent_002244,bị tróc lớp sơn bên ngoài tai nghe,2,negative,rating_2,8,train
sent_002245,tai nghe bị nhiễm điện,2,negative,rating_2,5,test
sent_002246,chạm vào gần dây là bị giật ngay,2,negative,rating_2,8,train
sent_002247,tai nghe thì ko có âm bass,2,negative,rating_2,7,train
sent_002248,Hỏng 1 bên tai,2,negative,rating_2,4,train
sent_002249,Tai nghe không có mic,2,negative,rating_2,5,valid
sent_002250,"Không giống hình, dây trắng mà giao dây đỏ",2,negative,rating_2,9,train
sent_002251,Đặt 2c 2 màu khác nhau mà shop giao 1 loại 2 màu y như nhau,2,negative,rating_2,16,valid
sent_002252,Tai nghe nghe ko rõ,2,negative,rating_2,5,train
sent_002253,Giao nhầm màu đặt trắng giao đen,2,negative,rating_2,7,valid
sent_002254,Định hoàn tiền trả hàng nhưng thủ tục hơi rắc rối,2,negative,rating_2,11,train
sent_002255,Còn mất tiền ship từ hn-hcm nữa nên lại thôi ;(,2,negative,rating_2,11,train
sent_002256,E nt mà shop k trả lời,2,negative,rating_2,7,train
sent_002257,Nên hơi tệ,2,negative,rating_2,3,valid
sent_002258,điểm trừ là k có micro phone,2,negative,rating_2,7,train
sent_002259,Vận chuyển lâu,2,negative,rating_2,3,train
sent_002260,Tai nghe âm lượng khá nhỏ,2,negative,rating_2,6,train
sent_002261,Tai nghe dùng được 2 ngày thì bị hư thế này ạ,2,negative,rating_2,12,test
sent_002262,Đc 1 bên tai,2,negative,rating_2,4,train
sent_002263,"Săn 12/12 hàng về lâu và chỉ nghe được 1 bên tai, đóng gói ổn nên cho 2 sao",2,negative,rating_2,19,train
sent_002264,Nghe thì được nhưng có vđề là âm thanh trái phải bị ngược tai,2,negative,rating_2,14,train
sent_002265,"Mic hư, nghe tạm ổn",2,negative,rating_2,5,train
sent_002266,"Sản phẩm bị xước mạnh, không biết do sản xuất hay vận chuyển",2,negative,rating_2,13,train
sent_002267,Tai nghe bị ngược bên chỉ nghe nhạc chứ k chs game dc shsbjdjdj,2,negative,rating_2,14,train
sent_002268,"Âm thanh ko chân thực lắm, nó bị ồm ồm í",2,negative,rating_2,11,test
sent_002269,Chất lượng sản phẩm không được tốt cho lắm,2,negative,rating_2,9,train
sent_002270,Không kết nối đc mong shop tư vấn,2,negative,rating_2,8,valid
sent_002271,Dùng k tốt lắm,2,negative,rating_2,4,train
sent_002272,Chất lượng âm thanh khi sử dụng ko hài lòng cho lắm,2,negative,rating_2,12,test
sent_002273,chả biết do tai nghe do máy mà đeo tai nghe vào gọi video call bên kia k nghe dc mình nói,2,negative,rating_2,22,train
sent_002274,Giao hàng khá lâu hơn 1 tuần mới nhận được hàng,2,negative,rating_2,11,train
sent_002275,Giao hàng nhanh nhưng lần này nhận tai nghe không chất lượng như 2 lần trước mua,3,neutral,rating_3,17,train
sent_002276,Bao bì sản phẩm đẹp nhưng bên nghe được bên không,3,neutral,rating_3,11,train
sent_002277,Tiền ít không đánh giá chất lượng,3,neutral,rating_3,7,test
sent_002278,Tiền nào của ấy,3,neutral,rating_3,4,train
sent_002279,Đúng là tiền nào của nấy,3,neutral,rating_3,6,train
sent_002280,Nên cân nhắc trước khi mua,3,neutral,rating_3,6,train
sent_002281,Chất lượng tai nghe thì bình thường không có gì nổi bật,3,neutral,rating_3,12,train
sent_002282,Tai nghe trông đẹp nhưng bị hỏng 1 bên,3,neutral,rating_3,9,train
sent_002283,"Cái tai nghe về bề ngoài thì ok , đóng gói cẩn thận nhưng tùy máy mà nó tương thích nhé, nhưng gần như là không phù hợp",3,neutral,rating_3,28,train
sent_002284,"Tai nghe đẹp , rẻ nhưng chỉ nghe được 1 tai",3,neutral,rating_3,11,train
sent_002285,Hàng tạm ổn nghe k đc ấm lắm cố gắng phát triển nha sẽ ủng hộ shop ọ,3,neutral,rating_3,18,test
sent_002286,"Mình tai trâu , hay nghe nhạc , thích nổi chất âm bass , tai nghe này rẻ mua về cho ai nhu cầu thấp , tai nghe âm bass chét yếu , đã test qua , mua 2 sp đều vậy cả , tai phone ko dành cho game , nhạc đặc biệt là edm hay tóm lại là ko ok về phần music , mà shop ship từ tàu nên đổi hàng khó haiz",3,neutral,rating_3,76,train
sent_002287,Tạm,3,neutral,rating_3,1,test
sent_002288,Nhưng thật sự thì ko biết cái kẹp dùng làm sao bên ngoài thì ok,3,neutral,rating_3,15,test
sent_002289,Tiếc ghê 🤧,3,neutral,rating_3,3,test
sent_002290,"Quá tệ! Ship nhầm hàng không bên nào liên hệ được với cửa hàng, cửa hàng sẽ không cung cấp địa chỉ",1,negative,rating_1,22,train
sent_002291,"Tai nghe có màu trắng, và đơn đặt hàng dành riêng cho tai nghe màu trắng",1,negative,rating_1,16,train
sent_002292,Màu sắc không chính xác tại thời điểm giao hàng,1,negative,rating_1,10,test
sent_002293,"Cửa hàng đã thay nhầm dây màu trắng với dây tai nghe màu đen, nhưng một bên bị đứt, giống như cái lọ",1,negative,rating_1,23,valid
sent_002294,Mua trắng nhận đen ?? Không có đại diện của Nt,1,negative,rating_1,11,train
sent_002295,Giao hàng sai mẫu mã :)) Mong ae xem xét,1,negative,rating_1,10,test
sent_002296,Các mục dí dỏm nhét vào máy tính xách tay không được nới lỏng,1,negative,rating_1,14,train
sent_002297,Cửa hàng có thái độ quản lý kém đối với người da trắng và da đen,1,negative,rating_1,16,train
sent_002298,"Hình ảnh toàn màu trắng, nhưng lỗi gửi lại tai nghe có nắp lưng màu đen",1,negative,rating_1,16,train
sent_002299,Luôn luôn nhút nhát 😥,1,negative,rating_1,5,valid
sent_002300,Mình đặt 2sp nhưng cửa hàng giao 1sp mà tiền vẫn chi 2sp,1,negative,rating_1,13,test
sent_002301,Mình mới nghe 1 lần mà nt shop ko trả lời,1,negative,rating_1,11,test
sent_002302,"Mình đặt 2c nhưng giao 1c, bên ngoài hộp có ghi rõ 2c nhưng hộp chỉ có 1c => nên mình nghĩ đây là cố ý chứ không phải vô ý",1,negative,rating_1,31,valid
sent_002303,Tôi đã mua chiếc tai nghe và đưa nó cho tôi,1,negative,rating_1,11,train
sent_002304,"Mình mua 2 cửa hàng giao 1 kèm 2 tiền, mình nhắn tin nhưng cửa hàng không phản hồi",1,negative,rating_1,19,train
sent_002305,"Tai nghe màu trắng, nhưng điều ngạc nhiên là màu xanh lam 🤦🏻‍♀️",1,negative,rating_1,13,valid
sent_002306,"Bạn có biết hàng rẻ mà chất lượng cao sẽ không đắt, nhưng ít nhất nên giao hàng nguyên chiếc? kbh lần mua thứ hai!",1,negative,rating_1,25,valid
sent_002307,"Mua màu trắng và phát ra màu xanh, một bên tai nghe bị hư, xin vui lòng tránh sử dụng lừa đảo này :)",1,negative,rating_1,24,valid
sent_002308,"Màu giao hàng không chính xác, vui lòng đặt màu trắng thành màu xanh lam! Không hài lòng",1,negative,rating_1,18,test
sent_002309,"Đã đặt hàng màu trắng nhưng gửi lại màu đen, sau đó gửi tin nhắn không đóng cửa hàng mà không thấy hồi âm",1,negative,rating_1,24,train
sent_002310,Mới nhận hàng-mở hàng ra xem bên em nó,1,negative,rating_1,9,train
sent_002311,Mua màu trắng nhưng có ship đến màu xanh dương 🙄,1,negative,rating_1,11,train
sent_002312,Đặt màu trắng thành màu xanh lam :)),1,negative,rating_1,8,train
sent_002313,"Nghe có vẻ nhỏ bé, trông thô kệch và mỏng manh, thua xa son phấn và hình ảnh! Cửa hàng nên chụp ảnh thật",1,negative,rating_1,24,valid
sent_002314,"Xóa dòng chữ trắng xanh ?? Nếu không, nó có nghĩa là",1,negative,rating_1,12,train
sent_002315,Sản phẩm bạn vừa mua bị lỗi âm thanh,1,negative,rating_1,9,test
sent_002316,Màu trắng chuyển sang màu xanh lam! Chủ sở hữu không muốn đại diện,1,negative,rating_1,14,test
sent_002317,Màu xanh trắng mà cửa hàng đặt đã giao nhầm thật đáng thất vọng,1,negative,rating_1,14,train
sent_002318,"Nghe được hai ngày, một bên không nghe được, càng không",1,negative,rating_1,11,test
sent_002319,Sẽ không tốt nếu bạn thử sử dụng một lần,1,negative,rating_1,10,test
sent_002320,"Đối với những sản phẩm như cc, sau khi mất một tai, Dell có thể nghe thấy nó",1,negative,rating_1,18,train
sent_002321,"Đặt hàng 2 mà còn 1, hàng hai còn cần tiền bảo sao cửa hàng thiếu ý thức",1,negative,rating_1,18,train
sent_002322,"Vài ngày sau, tai nghe của tôi bị hỏng",1,negative,rating_1,9,train
sent_002323,Sản phẩm không tốt chút nào,1,negative,rating_1,6,valid
sent_002324,"Hàng kém chất lượng, dùng được 4 đến 5 ngày là có dấu hiệu bị rè, nút đậy cũng lỏng lẻo, mình thấy không chắc chắn, có dấu hiệu bị rỉ",1,negative,rating_1,31,train
sent_002325,Cả hai tai đều hư :(,1,negative,rating_1,6,train
sent_002326,Nghe được ba ngày thì mẹ làm hỏng tai nghe,1,negative,rating_1,10,train
sent_002327,"Quả thật, dù trả bao nhiêu cũng không có lý do gì để hủy sản phẩm, nghĩ rằng 45k nên dừng lại",1,negative,rating_1,22,train
sent_002328,Đặt màu trắng trong cũng có thể là sai hoặc thực,1,negative,rating_1,11,train
sent_002329,"Mình không muốn đại diện, thái độ của mình trước khi mua cũng rất thú vị :))) Hỏi đại diện kbh",1,negative,rating_1,21,train
sent_002330,nhàm chán,1,negative,rating_1,2,train
sent_002331,Thật thất vọng với cửa hàng này,1,negative,rating_1,7,train
sent_002332,Hàng về được 20 ngày mà bà mất công nghe lời,1,negative,rating_1,11,train
sent_002333,"Mình mua tai nghe gọi điện không được, bấm nhận hàng không đổi được, chán quá",1,negative,rating_1,16,train
sent_002334,"Đã nhận hàng, nhưng thực sự không hài lòng",1,negative,rating_1,9,train
sent_002335,"Tai nghe gửi 1 bên nghe được âm thanh bên kia không nghe được âm thanh, hàng trả lại 29k cũng kém lắm",1,negative,rating_1,23,train
sent_002336,Trung tâm mua sắm trông thật điên rồ,1,negative,rating_1,8,train
sent_002337,đó là khủng khiếp,1,negative,rating_1,4,train
sent_002338,Tai nghe có chất lượng âm thanh kém,1,negative,rating_1,8,train
sent_002339,Sau khi kết nối tai nghe sẽ tự động bật siri một cách tự động và liên tục,1,negative,rating_1,18,train
sent_002340,"Tai nghe không thể được sử dụng như đồ chơi, vì vậy chúng đắt một cách phi lý nếu bạn không mua",1,negative,rating_1,22,train
sent_002341,Tai nghe có thể sử dụng trong 1 ngày,1,negative,rating_1,9,test
sent_002342,"Chất lượng kém, nhắn tin bên tai nghe nhỏ rồi ra tiệm k rep :)))))))))))))",1,negative,rating_1,15,train
sent_002343,"Sau khi mua hàng, mang đi test tai nghe giá này cũng rất rẻ nhưng chất lượng thì rất kém và thất vọng",1,negative,rating_1,23,valid
sent_002344,"Tai nghe đã bị điếc một ngày, và tất cả đều bị điếc",1,negative,rating_1,13,valid
sent_002345,"Hàng fake người ta không mua được, không mua được, không nghe được thì tước dây",1,negative,rating_1,16,valid
sent_002346,Tiếc gì một trung tâm mua sắm,1,negative,rating_1,7,train
sent_002347,Sản phẩm không được thanh toán tại đây theo yêu cầu,1,negative,rating_1,11,valid
sent_002348,Bị hỏng sau 2 tuần sử dụng,1,negative,rating_1,7,train
sent_002349,Tai nghe dở quá mà order báo 15/3 mà mãi đến 21/3 mới nhận hàng và nói là thành công,1,negative,rating_1,20,valid
sent_002350,Tại sao bạn lại muốn bán những thứ xấu cho người khác?,1,negative,rating_1,12,valid
sent_002351,Hàng ko đúng mẫu,2,negative,rating_2,4,train
sent_002352,"Giao hàng kém , nhân viên giao lâu , cần phản ánh",1,negative,rating_1,12,train
sent_002353,Âm thanh quá kém,1,negative,rating_1,4,train
sent_002354,Chân tai nghe quá lỏng cắm k nhận dc,1,negative,rating_1,9,train
sent_002355,Nhìn giống trong ảnh nhưng nghe không hay,2,negative,rating_2,8,train
sent_002356,Tai nghe đéo có mic a e ạ,1,negative,rating_1,8,test
sent_002357,Tai nghe bên to bên nhỏ :((((,1,negative,rating_1,7,train
sent_002358,tai bên phải bị giật,2,negative,rating_2,5,test
sent_002359,Tại nghe đeo cho vui còn không hề hay tại nghe không có bass nghe toàn trebs,2,negative,rating_2,17,valid
sent_002360,Tai nghe k cắm đc vào đt,2,negative,rating_2,7,train
sent_002361,Giao hangg quá lâu,1,negative,rating_1,4,train
sent_002362,"Hàng giao nhanh, nghe được nhưng bị lỗi",3,neutral,rating_3,8,test
sent_002363,"Mua 1 cái Bluetooth , 3 cái có đây nhưng chỉ dùng đc 1 cái có dây",1,negative,rating_1,17,valid
sent_002364,"Mình mua 2 cái, 1 cái thì nghe bị giật 1 chút điện, 1 cái thì 1 bên k nghe gì hết",1,negative,rating_1,22,test
sent_002365,Lỗi sản phẩm,2,negative,rating_2,3,train
sent_002366,Chất lượng sản phẩm quá kém,1,negative,rating_1,6,train
sent_002367,"Tồi, nhưng 1k nên ko đòi hỏi",1,negative,rating_1,7,train
sent_002368,"Mua 2 sản phẩm tính tiền 2 mà giao chỉ có 1 thôi,shop lam ăn k uy tín cho lắm",1,negative,rating_1,20,train
sent_002369,Chất lượng ko ổn,2,negative,rating_2,4,train
sent_002370,Hàng giống hình nhưng chất lượng quá kém,1,negative,rating_1,8,test
sent_002371,Âm thanh dở,2,negative,rating_2,3,train
sent_002372,Tuy là không hy vọng gì của rẻ nhưng cái việc rò điện là o thể chấp nhận,1,negative,rating_1,18,train
sent_002373,"Gia công quá kém ko giống ảnh chụp, đúng là quảng cáo ae mua cho vui chứ chán lắm đặt 5 cái có 50k mà đc tầm 2 cái còn tương đối ok còn lại cái nghe đc cái ko ,nghe kém 10k đc v là cx ổn r",1,negative,rating_1,49,train
sent_002374,tai nghe bi ro dien,2,negative,rating_2,5,train
sent_002375,Vừa mua về dây đã gần đất r,1,negative,rating_1,8,train
sent_002376,"Sản phẩm như hình, đủ, đã test: nghe thấy tiếng nhưng rất dở, k có chút bass nào, tệ kể cả với vs giá 10k",1,negative,rating_1,25,train
sent_002377,Mua 6 sp mà giao có 5 sp,1,negative,rating_1,8,train
sent_002378,"Vẫn biết mua hàng rẻ thì ko có đồ đẹp mà đồ chán quá thì cũng hơi ko hài lòng, tai nghe chỉ nghe đc 1 tai",1,negative,rating_1,27,train
sent_002379,Rắc cắm lúc nghe dc lúc ko động và mất học tự dừng bì hát khi nghe,1,negative,rating_1,17,train
sent_002380,chán🐵🐵,1,negative,rating_1,1,valid
sent_002381,Hơi chập chờn,1,negative,rating_1,3,train
sent_002382,Tiền nào của đấy,3,neutral,rating_3,4,valid
sent_002383,"Tai nghe không có mic, dây mỏng, âm thanh không thật sự tốt, nghe cho có thì được",1,negative,rating_1,18,train
sent_002384,Vừa mới về tai nghe đã không dùng được,1,negative,rating_1,9,train
sent_002385,Nó cũng phế phẩm thôi nha mn đồ rẻ tiền mà 101010101010101010000,1,negative,rating_1,12,train
sent_002386,"Đơn hàng giao cực kỳ chậm, gói hàng sơ sài",1,negative,rating_1,10,train
sent_002387,Sản phẩm tạm đc 😇,3,neutral,rating_3,5,train
sent_002388,Tai nghe ko ra j cả,1,negative,rating_1,6,valid
sent_002389,Sản phẩm kém chất lượng,1,negative,rating_1,5,test
sent_002390,Âm thanh rất tệ,1,negative,rating_1,4,train
sent_002391,Nghe được 1 tai lỗi hơi reffff,1,negative,rating_1,7,train
sent_002392,"TAi nghe , chỉ nghe được giọng nói thôi , nghe nhiều rè mà chói tai , bass thì hầu như kh có , tiếng rẻ , chất liệu oặt tà là vằn",1,negative,rating_1,33,valid
sent_002393,"Bass, treb bay hết thua cả tai nghe mua 1k săn flashsale :)) ok shop",1,negative,rating_1,15,train
sent_002394,Mua 3 sp gửi 2 sp,1,negative,rating_1,6,train
sent_002395,Sản phẩm mới có thể là em lm gật gật gù lưng realmi c3 ko biết đường gửi ảnh xem phim tinh cam cua ca non nớt nhưng vẫn có tiền ăn học chưa có ATM của tao mk chính sách,1,negative,rating_1,41,train
sent_002396,Hàng đẹp nhưng vì là hàng rẻ chất lượng âm thanh không được như ý,1,negative,rating_1,15,train
sent_002397,"Dây ngắn, cắm vào loạn điện thoại",1,negative,rating_1,7,train
sent_002398,"Hang dom kinh khung, mua 1 daay tai nghe chat luong khong tot con khong vua voi đt nữa chứ, 1 dây sat thi sạt lau dô kinh khung",1,negative,rating_1,29,train
sent_002399,Ship hơi lâu,2,negative,rating_2,3,train
sent_002400,Đeo đau tai,2,negative,rating_2,3,train
sent_002401,Dây lỏng lẻo âm thanh lúc có lúc không,2,negative,rating_2,9,train
sent_002402,Tai nghe không rõ,2,negative,rating_2,4,train
sent_002403,Tiền nào của đấy chán thực sự,1,negative,rating_1,7,test
sent_002404,Chất lượng âm thanh kém,1,negative,rating_1,5,train
sent_002405,Tai nghe 1 bên hở điện ~~,1,negative,rating_1,7,test
sent_002406,Chất lượng đúng là tiền nào của đó,1,negative,rating_1,8,train
sent_002407,Hàng chán luôn ý tưởng ok cơ hazzz giao thì chậm nữa ý,1,negative,rating_1,13,train
sent_002408,Sao em ko nghe đc v shop?,2,negative,rating_2,7,train
sent_002409,1 tai to 1 tai nhỏ,2,negative,rating_2,6,train
sent_002410,"Đúng là tiền nào của đó,đặt 5 cái thì chỉ 2cái nghe tạm đc,còn lại thì như vứt bỏ,tệ",1,negative,rating_1,19,test
sent_002411,"Chất lượng sản phẩm kém, nghe chán phèo",1,negative,rating_1,8,valid
sent_002412,Sp bị hở điện,2,negative,rating_2,4,test
sent_002413,Nghe ổn mà giao tận 11 ngày,2,negative,rating_2,7,train
sent_002414,tai nghe không mic mọi người nhé tránh nhầm lẫn mà phí thời gian đợi hàng,1,negative,rating_1,16,test
sent_002415,Chất lượng tốt nhưng bị bong sơn,3,neutral,rating_3,7,valid
sent_002416,"Tai nghe âm thanh rất nhỏ, bật max mới nghe được",1,negative,rating_1,11,train
sent_002417,"Tai nghe không rõ tiếng,Giao hàng lâu",1,negative,rating_1,7,valid
sent_002418,Tai nghe đang nghe nó cứ chỉnh full âm lượng,2,negative,rating_2,10,train
sent_002419,sản phẩm rất dễ hỏng,1,negative,rating_1,5,train
sent_002420,Bị điếc 1 tai,2,negative,rating_2,4,train
sent_002421,giao hàng lâu phải mất 1 tuần mới có hàng,2,negative,rating_2,10,train
sent_002422,Nghe khá rè,2,negative,rating_2,3,test
sent_002423,Chất lượng sản phẩm bthg,3,neutral,rating_3,5,train
sent_002424,Như shit,1,negative,rating_1,2,train
sent_002425,Loa thì dè,2,negative,rating_2,3,train
sent_002426,Dùng k đc,2,negative,rating_2,3,valid
sent_002427,"Cứ đụng nhẹ là nó lại mất tiếng, nghe đc 1 tai, lỗi",1,negative,rating_1,13,train
sent_002428,Mọi người mua nên cẩn thận ⚠⚠⚠⚠,1,negative,rating_1,7,valid
sent_002429,Hở điện,2,negative,rating_2,2,train
sent_002430,Đeo vào giật cho phát rung tai,2,negative,rating_2,7,train
sent_002431,"Trong đó lại có 1 tai nghe bị lỗi, còn 4 tai nghe",1,negative,rating_1,13,valid
sent_002432,1 cái nghe đc 1 cái chỉ đc 1 tai,1,negative,rating_1,10,train
sent_002433,chán quá,1,negative,rating_1,2,test
sent_002434,"Chú ý tai nghe bị tình trạng bên to, bên nhỏ, âm lượng ko đều nhau",2,negative,rating_2,16,valid
sent_002435,dù sao vs giá 10k thì k có gì phàn nàn,3,neutral,rating_3,11,train
sent_002436,như giá của nó vậy,3,neutral,rating_3,5,test
sent_002437,Nhưng shop ơi sao thẻ nhớ chẳng nhận jì vậy,2,negative,rating_2,10,train
sent_002438,đeo cực kì đau tai,1,negative,rating_1,5,train
sent_002439,Lúc nghe được lúc không,2,negative,rating_2,5,train
sent_002440,Bình bị bong quai xách tay cầm 1 bên,2,negative,rating_2,9,valid
sent_002441,Bị thoát hơi nước ở nắp mặc dù đã đóng kỹ nắp khi đựng nước đá,2,negative,rating_2,16,train
sent_002442,"bị lỗi phần miệng bình, tróc phần mạ",1,negative,rating_1,8,test
sent_002443,bị 1 chút lỗi nhỏ ở phần nắp,2,negative,rating_2,8,valid
sent_002444,"Số móc mẻ tùm lum, nhìn thấy gớm ghê, giao hàng ko kiểm tra trước khi giao",1,negative,rating_1,17,train
sent_002445,Mua về bộ kim không dùng được,2,negative,rating_2,7,train
sent_002446,Mua lần 1 đồng hồ không chạy,2,negative,rating_2,7,valid
sent_002447,Máy k chạy được,2,negative,rating_2,4,train
sent_002448,Kim mỏng manh quá hcuuf fuxduyzkgzxghxhculykkyjfhfjfjfzgkxgxkkxggjcycychhc,1,negative,rating_1,6,train
sent_002449,Kìm đồng hộ bị cong không rõ nguyên nhân,2,negative,rating_2,9,train
sent_002450,"Keo dán dở, dán có 1 ngày tự động bung keo",2,negative,rating_2,11,train
sent_002451,Hàng bằng xốp nên hơi thất vọng mình chưa lắp nên k biết có chạy đc ko,2,negative,rating_2,17,valid
sent_002452,"Giờ chạy sai, shop đã liên hệ và gửi cho cái khác",2,negative,rating_2,12,train
sent_002453,Đúng là sp ít tiền,1,negative,rating_1,5,train
sent_002454,Đồng hồ tặng không giống với đồng hồ gốc => ko lắp được kim,2,negative,rating_2,14,train
sent_002455,Đồng hồ lúc quay lúc ko là sao ta,2,negative,rating_2,9,train
sent_002456,Đồng hồ kèm theo không dùng được,2,negative,rating_2,7,test
sent_002457,Đồng hồ chạy được 1 ngày xong không chạy nữa,2,negative,rating_2,10,test
sent_002458,Đặt mua màu vàng thì shop giao màu đen,2,negative,rating_2,9,valid
sent_002459,Chăm sóc khách hàng chưa tốt,2,negative,rating_2,6,train
sent_002460,Có 1 máy ko lắp dc kim nhé,2,negative,rating_2,8,train
sent_002461,Bị gãy ngay kim phút,2,negative,rating_2,5,test
sent_002462,cây lau nầy chỉ phù hợp cho sàn nhà ít bẩn,3,neutral,rating_3,11,train
sent_002463,"Mình kì vọng em này xịt ra nước đun sôi như kiểu bàn là hơi nhưng trên thực tế ko như vậy, cấu tạo cũng rất bình thường thôi, ko có gì ghê gớm",3,neutral,rating_3,34,valid
sent_002464,Xịt hoài không ra nước,1,negative,rating_1,5,test
sent_002465,"Mình mua về hơn 1 tuần nhưng hôm nay mới đập hộp khui ra xài, nhưng sao ko thể bấm nước được, hình như bị lỗi kỷ thuật là phải, nhờ Tiki hỗ trợ gấp",2,negative,rating_2,35,train
sent_002466,Tiki có thể đổi hoặc giao đủ cho tôi phụ kiện ko? Không có nắp đậy thì tôi đổ nước vào đâu vậy,2,negative,rating_2,23,test
sent_002467,"Mình mới nhận hàng chiều nay, máy bị lỗi rồi",2,negative,rating_2,10,train
sent_002468,Miếng lau bị rách còn phần xịt nước bị lỏng không sử dụng được yêu cầu hỗ trợ gấp,1,negative,rating_1,19,train
sent_002469,Sản phẩm mình mua về miếng dán màu đen để dán miếng lau nhà bị bong ra mỗi khi lột miếng lau ra để giặt,1,negative,rating_1,25,valid
sent_002470,Mình mới nhận hàng vừa mở ra thì thấy cái cần xịt nước bị hư không xịt đc,2,negative,rating_2,18,valid
sent_002471,"Bông lau đựng trong túi nilon kiểu gia công, cảm giác chất lượng ko tốt như hàng trong gian hàng Lock & Lock",2,negative,rating_2,23,train
sent_002472,"Tôi đã nhận hàng, nhưng shop giao hàng thiếu 2 miếng bông lau",2,negative,rating_2,13,train
sent_002473,"Đầu phun không hoạt động, các bộ phận tháo ra khó khăn",1,negative,rating_1,12,test
sent_002474,Ba me mình nhận cây lau nhà hôm ngày 5/1 nhưng cây không lắp được vào bình xịt,2,negative,rating_2,18,train
sent_002475,Mình mới lắp để sử dụng mà không xịt ra tia,2,negative,rating_2,11,train
sent_002476,"Sản phẩm không phun nước được đâu, mọi người đừng ham",2,negative,rating_2,11,train
sent_002477,"Vừa sử dụng được 1 tuần , tay bóp xịt nước bị hư kg ra nước được, đổi lại được kg vậy ? Hơi buồn",1,negative,rating_1,25,train
sent_002478,"mua về dùng không được,thiếu chi tiết lấp không được, lần này mua hàng tiki quá thất vọng",1,negative,rating_1,18,train
sent_002479,Lắp ráp vào khớp nhưng xịt nước không được shop oi! Đề nghị đổi,1,negative,rating_1,14,train
sent_002480,"Vừa dùng đã bị rỉ nước, nước trong bình tràn hết ra sàn, hơi thất vọng 😓",1,negative,rating_1,17,train
sent_002481,Mình lắp sản phẩm theo hướng dẫn nhưng xịt không ra nước,2,negative,rating_2,12,train
sent_002482,"Sp không sử dụng được, không xịt nước được",1,negative,rating_1,9,train
sent_002483,"Tay cầm lỏng lẻo, xịt không ra nước, mình muốn đổi trả hàng",1,negative,rating_1,13,train
sent_002484,"Sản phẩm dùng ko đc, shop có thể cho em cách liên lạc để đổi trả dc k ạ?",2,negative,rating_2,19,valid
sent_002485,"Mình mua 3 lần nhưng hết 2 lần là cây bị rỉ nước,",1,negative,rating_1,13,train
sent_002486,Đã nhận hàng nhưng sp bị lỗi chỗ tay cầm xịt nước kg sd dc,2,negative,rating_2,15,train
sent_002487,"Mới lắp vào dùng đã hỏng vòi xịt, mất toi cây lau nhà",1,negative,rating_1,13,train
sent_002488,"Xài được 1 tháng thì đã bị hư, bị cả 2 cây",1,negative,rating_1,12,train
sent_002489,"Tệ, như đồ chơi con nít",1,negative,rating_1,6,train
sent_002490,Vòi xịt lỏng lúc xịt dc lúc Ko yêu cầu shop ktra lại,1,negative,rating_1,13,test
sent_002491,Hàng lần này chậm quá 13 ngày mới nhận đc,1,negative,rating_1,10,valid
sent_002492,"Quá tệ, nhanh hư hơn tưởng tượng",1,negative,rating_1,7,train
sent_002493,Dơ bẩn,1,negative,rating_1,2,train
sent_002494,Miếng giẻ rất dễ bong,2,negative,rating_2,5,valid
sent_002495,"Lau lâu, không tiện mấy",1,negative,rating_1,5,train
sent_002496,Qa te,1,negative,rating_1,2,test
sent_002497,Đặt 2 chiếc tiki giao hàng 1 chiếc tính tiền 2 chiếc,1,negative,rating_1,12,train
sent_002498,o xài đc,2,negative,rating_2,3,train
sent_002499,"Bảo hành rất tào lao, vợ mình xài rất kỹ có mua cover tránh trầy xước vỏ sạc và lau chùi rất kỹ, khi trả bảo hành cho mình là 1 cái tai nghe cũ mèm dơ lấm lem đầy rái tai, tra thông tin Web apple thì ko ra ngày bảo hành chỉ có thông tin sp",1,negative,rating_1,58,valid
sent_002500,"Mình mới đặt hàng lúc tối qua sáng đã giao, quá nhanh và nhanh chóng đập họp ra là xem thì chất lượng sản phẩm quá kém",3,neutral,rating_3,27,train
sent_002501,"Trong 2 tháng sử dụng tai trái có vài lần bị trục trặc, nhưng mình khởi động lại thì lại nghe bình thường, đến nay thì tai nghe bên trái đã ko hoạt động nữa",2,negative,rating_2,35,valid
sent_002502,"Mình có một đơn hàng mua sản phẩm hồi tháng 8 năm trước, gần một tháng nay tai nghe của mình bị lỗi nên mình gọi bảo hành và câu trả lời nhận được sau bao nhiêu lần từ chối và kéo dài thời gian là:",1,negative,rating_1,46,train
sent_002503,"Chiều hôm 30/12 mình có đặt mua sản phẩm, thời gian giao hàng 2h ok nhưng sản phẩm giao tới tuy còn seal nhưng là đã đóng lại sau khi qua hải quan, bên trong hộp sạc cực kì bẩn, bẩn vào cả tai nghe, cũng vì vậy mà mình lau sơ và không biết bị trầy, cứ tưởng là vết bẩn",1,negative,rating_1,62,test
sent_002504,"Nhận được tai nghe thì đập hộp ngay, và nhận được sản phẩm tệ",1,negative,rating_1,14,train
sent_002505,Mình mua cách đây hai ngày và phát hiện ra lỗi bị hở khớp nối như nhiều người nhưng nghỉ là do lỗi chung,2,negative,rating_2,24,test
sent_002506,"Mình cũng giống nhiều bạn gặp vấn đề thỉnh thoảng tai trái ko có kết nối, mối nối ko liền lạc khiến tai bị bắt bụi rất khó chịu , serial trên hộp đựng và trên tai nghe ko trùng nhau mặc dù mình bóc seal hộp",1,negative,rating_1,47,train
sent_002507,Tôi nhận tai nghe bị không có âm thanh tai trái đã liên hệ với Tiki yêu cầu đổi trả/bảo hành ngay trong ngày và tổng đài Tiki hẹn tôi sẽ trả lời tôi trong 3 ngày,2,negative,rating_2,37,valid
sent_002508,Pin của 2 tai lệch nhau nhiều,2,negative,rating_2,7,train
sent_002509,"Mình mua sản phẩm ngày 04/05/2019, sử dụng đến ngày 27/4/2020 thì lăn ra lỗi ko nghe, ko sạc, ko kết nối đc, tức là còn 8 ngày để bảo hành",1,negative,rating_1,31,train
sent_002510,Nghe nhạc thật sự dỡ tệ,1,negative,rating_1,6,test
sent_002511,"Tai nghe dùng ổn, duy chỉ có việc gửi bảo hành từ cuối tháng 12/2019 tới giờ đã là tháng 3 vẫn ko trả lại hàng do gửi đi nước ngoài bảo hành mà chưa về dc, có thỏa thuận đổi hàng open box nhưng cả tháng trời hứa hẹn shop vẫn ko liên lạc lại, mọi người lưu ý khi gửi bảo hành nhé",2,negative,rating_2,65,train
sent_002512,"sản phẩm quá tệ, mới sử dụng được 23 ngày bị hư mất 1 tai, mình mua của Tiki Trading, và sử dụng tiki now, theo như mô tả thì đúng ra mình sẽ được đổi trả sản phẩm trong 30 ngày khi sử dụng tiki now, thế mà mình chỉ được bảo hành sản phẩm",1,negative,rating_1,56,train
sent_002513,"Mua cái đầu tiên xài được 1 tháng thì bị hỏng 1 bên ko nghe được, mang đi bảo hành thì delay hơn cả tháng cứ nói là đang bảo hành mà không hẹn ngày xong",1,negative,rating_1,36,train
sent_002514,Mình mua sản phẩm từ tháng 8/2019 xài khá tốt tuy nhiên sạc chưa được chục lần thì cục sạc bị lỗi,3,neutral,rating_3,22,test
sent_002515,Mình đã dùng qua 3 airpod nhưng chỉ có cái mua ở Tiki là chất lượng thấp nhất:,1,negative,rating_1,18,train
sent_002516,Sản phẩm bị lỗi một bên tai nghe,2,negative,rating_2,8,train
sent_002517,"mua về tai nghe để bên ngoài không kết nối cũng bị tụt hơn 10% pin cho 1 tiếng đồng hồ, báo tiki thu hồi kiểm tra nay đã đúng 1 tuần, chưa xử lý xong",1,negative,rating_1,36,train
sent_002518,"Nắp Airpods có vấn đề khi mình đụng nhẹ thì có cảm giác bị ọp ẹp, lỏng lẻo, có tiếng lạch cạch do bản lề bị lệch",2,negative,rating_2,27,train
sent_002519,"Tai nghe thì chập chờn, cảm biến gia tốc lúc được lúc không, lấy tai nghe ra khỏi tai roi vẫn còn hát, thậm chí đeo lại vào tai cũng tự out fai dùng thao tác tay bấm vào điện thoại, tai nghe chập chờ, ai mua nên suy nghĩ vì giá cao mà trải nghiệm kém quá, đã gửi trả lại hàng ngày 16",1,negative,rating_1,65,valid
sent_002520,"Hàng lỗi pin, gửi về đổi trả thì ngâm cả nửa tháng không phản hồi báo kết quả gì cả, rất phiền lòng về Tiki và nhà cung cấp này",1,negative,rating_1,30,train
sent_002521,"Mình mới mua về và mở hộp thì thấy sp bị trầy xước, khi mở hộp thì kết nối hiện baby’s airpod như trên hình, chứng tỏ là đã qua sử dụng! Mình thật sự thất vọng về tiki trading, đã mua mắc hơn ở ngoài mà vẫn bị như z",1,negative,rating_1,51,train
sent_002522,Chiều nay mình mới nhận được hàng giao trong 2h,4,positive,rating_4,10,train
sent_002523,"Sau khoảng 3 tháng sử dụng thì tai nghe bên trái hay bị lỗi, thường ngắt kết nối, bỏ vô hộp không sạc, bữa trức xài còn 37% bỏ vô hộp giờ tai bên phải 100% nhưng tai trái vẫn 37%",1,negative,rating_1,41,test
sent_002524,Sản phẩm không giữ được pin mặc dù không sử dụng đến tai nghe,2,negative,rating_2,14,train
sent_002525,Mối nối tai nghe bị cấn khá sắc gây đau tai khi đeo,2,negative,rating_2,13,valid
sent_002526,hàng đặt hôm 19/5 sang 21 đã nhận apple watch kg vấn đề gì nhưng tai nghe thì hơi bở ngỡ mua 20/05 mà bảo hành lại để tháng 4,2,negative,rating_2,30,test
sent_002527,Mình mua về tặng vk nhưng xài đc 7 ngày(ít xài) nhưng đến tối hôm kia thì 1 bên tai nghe ko nghe được( không thể kết nối với tai nghe đc),2,negative,rating_2,32,train
sent_002528,Chưa nhận được hàng nhưng ở app tiki báo là đã giao thành công,2,negative,rating_2,14,train
sent_002529,chất lượng hoàn thiện kém,2,negative,rating_2,5,train
sent_002530,Nhập seri lên kiểm tra thì không thấy hiện bảo hành,2,negative,rating_2,11,train
sent_002531,"Sản phẩm sau khi dùng 2 tháng thì lỗi pin, không dùng nhưng cũng sụt pin hết trong vòng 1 ngày",2,negative,rating_2,21,train
sent_002532,"Tiki ơi, airpod không kết nối được với máy tính laptop",2,negative,rating_2,11,test
sent_002533,"Đề nghị Tiki Trading cho bảo hành hoặc xử lí lỗi này , tai nghe 1 bên trái k thể kết nối, chưa qua sữa chữa",1,negative,rating_1,26,train
sent_002534,Mình nghe ng khác nói thì rõ nhưg mình nói qua mic tai nghe ng nghe không nghe được,2,negative,rating_2,19,train
sent_002535,tai nghe bị lỗi k ket nối được mặc dù la hàng chính hãng nhưng quá thất vọg vì mình mua để tặng rất buồn khi tiki k kiểm tra hàng kĩ trước khi giao cho khách,2,negative,rating_2,37,test
sent_002536,Hàng bị lỗi bản lề,2,negative,rating_2,5,train
sent_002537,Minh đang xài bình thường đến khi hết pin tai nghe bên phải mình sạt lại thì không iPhone không nhân tai bên phảy bên trái nghe bình thường,2,negative,rating_2,29,train
sent_002538,"Dịch vụ bảo hành quá chán , tai nghe dùng được 6 tháng lỗi mang đi bảo hành gần tháng gọi điện hỏi vẫn chưa xong , tháng sau mới xong",1,negative,rating_1,31,test
sent_002539,"Hàng dùng oke nhưng giao hàng quá là muộn, nửa tháng mới nhận được",1,negative,rating_1,14,train
sent_002540,Mối nối nhìn rất rõ và ko đều,2,negative,rating_2,8,train
sent_002541,Tai nghe bị lỗi kết nối,2,negative,rating_2,6,train
sent_002542,"Mình vẫn bị khớp nối tai nghe không liền lạc, hoàn thiện kém quá dù hàng chính hãng",1,negative,rating_1,18,valid
sent_002543,"Mình cũng bị purchase not available , sau khi phản hồi thì đến ngày thứ 3 mình đã actived đc",3,neutral,rating_3,20,train
sent_002544,"Mình sử dụng tầm hơn 1 tháng thì tai trái có dấu hiệu không nhận đc âm thanh, chập chờn",2,negative,rating_2,20,valid
sent_002545,Hàng mới nhận nhưng móp méo vỏ hộp,2,negative,rating_2,8,train
sent_002546,"Mình đang dùng bình thường thì tai nghe k nhận tai bên trái, reset lại tai nghe không được, không kết nối với điện thoại được",2,negative,rating_2,26,train
sent_002547,Tai nghe của mình bị 1 bên không nghe được và bị chập chờn,2,negative,rating_2,14,train
sent_002548,Tại sao tôi vẫn chưa nhận được VAT qua mail??? Đề nghị Tiki chuyển hoá đơn cho t,1,negative,rating_1,18,train
sent_002549,"Mua tai nghe bị lỗi sạc pin không đều, gọi điện hotline nói sẽ liên lạc lại, chờ mấy ngày vẫn không thấy gì",1,negative,rating_1,24,test
sent_002550,Hộp sạc của sản phẩm không có đên led ở bên ngoài như hinh đăng tải gây nhầm lẫn,2,negative,rating_2,19,test
sent_002551,"ko thể check ngày bảo hành , nhờ tiki hỗ trợ 1 lần nhưng chưa nhận được trả lời",1,negative,rating_1,19,test
sent_002552,"Mình vừa mua thì test thử, gọi cho người khác thì lúc mình nói, nguời ta tiếng nghe tiếng không",2,negative,rating_2,20,train
sent_002553,Mua 8 ngày chưa thấy tiki giao hàng,2,negative,rating_2,8,test
sent_002554,"Ở TP HCM mà đặt 5 ngày rồi vẫn chưa nhận được hàng, dịch vụ tệ hại nhất trong các trang TMĐT hiện nay",1,negative,rating_1,24,train
sent_002555,"Mình mới mua sản phẩm này, thực tế không có đèn xanh bên ngoài như quảng cáo",2,negative,rating_2,17,train
sent_002556,Kết nối mình lâu lâu bị chập chờn tai nghe dính keo hoàn thiện mình thấy chưa thực sự tốt,1,negative,rating_1,20,valid
sent_002557,Sài một thời gian thì bị lỗi bluetooh kết nối nhưng không nghe được âm thanh,2,negative,rating_2,16,train
sent_002558,Giao hàng nhanh nhưng năng double siêu kém,3,neutral,rating_3,8,train
sent_002559,Nó hơi bị lỗi về mặt kết nối nhiều khi còn bị những lỗi thuông thường khác,1,negative,rating_1,17,train
sent_002560,Không đảm bảo giao được 2h,2,negative,rating_2,6,train
sent_002561,Sản phẩm bị hỏng tai phải,2,negative,rating_2,6,train
sent_002562,"Xài ko đc bao lâu mà hư 1 bên tai r nha shop, quá bùn",1,negative,rating_1,15,train
sent_002563,"Sản phẩm đậy lại bị lệch nhẹ do bản lề, không được hỗ trợ đổi trả",1,negative,rating_1,16,train
sent_002564,Một bên bị hư,2,negative,rating_2,4,train
sent_002565,Mình mới mua sản phẩm dùng được vài tiếng thì tai nghe bên phải không nhận,1,negative,rating_1,16,valid
sent_002566,Check serial rồi nhập ngày mua toàn báo lỗi,1,negative,rating_1,9,train
sent_002567,Mới mua hơn một tháng mà tai nghe bên trái lúc nhận lúc không,1,negative,rating_1,14,train
sent_002568,Mới mua 3 ngày thì 1 tai k nghe =))),1,negative,rating_1,10,train
sent_002569,Không nghe nhạc được 2 tai,2,negative,rating_2,6,test
sent_002570,Vẫn bị đau tai lắm,1,negative,rating_1,5,valid
sent_002571,huhu thảm đá của mình mua shipper giao không biết sao mà bị bể hết cả hai tấm :( Mong tiki đổi trả mình sản phẩm mới với ah,1,negative,rating_1,29,test
sent_002572,"Mới nhận được hàng, nhìn bên ngoài đóng gói rất kỹ, bên trong còn có bao chống sốc, tuy nhiên quá thất vọng khi lấy sản phẩm ra, chưa sử dụng đã bể 1 góc gần bằng bàn tay, độ dày thì mỏng hơn nhiều so với tấm đã mua trước đó",1,negative,rating_1,52,train
sent_002573,Mình đọc review cũng thấy dễ vỡ nhưng mà thật không may mình nằm trong số đó,3,neutral,rating_3,17,test
sent_002574,"Nâng giá lên cho cao, rồi ghi giảm giá thật nhiều",3,neutral,rating_3,11,test
sent_002575,"Không được như mô tả, thấm rất chậm sau vài lần dùng đầu tiên",1,negative,rating_1,14,train
sent_002576,"mua 2 cái mà giao hàng bị vỡ 1 cái, liên hệ tổng đài giải quyết ngay sau khi nhận hàng mà vẫn chưa giải quyết ngay được",1,negative,rating_1,28,train
sent_002577,"Vừa nhận dc ĐH: 417501469, có 6 chỗ móp dài từ 1-2",2,negative,rating_2,12,train
sent_002578,"Chưa bao giờ mua hàng trên Tiki mà thất vọng như lần này! Hàng cong vênh, vỡ nứt",1,negative,rating_1,18,test
sent_002579,"Mình đặt 11 Tấm nì giao cho mình 2 loại khác nhau, nhẹ hơn rất nhiều so với những tấm kia và hàng có mùi nước tiểu chuột rất thối",1,negative,rating_1,30,train
sent_002580,"Mình mua dùng cũng được 5-6 tháng rồi, bề mặt dễ dơ lắm nha, nên dùng phải lót vải",1,negative,rating_1,19,train
sent_002581,Thảm mới nhận cả 2 đều bị cấn góc,1,negative,rating_1,9,train
sent_002582,"Minh đặt 2 cái luôn , khi đóng gói thi k dán tem hàng dẻ vỡ , để khi vận chuyển được cẩn thận chút , tới nhận hàng bị bể hết cả hai , không biết gì luôn bây giờ",1,negative,rating_1,41,train
sent_002583,bao bì bọc kỹ nhưng bên trong vỡ nát; có phải cố ý bán hàng lỗi ko?,1,negative,rating_1,17,train
sent_002584,"Mới nhận được mở ra đã thấy bị móp, bể và nhiều vết trày xước",1,negative,rating_1,15,train
sent_002585,"Hàng giao bị bể, mong shop liên hệ lại để giải quyết",2,negative,rating_2,12,train
sent_002586,"Không biết lỗi đơn vị bán hay đơn vị giao hàng, nhưng tấm đá vỡ đôi",2,negative,rating_2,16,train
sent_002587,"Dẫm chân lên 2 lần là khô nhưng chân lại bị dính bột đá, vẫn phải lau lại bằng thảm để không làm bẩn nền nhà",2,negative,rating_2,26,test
sent_002588,Nhận đc hàng chưa mở ra là đã thấy bị gãy đôi,2,negative,rating_2,12,train
sent_002589,Dễ bị cong nếu phơi nắng,2,negative,rating_2,6,valid
sent_002590,Khi nhận được hàng hàng bị bể đôi,2,negative,rating_2,8,train
sent_002591,"Giao hàng lần 1 bị bể , chờ 7 ngày để được giao lần 2",1,negative,rating_1,15,train
sent_002592,"Vừa nhận hàng kiểm tra bị bể như thế này,yêu cầu Tiki hỗ trợ giải quyết",3,neutral,rating_3,16,valid
sent_002593,"Dạ sản phẩm giao hôm qua nhưng mở ra bị bể, nhờ Tiki hỗ trợ đổi trả sản phẩm khác!",2,negative,rating_2,20,train
sent_002594,"Sản phẩm ko dán tem hàng dễ vỡ, lúc mình nhận dx thì đã bể đôi, thật sự thất vọng",1,negative,rating_1,20,train
sent_002595,"Hàng bị hẹn trễ tới 3 lần, nhận về mở ra thì bị vỡ 1 góc, chắc do va đập trong quá trình vận chuyển",1,negative,rating_1,25,train
sent_002596,"Sản phẩm dễ vỡ, nhưng đóng gói sơ sài",1,negative,rating_1,9,train
sent_002597,"Thảm đá thấm được ít nước, xài được cho 1 lần tắm trong 2h",2,negative,rating_2,14,test
sent_002598,Giao hàng không ghi chú là hàng dễ vỡ cho shipper,2,negative,rating_2,11,train
sent_002599,Vừa khui ra đã thấy vỡ toang thế này,2,negative,rating_2,9,train
sent_002600,"Thảm vỡ, ko dùng được, trả hàng thì tội nhà bán",1,negative,rating_1,11,train
sent_002601,Mở ra mới biết bể,2,negative,rating_2,5,train
sent_002602,"Giao hàng lần đầu hàng bị vỡ, giao lần 2 cũng tương tự",1,negative,rating_1,13,train
sent_002603,"Ship 2 tấm vỡ 1 tấm chán không chịu được, hmmmmmmm",1,negative,rating_1,11,train
sent_002604,Mua 2 cái thì 1 cái bị vỡ,2,negative,rating_2,8,valid
sent_002605,Thảm dễ bám bẩn và khó vệ sinh,1,negative,rating_1,8,valid
sent_002606,Giao hàng bị bể làm 4 miếng! Bó tay! Không biết dán hàng dễ vỡ trên thùng! Thất vọng!,1,negative,rating_1,19,valid
sent_002607,Thảm có vết trắng trên bề mặt,2,negative,rating_2,7,train
sent_002608,Nhận hàng xong mở ra thì thảm đá đã bị vỡ !!! Giờ không biết khiếu nại sao luôn,2,negative,rating_2,19,train
sent_002609,"Giao bị vỡ nứt, vui lòng cho tôi đổi trả",2,negative,rating_2,10,train
sent_002610,"màu sắc ko đồng đều ở cạnh sp , chưa dùng nên ko nhận xét về chất lượng",2,negative,rating_2,18,train
sent_002611,Thật sự quá thất vọng khi nhận được đơn hàng này,1,negative,rating_1,11,train
sent_002612,"Giao hang bị nứt , thất vọng",1,negative,rating_1,7,valid
sent_002613,"su dung kg dc ! kg tham nuoc nhu quang cao, tam lot se bi di chuyen",1,negative,rating_1,17,train
sent_002614,Mua về như 1 miếng gỗ k thấm hút cảm thấy bị lừa,1,negative,rating_1,13,train
sent_002615,không hai lồng lắm buồn tiki lắm oke,1,negative,rating_1,8,train
sent_002616,Mua 2 thảm nhưng khi về nhà mở hàng ra bị vỡ mất 1 thảm ???,1,negative,rating_1,16,train
sent_002617,thảm không có thấm đước,2,negative,rating_2,5,train
sent_002618,Sản phẩm hút thấm nước rất chậm không như mô tả của cửa hàng,1,negative,rating_1,14,train
sent_002619,Không thấm như quảng cáo,2,negative,rating_2,5,train
sent_002620,"Thảm thấm nước chậm, dùng 1 lần đã bẩn, cực phí tiền",1,negative,rating_1,12,train
sent_002621,MÌNH ĐẶT MUA 3 THẢM THÌ CÓ 1 THẢM KHÔNG THẤM GÌ HẾT,1,negative,rating_1,13,train
sent_002622,"Bị bong từng lớp, cảm giác thấm ko nhanh! Bám dơ nhanh",1,negative,rating_1,12,train
sent_002623,"Mới nhận sản phẩm trưa ngày 7/1/2020, sản phẩm gửi về bị rách và bung chỉ rất nhiều, mong Tiki đổi giúp mình sản phẩm khác, cám ơn nhiều ạ!",1,negative,rating_1,30,train
sent_002624,sản phẩm có kích thước và trọng lyowngj không giống mô tả 1,2,negative,rating_2,13,train
sent_002625,"Sản phẩm trông hơi cũ, đường may ko chắc chắn chỉ là đường vắt sổ, giặt xong bung đường chỉ",1,negative,rating_1,20,train
sent_002626,Mình mua 1m8x2m mà về giường mình lại bị thiếu chỉ đc hơn 1m6 một tý,2,negative,rating_2,16,train
sent_002627,"Spham không như hình,kích thước k đúng như mình mua,mua 1m8*2m về thì là hình vuông đo đều 1m8 mà mỏng manh k dc như mua ngoài hàng",1,negative,rating_1,28,train
sent_002628,Mình có mua thảm này cách đây 1 tuần lúc mở ra mìn k để ý lắm nhưng tự nhiên hôm nay mình vô tình thấy 1 vết rách trên thảm,2,negative,rating_2,31,valid
sent_002629,Thật sự tôi rất thất vọng về cách bán hàng lừa dối khách hàng của shop này,1,negative,rating_1,17,train
sent_002630,hàng có giá hơn 400k sale còn 145 tưởng cao cấp vậy mà thất vọng quá chất lượng tương đương với giá đã sale thôi kích thước thì thiếu ko chuẩn,1,negative,rating_1,31,train
sent_002631,màu như đã chọn,3,neutral,rating_3,4,train
sent_002632,"Mua 3 tấm rồi, chưa biết bền và có ra màu ko? Chỉ nổi nhiều quá, cắt đi ko biết có bung hết các đường chỉ ko?",3,neutral,rating_3,27,train
sent_002633,Màu sắc và sản phẩm giống hình! Nhưng đường may thì quá tệ! Nhận hàng là đã bung đường chỉ may 1 ít! Giặt 1 lần thì bung chỉ tùm lum luôn! Mua 1 lúc 5 sản phẩm thì cả 5 sản phẩm đều ko hài lòng cho lắm!,1,negative,rating_1,49,valid
sent_002634,chán luôn,1,negative,rating_1,2,valid
sent_002635,giao toan hàng lỗi không sao vậy được,1,negative,rating_1,8,valid
sent_002636,"Không hài lòng, shop lấy ảnh mô tả ở mạng về demo cho khách",1,negative,rating_1,14,test
sent_002637,"khi nhận hàng thì đúng về màu và mẫu mã như hình nhưng thật buồn khi cho ra sử dụng, các bạn biết không đặt hàng là 1,8m x 2m vậy mà hàng chi có 1,7m x 1,85m thì đệm giường nào cho vừa đây",1,negative,rating_1,45,train
sent_002638,Tôi đặt thảm màu nâu vàng sao lại giao màu hồng??? Mấy lần trước rất ok nhưng lần này quá tệ!!! Thất vọng!!!,1,negative,rating_1,23,valid
sent_002639,"Mặt sau của sp không giống như Tiki đăng bán,mà được may bằng vải rất mỏng (chất liệu y như các túi tự hủy )",1,negative,rating_1,25,test
sent_002640,Mua 3 cai về rách het 2 cai,1,negative,rating_1,8,test
sent_002641,"Mặc dù mua hàng của tiki trading mà thấy sp phẩm cái lông rất dễ bong, cảm giác như hàng mã, mặc dù sp đc sale giảm còn 1 nửa mà chả thấy đáng tiền",1,negative,rating_1,35,train
sent_002642,"Hàng vầy cũng bán được nữa sao? Tin tưởng hàng trên tiki, vậy mà nhận hàng quà thất vọng",1,negative,rating_1,19,train
sent_002643,Màu thì ko đúng như mình đặt mình đặt đỏ đô mà gởi đỏ tươi kích thước thì 1m8x2m ma gởi chỉ có1m6 thôi còn chỉ thì hơi bung 1 ít,1,negative,rating_1,31,train
sent_002644,bán hàng hư cho khách luôn kia,1,negative,rating_1,7,train
sent_002645,Nhân viên lấy màu cho mình bị lẫn lộn màu sắc rồi,2,negative,rating_2,12,train
sent_002646,Đuong may ẩu dày nặng giặt khó khăn hàng bị lũng lỗ nên loi bong ra ngoài xài 1 lần vứt luôn chứ giặt tay thi ko nổi giặt máy thi banh chành mà may cung ko đc,1,negative,rating_1,38,train
sent_002647,hàng bị lỗi nhiều quá vải bị bung hết mong shop đổi hàng khác,1,negative,rating_1,14,train
sent_002648,Đặt màu vàng mà lại giao màu tím ! thất vọng thiệt chứ ! Làm ơn lần sau giao đúng màu cho khách nhé ! Vì mỗi người thích mỗi màu khác nhau mà,1,negative,rating_1,34,valid
sent_002649,Shop nên xem lại khi giao hàng,2,negative,rating_2,7,train
sent_002650,Thảm so với giá đã sale thì chấp nhận được,3,neutral,rating_3,10,train
sent_002651,hàng cũ rích như đồ sida,1,negative,rating_1,6,test
sent_002652,Sản phẩm bị rách và thủng một số chỗ tuy không đáng kể nhưng mong tiki hỗ trợ đổi trả,2,negative,rating_2,20,valid
sent_002653,giao hàng OK nhưng chất thì tệ,3,neutral,rating_3,7,train
sent_002654,sản phẩm rách hết viền,2,negative,rating_2,5,train
sent_002655,"đẹp mà rẻ, nằm êm lắm, tuyệt vời,,, nhưng có điều đường may kg cẩn thận,, cần xem lại cách may",3,neutral,rating_3,21,train
sent_002656,HÀNG GỬI BỊ RÁCH,2,negative,rating_2,4,train
sent_002657,Nhân viên giao hàng ăn nói rất chán,1,negative,rating_1,8,valid
sent_002658,Sản phẩm không như trong quảng cáo ! Đương may còn quá nhiều lỗi và không cẩn thận,1,negative,rating_1,18,train
sent_002659,"Bung chỉ và may ẩu quá, TIKI vui lòng cho mình đổi lại",1,negative,rating_1,13,train
sent_002660,"sp có mùi rất tệ, giống như mùi ẩm mốc rồi đóng gói lại để lâu ngày :( sp cũng k đúng kích cỡ :((",1,negative,rating_1,25,train
sent_002661,"mình đặt màu vàng mà giao màu nâu là sao shop ,lần đầu đặt hàng mà cảm thấy ko hài lòng rồi",1,negative,rating_1,22,train
sent_002662,Làm ăn bát nháo,1,negative,rating_1,4,test
sent_002663,Không đạt tiêu chuẩn lần đầu tiền mua hàng thất vọng lắm,1,negative,rating_1,12,test
sent_002664,hàng quá tệ,1,negative,rating_1,3,train
sent_002665,ném bị bưng đường may nhiều quá sản phẩm ko giống như hình giới thiệu,1,negative,rating_1,15,train
sent_002666,"Hơi mỏng với to, phải về cắt lại mới vừa giường",2,negative,rating_2,11,train
sent_002667,đặt hàng một hình giao hàng hình khác vậy mình muốn trả lại,1,negative,rating_1,13,train
sent_002668,Mua size 1m8-2m nhưng về ốp k vừa đệm :)) thiếu chiều dài :)),1,negative,rating_1,14,train
sent_002669,"Đường chỉ xấu , không đúng kích thước",1,negative,rating_1,8,train
sent_002670,Đặt 1m8x2m mà gửi m6xm8,2,negative,rating_2,5,train
sent_002671,khui sp đã thấy lỗi này,2,negative,rating_2,6,train
sent_002672,"Nằm rất nóng, kích thước dài rộng bằng nhau, không vừa nệm",1,negative,rating_1,12,train
sent_002673,vì sản phẩm bị lỗi rách và sức chỉ mà không cho đổi hàng,1,negative,rating_1,14,valid
sent_002674,"Hình ảnh chỉ mang tính chất minh hoạ , hàng mình nhận Không đẹp như hình chụp",2,negative,rating_2,17,valid
sent_002675,"da bị rách,ko phụ hợp màu da chọn,ko thể chấp nhận",1,negative,rating_1,11,train
sent_002676,sản phẩm này nếu đem giặc sẽ ko dung dc nua vì đường chỉ bị may ko chắc chắn,2,negative,rating_2,19,train
sent_002677,"Mới mua giặt xong đã bung hêt đường chỉ, xài xong giặt lần nữa chắc hêt xài",1,negative,rating_1,17,test
sent_002678,Bình của mình bị móp 1 đáy,2,negative,rating_2,7,valid
sent_002679,"Thời gian giao hàng nhanh,có điều sản phẩm dc làm bằng xốp nhựa yếu,k hài lòng lắm",2,negative,rating_2,17,train
sent_002680,Tiếc cái máy tặng kèm nhưng ko hoạt động,2,negative,rating_2,9,train
sent_002681,"Tạm được, thấy nhìn sơ sơ cũng tam được",3,neutral,rating_3,9,valid
sent_002682,"Số dính ko được chắc lắm, nhìn cũng ko rõ, tạm chấp nhận được",2,negative,rating_2,14,train
sent_002683,Hơi khó lắp,2,negative,rating_2,3,train
sent_002684,Hơi khó dán chính xác vị trí từng số,2,negative,rating_2,9,train
sent_002685,Hàng tạm chấp nhận được chứ cái lớp bạc dán lên sốp rất dễ rụng ( rụng phát toang luôn miếng bạc ) còn sốp dán lên tường thì chắc,3,neutral,rating_3,30,train
sent_002686,"đồng hồ đẹp mỗi tội k chạy được, kiểu kim nặng k chạy dk hay sao ý",3,neutral,rating_3,17,train
sent_002687,Có vẻ mau hết pin dùng vài ngày lại phải thay,2,negative,rating_2,11,valid
sent_002688,Dùng tạm được,3,neutral,rating_3,3,train
sent_002689,"Đã mua hàng ở tiki rất nhiều lần, nhữn lần trước rất hài lòng tuy nhiên 2 lần gần nhất giao hàng cực kì chậm, gần 10 ngày (mình ở TP HCM)",1,negative,rating_1,32,valid
sent_002690,"Đầu lau có vẻ chưa chắc lắm, nhựa ko đẹp",1,negative,rating_1,10,train
sent_002691,"Khăn khi nhúng ẩm lau sàn gỗ bị nặng, kéo khó, nhưng sàn gạch thì ổn",2,negative,rating_2,16,train
sent_002692,"Nhỏ hơn tưởng tượng, sp bình thường không có gì đặc biệt",3,neutral,rating_3,12,train
sent_002693,"Sản phẩm dùng thích nhưng dùng được 1 tuần thì xịt ko ra nước, sp có được bảo hành không ạ",2,negative,rating_2,21,train
sent_002694,"Giá hơi cao, hôm trước mua Vinmart có 175k",2,negative,rating_2,9,train
sent_002695,- Sản phẩm đẹp tuy nhiên đặc điểm chung của loại tai nghe này là phần nắp hộp đựng thiết kế nhám cho nên sẽ bị dính bẩn sau 1 thời gian ngắn sử dụng trông mất thẩm mỹ khi mở nắp,3,neutral,rating_3,42,valid
sent_002696,Chất âm chắc cũng như EarPods,3,neutral,rating_3,6,train
sent_002697,"Dùng ổn, tuy nhiên kết nối Bluetooth cảm giác hơi chậm, ko nhạy lắm",2,negative,rating_2,14,valid
sent_002698,"Sản phẩm giao nhanh, đóng gói cẩn thận, phần này Tiki làm rất kĩ, nhưng về phần sản phẩm sau 1 tháng mình sử dụng thì phần tai nghe bên trái thường xuyên không nhận sạc và cả hai tai đôi khi mất kết nối rồi sau đó kết nối lại rất khó chịu",2,negative,rating_2,54,train
sent_002699,Tai nghe mới nguyên seal nhưng khớp nối gia công hơi gợn nên đeo lâu thấy khó chịu,2,negative,rating_2,18,train
sent_002700,Mình mua sản phẩm dùng đc 5 ngày sau đó sạc không thể sạc được! Gởi lại bảo hành hẹn hơn 2 tuần trả bảo hành,1,negative,rating_1,26,valid
sent_002701,chất lượng hoàn thiện sản phẩm ko được đẹp,2,negative,rating_2,9,test
sent_002702,"Tai nghe có dấu hiệu được sửa chữa, có vết keo, lắp viền tai không kín",2,negative,rating_2,16,train
sent_002703,Hàng giao nhanh tuy nhiên không gửi lời nhắn,3,neutral,rating_3,9,train
sent_002704,Tikinow giờ mất 1 ngày mới giao đc,2,negative,rating_2,8,test
sent_002705,Phần cảm ứng tai nghe không được nhạy,2,negative,rating_2,8,valid
sent_002706,Hàng thì tốt mà giao hàng như đùa! Shipper còn ko đến đc đúng địa chỉ để giao hàng,2,negative,rating_2,19,test
sent_002707,"Tai của mình bị lỗi bên trái giờ k nghe đc tai trái, nhờ tiki hỗ trợ",2,negative,rating_2,17,test
sent_002708,Tai nghe tạm ổn check đc mã id mà ncl kết nối vẫn hơi kém,2,negative,rating_2,15,train
sent_002709,Kết nối với MacBook thì hơi lag,2,negative,rating_2,7,valid
sent_002710,Nắp sp bị lệch,2,negative,rating_2,4,valid
sent_002711,Mức độ thấm hút vừa phải,3,neutral,rating_3,6,valid
sent_002712,vận chuyển nhanh giao hàng thân thiện nhưng thảm bị vỡ có đổi đươc không ạ buồn quá,2,negative,rating_2,18,test
sent_002713,"Thấm hút tốt, nhưng rất khó để vệ sinh, dùng 1 thời gian là lem nhem mà cọ không sạch, dễ bị bể",2,negative,rating_2,23,train
sent_002714,Sản phẩm thấm nước tuy nhiên để lại vết nước trên thảm rất lâu,2,negative,rating_2,14,train
sent_002715,mình thấy sản phẩm tạm ổn,3,neutral,rating_3,6,train
sent_002716,"Thấm chưa đủ nhanh, phải bước qua lại 4-5 lần mới khô",2,negative,rating_2,12,train
sent_002717,"Tạm Hài long, sao ko có tặng mieng chà",3,neutral,rating_3,9,train
sent_002718,"Rất tiếc là màu sắc khác rất nhiều so với hình ảnh đã đăng, đăng hình là màu tím sen nhạt ( mình rất thích) nhưng giao hàng là màu tím than, đen xì luôn, nhưng chất liệu hàng thì cũng vừa ý, cũng được",2,negative,rating_2,45,test
sent_002719,Sau khi nhận hang mở ra thì thấy chỉ may trên bề mặt bị sút ra nhiều,1,negative,rating_1,17,train
sent_002720,"Xài được 2 tháng là các đường chỉ mày Trần bung hết ra ko còn hình quả trám nữa làm cái thảm hại lớp ko dính vào nhau nữa nhìn rất lùng bùng, còn mặt nỉ vẫn tốt",1,negative,rating_1,38,train
sent_002721,Cũng được nhưng lỗi đường chỉ ( bung chỉ ) nhiều quá,1,negative,rating_1,12,test
sent_002722,"Mình mua khá lâu rồi, sản phẩm mềm mịn êm ái tuy đường chỉ may bị bong rất nhiều chỗ và bông bay bụi nhiều, không thích hợp cho trẻ nhỏ, người già và người bị viêm mũi",1,negative,rating_1,38,train
sent_002723,"Bề mặt vỏ pha nilon nhiều nên dùng chán, mới được vài hôm thì bị rút chỉ vài chỗ, được cái giá rẻ",2,negative,rating_2,23,train
sent_002724,"Mua đợt giảm giá, mặt trên mềm, tuy nhiên mặt dưới vải lót thô, mỏng, may bỏ mũi khá nhiều",2,negative,rating_2,20,train
sent_002725,Ko giống với quảng cáo,2,negative,rating_2,5,train
sent_002726,"hàng giống hình , nhưng đường may còn bị lỗi shop cần khắc phục lại đường may chỉ bị bung hơi nhiều",2,negative,rating_2,22,train
sent_002727,hàng lỗi chỉ và vải nhiều thảm không đủ 1m8×2m như tiêu đề nhưng với mức giá này thì tạm được,2,negative,rating_2,21,train
sent_002728,sản phẩm đường chỉ ko tốt cho lắm,2,negative,rating_2,8,train
sent_002729,bình thường nhưng có nhiều chỗ bị sổ chỉ nhé,1,negative,rating_1,10,train
sent_002730,"hơi mỏng so với suy nghĩ nhưng vẫn tốt so với mức giá 142k, giao hàng hơi lâu chút (1 tuần)",2,negative,rating_2,21,train
sent_002731,tiền nào của ý,3,neutral,rating_3,4,train
sent_002732,không dày dặn như dự tính vì có ng bạn mua y hệt mà dày hơn,2,negative,rating_2,16,valid
sent_002733,"Lúc mình mở ra thì dính băng dính, vậy là biết hàng có lỗi mà vẫn gửi cho KH",2,negative,rating_2,19,test
sent_002734,Bán vầy khách mua 1 lần ko bao giờ dám trở lại,1,negative,rating_1,12,train
sent_002735,Đồng hồ chạy loạn xạ lúc chạy lúc dừng,1,negative,rating_1,9,train
sent_002736,k có tờ giấy để dán số lên,2,negative,rating_2,8,train
sent_002737,Thước giấy không thẳng nên rất khó canh để dán,1,negative,rating_1,10,train
sent_002738,Vì sàn bẩn nhiều phải tháo miếng thảm ra để làm vệ sinh mới lau sạch được,3,neutral,rating_3,17,train
sent_002739,Nếu có chức năng phun hơi nóng nữa thì lau vết bẩn mới tốt đc!,3,neutral,rating_3,15,train
sent_002740,Phần xịt nước không hoạt dộng,2,negative,rating_2,6,train
sent_002741,Phải có nắp đậy màu nâu như hộp chứ,3,neutral,rating_3,9,train
sent_002742,cái chỗ nắm để xịt nước k dùng được,2,negative,rating_2,9,test
sent_002743,Mỗi tội mới dùng 5-6 lần thì nước tự động chảy tràn lan k cần bấm để xịt,2,negative,rating_2,18,train
sent_002744,Ko có sách hướng dẫn lắp ráp kèm sp,2,negative,rating_2,9,train
sent_002745,Giống đồ chơi,3,neutral,rating_3,3,train
sent_002746,Bi hu chay nuoc tum lum,1,negative,rating_1,6,train
sent_002747,Đề nghị tiki xem xét lại,2,negative,rating_2,6,train
sent_002748,Chắc mua đại cái nào trên chợ đồ cũ trả bảo hành,2,negative,rating_2,12,train
sent_002749,"Trên các tai nghe còn dính keo, còn có vết hở việt tháo ra rồi",1,negative,rating_1,15,test
sent_002750,Về chất lượng âm thanh thì không nói đến,3,neutral,rating_3,9,train
sent_002751,"Giá thành rẻ hơn so với khi mua ở store locknlock nhiều, chất lượng sản phẩm thì khỏi phải bàn, bình giữ lạnh được lâu, dung tích lớn, mùa nắng nóng như này đem theo bình nước đi học đi làm thì khỏi lo mất nước",5,positive,rating_5,46,test
sent_002752,Goodddddddddddddddddddddd,5,positive,rating_5,1,train
sent_002753,"good, phù hợp cho gia đình đi chơi, bới sử dụng đồ nhựa , có lọc đề pha trà,",4,positive,rating_4,19,valid
sent_002754,good quá đẹp,5,positive,rating_5,3,train
sent_002755,Đúng như mẫu mã,3,neutral,rating_3,4,train
sent_002756,đúng mẫu,3,neutral,rating_3,2,train
sent_002757,Đúng là sang chảnh quý phái,5,positive,rating_5,6,train
sent_002758,"Đúng hàng,clok& clok thì khỏi phải chê,rất tốt,hàng chất lượng",5,positive,rating_5,10,test
sent_002759,"Đúng chất giữ nhiệt của bình Lock&Lock, mua đợt giá giảm còn 269k",5,positive,rating_5,13,train
sent_002760,"Đơn hàng đặt, báo giao thứ 6, 29/6, hết ngày 30/6 vẫn chưa nhận được, gọi thì hứa hẹn giao trong thứ bảy, trong khi không hề có 1 cuộc gọi hay tin nhắn nào thông báo v/v chậm giao hàng",1,negative,rating_1,41,train
sent_002761,Đơn hàng của mình ko thấy tâm hơi,2,negative,rating_2,8,train
sent_002762,Đóng hộp chắc,4,positive,rating_4,3,valid
sent_002763,đóng gói kỹ,4,positive,rating_4,3,test
sent_002764,"Đóng gói kỹ, bình chắc chắn",5,positive,rating_5,6,train
sent_002765,"Đóng gói chắc chắn,giao hàng nhanh,bình giữ nhiệt được lâu",5,positive,rating_5,10,train
sent_002766,"Đóg gói hàg cẩn thận, giao hàg nhanh, sp rất tốt! Mn nên mua!!!",5,positive,rating_5,14,train
sent_002767,"Đêm đặt hàng, sáng có",5,positive,rating_5,5,train
sent_002768,Để đá hơn 24h vẫn chưa tan hết,5,positive,rating_5,8,valid
sent_002769,Đế cao su bình dán bị hở keo,2,negative,rating_2,8,train
sent_002770,"Đẹp, rất ưng ý",5,positive,rating_5,4,test
sent_002771,"Đẹp, hy vọng sơn đừng sước mau",4,positive,rating_4,7,test
sent_002772,"Đẹp, giữ nhiệt lâu",5,positive,rating_5,4,test
sent_002773,"đẹp, giống mô tả của shop",4,positive,rating_4,6,train
sent_002774,"Đẹp, giao nhanh, đóng gói cẩn thận",5,positive,rating_5,7,train
sent_002775,"Đẹp, giao đúng ngày",4,positive,rating_4,4,train
sent_002776,"Đẹp, dùng cũng rất thích",5,positive,rating_5,5,train
sent_002777,"đẹp, cầm chắc tay",5,positive,rating_5,4,train
sent_002778,Đẹp và chất lượng,5,positive,rating_5,4,test
sent_002779,Đẹp lòi mà giữ lạnh được một buổi sáng thui ko được cả ngày,4,positive,rating_4,14,train
sent_002780,đẹp lắm mình rất thích,5,positive,rating_5,5,train
sent_002781,"Đây là bình thứ 3 mình mua r, mua dùng và cho ng thân dùng luôn, chất lượng rất tốt, hình thức đẹp nữa",5,positive,rating_5,24,valid
sent_002782,đặt trưa hôm 11/9 mà chiều 12/9 đã có,5,positive,rating_5,9,train
sent_002783,"Đặt tối chủ nhật mà trưa thứ 2 nhận được, vừa nhanh, vừa đóng gói đẹp",5,positive,rating_5,16,train
sent_002784,"Đặt khi có km,giao hàng nhanh,đẹp,sử dụng tốt,để đá từ 7h tối hôm trước đến 7h tối hôm sau đá vẫn chưa tan hết,good( đá viên lớn chứ ko phải đá bi nha các bạn)",5,positive,rating_5,35,train
sent_002785,"Đặt hàng màu đỏ nhưng giao màu xanh, nhưng thấy cũng đẹp nên thôi, giữ đá đc lâu cỡ 8 tiếng, vỏ ngoài sần nên nghĩ khó trầy xước",4,positive,rating_4,29,train
sent_002786,Đặt hàng của Tiki Now từ 2 giờ thành 4 ngày vẫn phải trả tiền ship,1,negative,rating_1,16,train
sent_002787,Đáng đồng tiền bát gạo 👍,5,positive,rating_5,6,train
sent_002788,"Đang có mấy cái bình giữ nhiệt lock & lock nhưng bình này là to nhất gần 900ml bỏ đá vào tiện, sơn nhám ít bong hơn mấy loại sơn bóng của lock lock giữ nhiệt hay lạnh đều OK",5,positive,rating_5,40,train
sent_002789,"Đã xài được nửa năm, sản phẩm ok, giữ lạnh và giữ nóng tốt",5,positive,rating_5,14,test
sent_002790,"Đã thử để nước nóng qua đêm! Đến sáng vẫn ấm nóng, pha sữa cho bé được luôn!",5,positive,rating_5,18,train
sent_002791,đã từng mua và xài rất ưng ý,5,positive,rating_5,8,train
sent_002792,"Đã nhận hàng , giao hàng rất nhanh , bình màu sắc tươi đẹp , bình rất to",5,positive,rating_5,18,train
sent_002793,"Đã nhận được hàng, Tiki rất cố gắng trong giao hàng cho khách",5,positive,rating_5,13,train
sent_002794,đã nhận được hàng rất hài lòng đóng gói kĩ giao hàng nhanh,5,positive,rating_5,13,test
sent_002795,đã nhận được đâu???,1,negative,rating_1,4,test
sent_002796,"Đã nhận bình, đẹp, chất lượng, đúng mẫu mã",5,positive,rating_5,9,train
sent_002797,"Đã mua bình này vào tháng 5, dùng tuyệt vời, đựng đá hơn 1 ngày vẫn còn nửa bình",5,positive,rating_5,19,train
sent_002798,Đã mua 2 bình vì quá ưng ý,5,positive,rating_5,8,train
sent_002799,Dự kiến giao vào thứ 6 nhưng thứ 4 đã nhận được ? Thân bình nhám cầm đã tay kèm quai cầm tiện lợi,5,positive,rating_5,24,valid
sent_002800,Dự kiến giao hàng 04/7 mà 30/6 đã giao tới,5,positive,rating_5,10,train
sent_002801,"Dùng tốt, lúc mua không có màu mình thích nhưng giữ nhiệt các thứ rất ok",5,positive,rating_5,16,train
sent_002802,"dung tích lớn, đựng được nhiều, giữa nóng - lạnh rất lâu, mua sale 279k --> giá vô cùng hợp lý",5,positive,rating_5,21,train
sent_002803,Dung tích bình lớn,4,positive,rating_4,4,valid
sent_002804,"Dùng sản phẩm của lock&lock phải nói là cực kì hài lòng luôn ấy, bình toàn để đá trên 24h, sạch sẽ thiết kế đơn giản nhưng tinh tế",5,positive,rating_5,29,train
sent_002805,"Dùng rất thích, như bình thuỷ mini, mẫu mã thì cưng ơi là cưng",5,positive,rating_5,14,train
sent_002806,Dùng rất tốt,5,positive,rating_5,3,valid
sent_002807,"Dùng rất tốt, giữ lạnh hơn 24 giờ",5,positive,rating_5,8,train
sent_002808,Dùng rất tốt!,5,positive,rating_5,3,valid
sent_002809,dùng rất sang chảnh,5,positive,rating_5,4,train
sent_002810,Dùng rất ok,5,positive,rating_5,3,train
sent_002811,"dùng đã lâu giờ mới đánh giá, rất ưng bình này, giữ nhiệt tốt, tiki giao hàng nhanh, đóng gói cẩn thận",5,positive,rating_5,22,train
sent_002812,dùg tốt giữ nhiệt tốt,5,positive,rating_5,5,train
sent_002813,dep chất luong,5,positive,rating_5,3,train
sent_002814,Chưa sử dụng đã bị rớt đế phía dưới đáy,2,negative,rating_2,10,train
sent_002815,Chưa bao giờ mình cảm thấy không hài lòng với Tiki cả,5,positive,rating_5,12,train
sent_002816,chữ in dễ bong,2,negative,rating_2,4,train
sent_002817,Chọn màu đỏ mà lại được gửi màu cam,2,negative,rating_2,9,valid
sent_002818,"chính hãng giữ nhiệt rất tốt, bình lớn nên đựng nước uống cả ngày",5,positive,rating_5,14,test
sent_002819,"chất lượng thì chưa biết tại gửi quà, nhưng check mã vạch hk ra sp ạ",3,neutral,rating_3,16,train
sent_002820,"Chất lượng tốt, giữ nhiệt lâu",5,positive,rating_5,6,test
sent_002821,"Chất lượng tốt, giữ nhiệt lâu, ủng hộ Tiki dài dài",5,positive,rating_5,11,test
sent_002822,"Chất lượng tốt, giữ nhiệt được lâu",5,positive,rating_5,7,train
sent_002823,"Chất lượng tốt, đáng mua",5,positive,rating_5,5,train
sent_002824,Chất lượng tốt hơn tôi nghĩ,5,positive,rating_5,6,test
sent_002825,Chât lượng tốt,4,positive,rating_4,3,train
sent_002826,chất lượng sp rất tốt,5,positive,rating_5,5,train
sent_002827,Chất lượng sản phẩm tuyệt vời,5,positive,rating_5,6,valid
sent_002828,Chất lượng sản phẩm tốt đẹp,5,positive,rating_5,6,test
sent_002829,Chất lượng sản phẩm tốt đáng mua,5,positive,rating_5,7,valid
sent_002830,Chất lượng sản phẩm tốt,5,positive,rating_5,5,train
sent_002831,Chất lượng sản phẩm rất hợp ý,5,positive,rating_5,7,train
sent_002832,chất lượng sản phẩm ok,5,positive,rating_5,5,valid
sent_002833,"chất lượng nói chung không bằng so với đợt đầu tiên kình mua ,có hơi mỏng và nhẹ hơn nhưng tóm lại thì củng tạm đc",2,negative,rating_2,26,test
sent_002834,Chất lượng Lock & Lock thì kg phải bàn,5,positive,rating_5,9,test
sent_002835,Chất liệu đẹp,4,positive,rating_4,3,train
sent_002836,"chắc chắn, đựng được nhiều nước, giữ nhiệt nóng hay lạnh đều tuyệt vời",5,positive,rating_5,14,train
sent_002837,Chat lượng tốt đáng cho 5sao,5,positive,rating_5,6,train
sent_002838,chả có zi để ngoài tuyệt vời,5,positive,rating_5,7,train
sent_002839,Cực thích luôn,5,positive,rating_5,3,test
sent_002840,"Cực tốt, sau 1 đêm nước còn nóng phỏng tay",5,positive,rating_5,10,train
sent_002841,Cực kỳ hài lòng!,5,positive,rating_5,4,train
sent_002842,"Cực kỳ hài lòng với sản phẩm này, bình kô quá to, có thể nhét vừa túi lưới hông balo, có quai xách, có lưới lọc trà - đá, sơn nhám nên cảm giác khó trầy và đẹp, thiết kế miệng và nắp vặn cổ điển nên sẽ khá bền, duy chỉ có 1 điểm mình phân vân là khe vặn ren của nắp bình khá hẹp, mà miếng đệm giữ nước silicone lại nằm trong khe đó nên sẽ khá khó vệ sinh nếu dính cặn bẩn",5,positive,rating_5,88,test
sent_002843,"Cực kỳ đẹp và giao hàng rất nhanh, ưng ý",5,positive,rating_5,10,train
sent_002844,cực kì tốt nha,5,positive,rating_5,4,train
sent_002845,Cực kì hài lòng,5,positive,rating_5,4,train
sent_002846,"cực kì hài lòng với sản phẩm này, rất nên mua",5,positive,rating_5,11,train
sent_002847,Cực kì hài lòng với sản phẩm này,5,positive,rating_5,8,test
sent_002848,cũng ổn so với giá được sale,3,neutral,rating_3,7,train
sent_002849,"cũng đẹp, nhưng uống nước sẽ có mùi hôi của inox kim loại, hơi khơ chịu",2,negative,rating_2,16,train
sent_002850,cũng đc,3,neutral,rating_3,2,train
sent_002851,Cũng bt shop nhe,3,neutral,rating_3,4,train
sent_002852,"Cảm quan bình rất đẹp, cầm siêu chắc tay",5,positive,rating_5,9,train
sent_002853,Bùn giữ nhiệt tốt,4,positive,rating_4,4,train
sent_002854,bình xinh,4,positive,rating_4,2,valid
sent_002855,Bình xịn xò lắm 💛,5,positive,rating_5,5,train
sent_002856,bình xài bền tốt giữ nhiệt lâu ok thích,5,positive,rating_5,9,train
sent_002857,"Bình vỏ nhám,cầm chắc tay,dùng ok",5,positive,rating_5,6,valid
sent_002858,Bình vỏ ngoài nhám và khó có thể trầy,5,positive,rating_5,9,train
sent_002859,"Bình thiết kế đơn giản dễ vệ sinh, giữ nhiệt lạnh khá tốt mình để qua đêm chỉ hao hụt 10% đá thôi, điểm cộng là mặc dù bình khá to nhưng có thiết kế đường mặt phẳng hai bên nên việc cầm 1 tay khá dễ dàng",5,positive,rating_5,48,valid
sent_002860,Bình thì đẹp những có điều là trong bình mùi rất khó chịu ngâm nước để qua đêm đến sang vẫn có mùi,2,negative,rating_2,23,test
sent_002861,Bình tốt,4,positive,rating_4,2,train
sent_002862,"Bình tốt,đúng mô tả,giá sale là ổn,nguyên giá k mua nổi",4,positive,rating_4,11,train
sent_002863,"Bình tốt, xài như ý, chỉ 1 điểm trừ laq2 phần đáy bình bi6 móp nhẹ, nên kg có cảm giác hài lòng trọn vẹn",4,positive,rating_4,25,train
sent_002864,"Bình tốt, ko bị mồ hôi, đã để 1 ngày vô tư",5,positive,rating_5,12,valid
sent_002865,"Bình tốt, giữ nhiệt rất lâu",5,positive,rating_5,6,valid
sent_002866,"bình tốt, giữ nóng tới 8 tiếng vẫn ok",5,positive,rating_5,9,train
sent_002867,"bình tốt tiền cho cẩm đi vào rửa bình cũng dễ, nếu có bình kiểu này dung tích 1L trở lên thì tốt",4,positive,rating_4,23,train
sent_002868,Bình tốt nhưng TIKI có thể đổi cho em bình khác được không ạ? Bình của em bị móp dưới đáy gây mất thẩm mỹ và để hơi chênh vênh ㅠㅠ,2,negative,rating_2,31,train
sent_002869,Bình tốt lắm,5,positive,rating_5,3,train
sent_002870,"Bình tốt chắc chắn, giữ nhiệt nóng ổn, mình chưa từng thử giữ nhiệt lạnh thì như thế nào",5,positive,rating_5,19,train
sent_002871,"Bình tốt , nhưng hàng bị lỗi sơn , shop đổi lại giúp mình nhé , mình đã làm mất vỏ hộp ! Thankssssss",3,neutral,rating_3,24,train
sent_002872,"Bình to, tốt",5,positive,rating_5,3,train
sent_002873,"Bình to, giữ nhiệt lâu",5,positive,rating_5,5,train
sent_002874,"Bình to, đúng như hình, giữ nhiệt tốt, giá thấp hơn so với thị trường",5,positive,rating_5,15,train
sent_002875,"Bình to, đẹp",5,positive,rating_5,3,train
sent_002876,"Bình to, đẹp, lớp sơn dày dặn, rất ok với giá sale luôn",5,positive,rating_5,13,test
sent_002877,"Bình to, dùng rất thích",5,positive,rating_5,5,train
sent_002878,"Bình to, dày và đẹp, cầm chắc tay, có quai xách tiện lợi",5,positive,rating_5,13,train
sent_002879,"Bình to, chắc chắn, nói chung là đựng nước giữ nhiệt khá tốt",5,positive,rating_5,13,train
sent_002880,"Bình to, có quai xách, vì mình mê sản phẩm có dung tích to nên thấy ưng ý",5,positive,rating_5,18,train
sent_002881,Bình to và xinh dã man,5,positive,rating_5,6,train
sent_002882,"Bình to và rất tốt, để đá 48h vẫn còn đá rất hài lòng",5,positive,rating_5,14,test
sent_002883,Bình to nhưng xấu mặc dù giữ được nhiệt nhưng màu green rất phù hợp với môi trường làm việc văn phòng và làm dịu mắt,4,positive,rating_4,26,valid
sent_002884,"Bình to nên đựng dc nhiều nước, giữ nhiệt khá tốt, màu đẹp",5,positive,rating_5,13,train
sent_002885,Bình to khá tiện khi đựng nhiều nước,4,positive,rating_4,8,train
sent_002886,"bình to hơn tưởng tượng củ mình, giữ nhiệt ổn, nhưng vỏ ngoài khá dễ trầy",4,positive,rating_4,16,train
sent_002887,"Bình to đựng được nhiều nước, đế bình có lót cao su êm",5,positive,rating_5,13,train
sent_002888,"Bình to đựng được nhiều nước giữ nhiệt khá tốt, sơn nhám nên khó xước hơn mấy loại sơn bóng dưới đáy bình có phần đệm nhựa nữa, có điều phần nắp hơi khó vệ sinh do có rãnh nhỏ",5,positive,rating_5,40,train
sent_002889,Bình to đẹp,5,positive,rating_5,3,train
sent_002890,"bình to đẹp, màu sắc tươi sáng",5,positive,rating_5,7,test
sent_002891,"Bình to đẹp, giữ nhiệt tốt, sơn nhám dễ trầy",4,positive,rating_4,10,train
sent_002892,"bình to đẹp, chắc chắn, miệng hơi nhỏ để vệ sinh trong bình",4,positive,rating_4,13,train
sent_002893,"Bình to đẹp, chắc chắn lắm ạ",5,positive,rating_5,7,train
sent_002894,"bình to đẹp, cầm rất thích tay",5,positive,rating_5,7,train
sent_002895,"bình to chưa nhiều nước, đơn giản màu sắc nổi bật, tiki sale giá tốt",5,positive,rating_5,15,train
sent_002896,"Bình to , đựng dc rất nhiều nước",5,positive,rating_5,8,train
sent_002897,Bình siêu to siêu khổng lồ siêu thíchhhh,5,positive,rating_5,8,train
sent_002898,binh sieu dep,5,positive,rating_5,3,test
sent_002899,"Binh sd rat OK, nong & lanh deu tot het",5,positive,rating_5,10,valid
sent_002900,"Bình Sài tốt, nóng lạnh OK",5,positive,rating_5,6,train
sent_002901,"bình sài tốt, mẫu mã đẹp,",5,positive,rating_5,6,train
sent_002902,"bình rất tốt, đẹp, rất xứng đáng đồng tiền",5,positive,rating_5,9,train
sent_002903,"Bình rất to, khả năng giữ nhiệt tốt",5,positive,rating_5,8,test
sent_002904,"Bình rất to, cứ như đem cái bình thủy đựng nước đi làm",5,positive,rating_5,13,valid
sent_002905,"Bình rất tiện lợi, giữ nhiệt tốt, đẹp mắt! Mua bình với giá 270k nên cảm thấy khá hời!",5,positive,rating_5,19,train
sent_002906,Bình rất ok,5,positive,rating_5,3,test
sent_002907,Bình Rất đẹp,5,positive,rating_5,3,train
sent_002908,"Bình rất đẹp, ưng ý",5,positive,rating_5,5,train
sent_002909,"Bình rất đẹp, rất ưng ý, dung tích lớn",5,positive,rating_5,9,train
sent_002910,"Bình rất đẹp, giao nhanh",5,positive,rating_5,5,valid
sent_002911,"Bình rất đẹp, đóng gói cẩn thận và giao hàng cực nhanh",5,positive,rating_5,12,train
sent_002912,"Bình rất đẹp, bên ngoài sơn sần sần cầm chắc tay, thích hàng lock lock là cao su không có mùi và giữ nhiết rất tốt từ sáng đến chiều vẫn còn đá lạnh",5,positive,rating_5,34,valid
sent_002913,"Bình rất đẹp xinh, chất liệu vỏ bình hơi khác mình tưởng tượng nhưng vẫn cool",5,positive,rating_5,16,train
sent_002914,Bình rất đẹp xài OK,5,positive,rating_5,5,valid
sent_002915,"Bình rất đẹp và chắc chắn, chất liệu tốt",5,positive,rating_5,9,train
sent_002916,Binh rất đẹp nen mua các ban ạ ! TiKi ban hang rất uy tinh cho 5 sao,5,positive,rating_5,18,valid
sent_002917,"bình rất đẹp ,giao hàng nhanh ,đúng hẹn",5,positive,rating_5,8,train
sent_002918,"bình rất dày, hơi to",4,positive,rating_4,5,train
sent_002919,"bình rất chắn chắc, đẹp",5,positive,rating_5,5,train
sent_002920,"Bình rất chắc tay, giữ đá cực lâu hơn 36h",5,positive,rating_5,10,train
sent_002921,"bình rất chắc chắn,nước sơn tốt xài mấy tháng rồi vẫn chưa trầy xước gì,giữ nhiệt tuyệt vời",5,positive,rating_5,18,train
sent_002922,bình quá to,1,negative,rating_1,3,valid
sent_002923,Bình quá đẹp,5,positive,rating_5,3,train
sent_002924,"Bình quá đẹp, cầm chắc tay",5,positive,rating_5,6,train
sent_002925,"Bình như mô tả, chắc chắn, có lớp cao su ở đáy, đặt xuống khá êm",5,positive,rating_5,16,test
sent_002926,"Bình như hình quảng cáo, phần nắp vặn bằng inox nên ko sợ bong sơn, tay cầm và đế cao su nhám rất chắc, chống trơn trượt",5,positive,rating_5,27,train
sent_002927,"Bình nhìn đẹp, rất chắc chắn",5,positive,rating_5,6,valid
sent_002928,Bình nhìn đẹp nhưng cho mình hỏi có phải hàng chính hãng k ah ? mà lớp cao su dán dưới đế khi mình nhận hàng đã bong lớp dính gần hết,3,neutral,rating_3,32,train
sent_002929,"Bình nhìn chắc chắn, đúng màu mình thích",5,positive,rating_5,8,train
sent_002930,"Bình nhẹ, giữ nhiệt rất tốt!",5,positive,rating_5,6,train
sent_002931,Bình nhẹ chắc chắn,5,positive,rating_5,4,valid
sent_002932,"bình ngoại hình đẹp, tốt giữ nóng từ 11h trưa đến 11h tối vẫn nóng",5,positive,rating_5,15,train
sent_002933,"Bình nước xinh, hơi bự xíu thôi",3,neutral,rating_3,7,train
sent_002934,"Bình nước to trông rất ngầu, có quai xách chắc chắn, loại sơn bền",5,positive,rating_5,14,train
sent_002935,"Bình nước màu đẹp, giá tốt và giữ nhiệt cũng tốt",5,positive,rating_5,11,valid
sent_002936,"Bình nước đúng chính hãng, giao nhanh",4,positive,rating_4,7,valid
sent_002937,Bình nước đẹp,4,positive,rating_4,3,train
sent_002938,"Bình nước đẹp, cực kỳ hài lòng",5,positive,rating_5,7,valid
sent_002939,Bình nước đẹp y như hình,4,positive,rating_4,6,test
sent_002940,binh nuoc giu nhiet xài quá tot,5,positive,rating_5,7,test
sent_002941,"Bình này mình đã mua cái thứ 2, xài rất ok, đá giữ được 2 ngày",5,positive,rating_5,16,valid
sent_002942,"Bình này giữ nhiệt rất tốt,gia đình mình đã mua cái thứ 3,thích hợp đi làm và đi học nhé",5,positive,rating_5,20,train
sent_002943,"bình này giữ nhiệt rất tốt, bỏ đá 2 ngày mà vẫn còn, rất hài lòng,",5,positive,rating_5,16,train
sent_002944,"Bình mua được một tháng, hoàn toàn hài lòng về chất lượng, giữ nhiệt rất tốt, bình chắc chắn, đựng được nhiều nước",5,positive,rating_5,23,train
sent_002945,"bình mới, đóng gói cẩn thận, giao hàng nhanh, đặt hôm trước hôm sau giao rồi, thiết kế bình dễ dàng cọ rửa, quai cầm chắc chắn",5,positive,rating_5,27,train
sent_002946,"bình mình mua 3 tháng nay dùng rất, giữ nhiệt được khoảng 12h vẫn thấy ấm",5,positive,rating_5,16,valid
sent_002947,"Bình mẫu mã đẹp, hơn hẳn trong bình,dung tích lớn",5,positive,rating_5,10,test
sent_002948,"Bình mẫu mã đẹp, cầm vừa tay, có đệm ở dưới đáy nên đặt xuống không bị kêu, giữ nhiệt tốt",5,positive,rating_5,21,train
sent_002949,Bình màu đẹp kiểu dáng dễ thương,5,positive,rating_5,7,test
sent_002950,"Bình lớn, giữ nhiệt cũng tạm",4,positive,rating_4,6,test
sent_002951,"bình lớn và giữ nhiệt lâu, dùng cẩn thận do cũng dễ trầy sơn",4,positive,rating_4,14,valid
sent_002952,"Bình lớn đựng được nhiều nước, hình thức đẹp, chắc chắn, mua được giá hơn 270k, khá tuyệt",5,positive,rating_5,18,train
sent_002953,"Bình Locknlovk thực tế quá đẹp so với hình, chất lượng sơn đẹp, to đúng ý và nhu cầu mình đang cần!",5,positive,rating_5,22,train
sent_002954,"Bình Lock&Lock, màu đẹp sơn nhám cầm chắc tay, giữ nhiệt khá tốt",5,positive,rating_5,13,valid
sent_002955,bình khá to mà mình hay đựng sữa đậu và nước cam,4,positive,rating_4,12,train
sent_002956,"bình khá lớn, đựng nước uống thoải mái lun, sơn nhám nên khá bám bẩn, ae nên lau chùi thường xuyên cho đẹp!",3,neutral,rating_3,23,test
sent_002957,"Bình khá đẹp, to, dùng ổn chỉ có điều hơi nhám nên những người tay mồ hôi dùng sẽ cầm nắm khó, bị trơn trượt",4,positive,rating_4,25,valid
sent_002958,Bình khá chắn chắc dày dặn,5,positive,rating_5,6,train
sent_002959,"Bình kích thước lớn, có tem nsx nên yên tâm là đồ chính hãng",5,positive,rating_5,14,train
sent_002960,"Bình hơi to, nhưng cổ hơi nhỏ, tạm được",2,negative,rating_2,9,train
sent_002961,"Bình hơi to, dùng cho nam phù hợp, đã test thử có giữ nhiệt và không chảy nước ra ngoài khi để bình nằm ngan hoặc nghiêng",4,positive,rating_4,27,valid
sent_002962,Bình hơi to nhưng rất đẹp,4,positive,rating_4,6,train
sent_002963,Bình hơi nặng nhưng giữ nóng rất tốt,4,positive,rating_4,8,train
sent_002964,"Bình hịn lắm ấy , giữ nhiệt tốt",5,positive,rating_5,8,train
sent_002965,Bình giữ nhiệt tốt,4,positive,rating_4,4,train
sent_002966,"Bình giữ nhiệt tốt,nhưng khi đựng nước uống mở nắp ra có mùi nhựa",3,neutral,rating_3,14,train
sent_002967,"Bình giữ nhiệt tốt, thiết kế đặc biệt giúp ng dùng dễ cầm khi uống nc",5,positive,rating_5,16,train
sent_002968,"Bình giữ nhiệt tốt, thân bình hóp 2 bên nên dễ cầm",5,positive,rating_5,12,valid
sent_002969,"Bình giữ nhiệt tốt, tuy nhiên màu sơn dễ bị tróc khi ma sát",3,neutral,rating_3,14,train
sent_002970,"Bình giữ nhiệt tốt, nhưng khi đựng nước nóng mở nắp ra mùi nhựa nhiều, chắc do nắp bằng nhựa nên chủ yếu mình dùng đựng nước lạnh và ấm",2,negative,rating_2,30,valid
sent_002971,"Bình giữ nhiệt tốt, hơi nặng xíu",3,neutral,rating_3,7,train
sent_002972,"Bình giữ nhiệt tốt, giữ đá được khoảng 2 ngày",4,positive,rating_4,10,train
sent_002973,"Bình giữ nhiệt tốt, giao hàng cẩn thận",5,positive,rating_5,8,train
sent_002974,"bình giữ nhiệt tốt, giá cả ưu đãi, giao hàng nhanh",5,positive,rating_5,11,test
sent_002975,"Bình giữ nhiệt tốt, đẹp",5,positive,rating_5,5,valid
sent_002976,"Bình giữ nhiệt tốt, chất liệu dày dặn",5,positive,rating_5,8,test
sent_002977,Bình giữ nhiệt tốt nhưng nắp nhựa dễ bể,3,neutral,rating_3,9,train
sent_002978,"Bình giữ nhiệt tốt lắm lun, dung tích lại đc nhiều",5,positive,rating_5,11,valid
sent_002979,"Bình giữ nhiệt tốt , ko mùi nhựa",4,positive,rating_4,8,train
sent_002980,Bình giữ nhiệt sử dụng rất tốt,5,positive,rating_5,7,test
sent_002981,Bình giữ nhiệt rất tốt,5,positive,rating_5,5,train
sent_002982,"Bình giữ nhiệt rất tốt, tiki giao hàng nhanh",5,positive,rating_5,9,train
sent_002983,"Bình giữ nhiệt rất tốt, hình thức đẹp, thể tích lớn, phù hợp mang cà phê cho 4-5 người uống bữa sáng",5,positive,rating_5,22,train
sent_002984,"Bình giữ nhiệt rất tốt, dễ vệ sinh",5,positive,rating_5,8,train
sent_002985,bình giữ nhiệt rất tốt!!!,5,positive,rating_5,5,train
sent_002986,"Bình giữ nhiệt rất tốt ngoài mong đợi, hình dáng cung rất đẹp kèm thêm quai xách rất tiện lợi, miệng bình rộng dễ dàng vệ sinh, có thêm nắp lọc trà dùng để pha trà hoa hoặc pha các loại hạt rất tiện lợi",5,positive,rating_5,45,train
sent_002987,Bình giữ nhiệt rất tốt luôn,5,positive,rating_5,6,train
sent_002988,bình giữ nhiệt rất tốt dù là nóng hay lạnh,5,positive,rating_5,10,test
sent_002989,"bình giữ nhiệt rất lâu, xài rất tốt, rất thích các sản phẩm của lock&lock",5,positive,rating_5,15,train
sent_002990,"Bình giữ nhiệt rất đẹp, cảm giác chắc chắn, giữ nhiệt tốt, dung tích khá hợp lý! Tiki giao hàng rất nhanh 👌",5,positive,rating_5,23,train
sent_002991,"Bình giữ nhiệt quá lâu, pha trà từ 11h đêm đến 8h sáng hôm sau vẫn nóng nguyên, uống bỏng miệng do bình không có nắp làm cốc 🤣🤣",5,positive,rating_5,29,train
sent_002992,"Bình giữ nhiệt ổn, sơn bên ngoài hơi kém",2,negative,rating_2,9,train
sent_002993,"Bình giữ nhiệt ổn so với mức giá (mìn mua đợt sale 259k)-(nếu full nước sôi thì khoảng 1 ngày rưỡi sẽ nguội hẳn); thể tích lớn nên có thể đựng canh, cháo hoặc đồ ăn thay cặp lồng; đựng full bình sẽ hơi nặng",4,positive,rating_4,45,valid
sent_002994,bình giữ nhiệt ôk lắm nhen đựng nước đá từ 15h trưa nay đến chiều tối mai vẫn còn đá dù châm nước mấy lần lun nói chung hài lòng nha,5,positive,rating_5,31,train
sent_002995,Bình giữ nhiệt nóng lạnh tốt chất lượng cao và có đò lọc ở đầu dung tích lớn nhưng rất vừa vặn,5,positive,rating_5,22,train
sent_002996,Bình giữ nhiệt locklock đẹp chắc chắn ko bị lỗi gì giữ nhiệt tốt,5,positive,rating_5,14,train
sent_002997,Bình giữ nhiệt lock&lock rigatumbler 897ml giữ nhiệt cực tốt,5,positive,rating_5,10,valid
sent_002998,Bình Giữ Nhiệt Lock&Lock RigaTumbler (897ml) chất lượng tốt,4,positive,rating_4,9,train
sent_002999,Bình giữ nhiệt Lock&Lock RigaTumbler (897 ml) theo đánh giá của tôi là sử dụng tốt,4,positive,rating_4,16,train
sent_003000,Bình giữ nhiệt Lock&Lock Riga Tumbler chất lượng tốt,4,positive,rating_4,9,test
sent_003001,bình giữ nhiệt lâu,4,positive,rating_4,4,train
sent_003002,bình giữ nhiệt khá ok,4,positive,rating_4,5,train
sent_003003,"Bình giữ nhiệt ko tốt, nhiệt bị truyền ra bên ngoài",4,positive,rating_4,11,test
sent_003004,Bình giữ nhiệt được lâu,4,positive,rating_4,5,train
sent_003005,"Bình giữ nhiệt được lâu, rất hài lòng",5,positive,rating_5,8,train
sent_003006,Bình giữ nhiệt đẹp và chắc,5,positive,rating_5,6,train
sent_003007,"Bình giữ nhiệt dung tích lớn thích hợp cho dân văn phòng như mình, giữ nhiệt được lâu gần 12h mà vẫn tốt",5,positive,rating_5,23,train
sent_003008,Bình giữ nhiệt cực kỳ tốt nha các bạn,5,positive,rating_5,9,valid
sent_003009,Bình giữ nóng/lạnh tốt (qua đêm ok) với điều kiện phải để gần hoặc đầy bình,4,positive,rating_4,16,train
sent_003010,Bình giữ nóng tốt,4,positive,rating_4,4,test
sent_003011,Bình giữ lanh tốt,4,positive,rating_4,4,valid
sent_003012,"bình giữ lạnh tốt,bỏ đá từ 7h sáng đến 11h trưa vẫn lạnh",4,positive,rating_4,13,train
sent_003013,"Bình giữ lạnh tốt, đá đầy bình giữ đc hơn 8h",4,positive,rating_4,11,train
sent_003014,bình giữ được đá rất lâu,5,positive,rating_5,6,train
sent_003015,"Bình giữ đá ko tan cả ngày nha , giữ nóng cực kỳ tốt",5,positive,rating_5,14,test
sent_003016,Binh giu nhiet tot,4,positive,rating_4,4,valid
sent_003017,Binh giu nhiet rat ok,5,positive,rating_5,5,train
sent_003018,"Bình giao không kiểm tra trước, giao hàng bị trầy xước, đề nghị tiki đổi trả!",1,negative,rating_1,16,train
sent_003019,"Bình giao giống mẫu, màu hơi đậm hơn ảnh nhưng vẫn rất đẹp, chất lượng tốt, Tiki giao hàng nhanh",5,positive,rating_5,20,train
sent_003020,Bình được đóng gói cẩn thận và chắc chắn,5,positive,rating_5,9,train
sent_003021,"Bình đựng nhiều nước, có quai xách tiện mang đi, giữ nhiệt tốt",5,positive,rating_5,13,train
sent_003022,bình đẹp,4,positive,rating_4,2,train
sent_003023,"bình đẹp, xài rất tốt, không dễ trầy, đặc biệt là nước không bị rỉ ra ngoài khi để ngang hoặc nghiêng",5,positive,rating_5,22,train
sent_003024,"Bình đẹp, vừa ý, thiết kế xách tay dể dàng mang theo,màu cam nổi bâc ấn tượng",5,positive,rating_5,17,train
sent_003025,"Bình đẹp, thiết kế giản đơn, giữ nhiệt tốt",5,positive,rating_5,9,test
sent_003026,"Bình đẹp, tuy nhiên nếu muốn chuyên giữ nhiệt thì nên chọn",4,positive,rating_4,12,train
sent_003027,"Bình đẹp, Tiki giao hàng nhanh, giữ nhiệt ok",5,positive,rating_5,9,valid
sent_003028,"bình đẹp, tiếc là mua rồi cái tự nhiên hôm sau sale off 53% :((",4,positive,rating_4,15,train
sent_003029,"Bình đẹp, sang trọng, cực cool",5,positive,rating_5,6,valid
sent_003030,"Bình đẹp, rất tiện dụng vì dung tích lớn",5,positive,rating_5,9,train
sent_003031,"Bình đẹp, nhìn như hình, bình to tay nữ sẽ khó cầm nếu không phải sơn nhám và có 2 đường vát trên thân, miệng bình hơi nhỏ so với tưởng tượng của mình, phải bỏ đá viên chứ đập đá cục tủ lạnh sẽ khó bỏ lọt, phần đế có bịt cao su nên để xuống êm và không bị trơn trượt, nói chung là hài lòng",4,positive,rating_4,68,train
sent_003032,"Bình đẹp, mua đợt khuyến mãi nên giá tốt",5,positive,rating_5,9,train
sent_003033,"bình đẹp, mình rất thích ❤",5,positive,rating_5,6,train
sent_003034,"Bình đẹp, mình mua được lúc giá chạm đáy! Giữ nhiệt tốt!",5,positive,rating_5,12,train
sent_003035,"Bình đẹp, mẫu mã như hình nhưng ko giữ nhiệt được lâu",3,neutral,rating_3,12,train
sent_003036,"bình đẹp, màu sắc ok",5,positive,rating_5,5,train
sent_003037,"bình đẹp, màu cam như ý, đóng gói cẩn thận, giao hàng đúng hẹn",5,positive,rating_5,14,train
sent_003038,"bình đẹp, màu bắt mắt, sản phẩm cầm chắc tay, tiki đóng gói kỹ",5,positive,rating_5,14,train
sent_003039,"Bình đẹp, khá chắc chắn, chất lượng tốt",5,positive,rating_5,8,train
sent_003040,"Bình đẹp, hơi nặng tay, lần trước mình mua 1 bình rồi bạn mình thấy đẹp nên nhờ mua giùm 😊",4,positive,rating_4,21,train
sent_003041,"Bình đẹp, giữ nhiệt tốt",5,positive,rating_5,5,train
sent_003042,"Bình đẹp, giữ nhiệt tốt, mua lúc khuyến mãi khá rẻ",5,positive,rating_5,11,valid
sent_003043,"bình đẹp, giữ nhiệt tốt, mang đi theo người là có nước lạnh uống cả ngày, miệng bình rộng thả đá vào vô tư",5,positive,rating_5,24,train
sent_003044,"Bình đẹp, giữ nhiệt tốt, hơi to xíu thôi",4,positive,rating_4,9,train
sent_003045,"Binh đẹp, giữ nhiệt tốt, giống trong hình",5,positive,rating_5,8,train
sent_003046,"Bình đẹp, giữ nhiệt tốt, giá giảm nên rẻ",5,positive,rating_5,9,valid
sent_003047,"bình đẹp, giữ nhiệt tốt, đáng để mua",5,positive,rating_5,8,train
sent_003048,"Bình đẹp, giữ nhiệt tốt, có điều hơi nặng nhưng vẫn ok la ^^",5,positive,rating_5,14,valid
sent_003049,"Bình đẹp, giữ nhiệt tốt, ban đầu mua 1 cái, sau anh em cơ quan thích quá, đăng ký mua hơn 20 cái",5,positive,rating_5,23,test
sent_003050,"Bình đẹp, giữ nhiệt tốt tuy nhiên hơi khó rửa, cần có búi rửa ly riêng và hơi nặng :)",3,neutral,rating_3,20,train
sent_003051,Hì hục mất 8h ngày chủ nhật để tính sao ráp 3 bộ vào một và đi đèn cho tủ,3,neutral,rating_3,20,train
sent_003052,"tủ giống hình, đẹp, nhưng gỗ ép hơi mềm, có 2 lỗ bị lờn không vặn vừa, tuy nhiên với giá tiền như vậy cũng tạm chấp nhận",2,negative,rating_2,28,test
sent_003053,"Lụi cụi 1 mình ghép cũg cả tiếg, lần đầu ngồi ghép tủ cũg thú vị",3,neutral,rating_3,16,train
sent_003054,"tủ lắp rắp cũng dễ, tuy nhiên hạn chế là thấy mấy con vít bên hông tủ gây mất thẩm mỹ, giao đúng hẹn, đúng màu, 619k cho 1 cái tủ",3,neutral,rating_3,31,valid
sent_003055,tủ sách tốt nhưng thái độ người giao hàng ko tốt,3,neutral,rating_3,11,train
sent_003056,"tủ dễ dàng lắp ráp, chất liệu ván ép nên cũng ko mong gì lâu dài được",3,neutral,rating_3,17,train
sent_003057,"tủ đẹp, chắc chắn nhưng không đánh số mẫu gỗ và bản chỉ dẫn lắp đặt quá sơ sài dẫn đến lắp tủ rất khó",3,neutral,rating_3,25,train
sent_003058,"tủ trông nhỏ hơn kích thước minh tưởng tượng theo hình minh họa, nghĩ là phù hợp giá đã giảm",3,neutral,rating_3,20,train
sent_003059,tủ y hình,3,neutral,rating_3,3,train
sent_003060,"tủ đẹp, có hơi trầy xước nhưng ở mặt chấp nhận được",3,neutral,rating_3,12,train
sent_003061,"tủ sách bình thường, ổn khi dùng để trang trí",3,neutral,rating_3,10,test
sent_003062,"tủ đẹp, nhưng ráp hơi lâu và mỏi tay, do phải vặn ốc nhiều quá",3,neutral,rating_3,15,train
sent_003063,"tủ tốt, nhưng giao hàng hơi lâu",3,neutral,rating_3,7,train
sent_003064,"tủ dễ lắp ráp, có phần trầy 1 tí nhưng không đáng kể!",3,neutral,rating_3,13,train
sent_003065,"chỉ giao hàng chậm quá thôi, tủ đẹp, và chắc chắn,",3,neutral,rating_3,11,train
sent_003066,tủ đẹp 4 sao vì giao hàng chậm,3,neutral,rating_3,8,train
sent_003067,tủ sách y như miêu tả,3,neutral,rating_3,6,train
sent_003068,"tủ là gỗ ép, phù hợp giá tiền",3,neutral,rating_3,8,train
sent_003069,Hì hục mất 8h ngày chủ nhật để tính sao ráp 3 bộ vào một và đi đèn cho sản phẩm,3,neutral,rating_3,21,train
sent_003070,"sản phẩm giống hình, đẹp, nhưng gỗ ép hơi mềm, có 2 lỗ bị lờn không vặn vừa, tuy nhiên với giá tiền như vậy cũng tạm chấp nhận",2,negative,rating_2,29,test
sent_003071,"Lụi cụi 1 mình ghép cũg cả tiếg, lần đầu ngồi ghép sản phẩm cũg thú vị",3,neutral,rating_3,17,valid
sent_003072,"sản phẩm lắp rắp cũng dễ, tuy nhiên hạn chế là thấy mấy con vít bên hông sản phẩm gây mất thẩm mỹ, giao đúng hẹn, đúng màu, 619k cho 1 cái sản phẩm",3,neutral,rating_3,34,train
sent_003073,sản phẩm sách tốt nhưng thái độ người giao hàng ko tốt,3,neutral,rating_3,12,test
sent_003074,"sản phẩm dễ dàng lắp ráp, chất liệu ván ép nên cũng ko mong gì lâu dài được",3,neutral,rating_3,18,test
sent_003075,"sản phẩm đẹp, chắc chắn nhưng không đánh số mẫu gỗ và bản chỉ dẫn lắp đặt quá sơ sài dẫn đến lắp sản phẩm rất khó",3,neutral,rating_3,27,train
sent_003076,"sản phẩm trông nhỏ hơn kích thước minh tưởng tượng theo hình minh họa, nghĩ là phù hợp giá đã giảm",3,neutral,rating_3,21,train
sent_003077,sản phẩm y hình,3,neutral,rating_3,4,train
sent_003078,"sản phẩm đẹp, có hơi trầy xước nhưng ở mặt chấp nhận được",3,neutral,rating_3,13,train
sent_003079,"sản phẩm sách bình thường, ổn khi dùng để trang trí",3,neutral,rating_3,11,test
sent_003080,"sản phẩm đẹp, nhưng ráp hơi lâu và mỏi tay, do phải vặn ốc nhiều quá",3,neutral,rating_3,16,train
sent_003081,"sản phẩm tốt, nhưng giao hàng hơi lâu",3,neutral,rating_3,8,train
sent_003082,"sản phẩm dễ lắp ráp, có phần trầy 1 tí nhưng không đáng kể!",3,neutral,rating_3,14,train
sent_003083,"chỉ giao hàng chậm quá thôi, sản phẩm đẹp, và chắc chắn,",3,neutral,rating_3,12,valid
sent_003084,sản phẩm đẹp 4 sao vì giao hàng chậm,3,neutral,rating_3,9,train
sent_003085,sản phẩm sách y như miêu tả,3,neutral,rating_3,7,train
sent_003086,"sản phẩm là gỗ ép, phù hợp giá tiền",3,neutral,rating_3,9,train
sent_003087,Hì hục mất 8h ngày chủ nhật để tính sao ráp 3 bộ vào một và đi đèn cho sp,3,neutral,rating_3,20,train
sent_003088,"sp giống hình, đẹp, nhưng gỗ ép hơi mềm, có 2 lỗ bị lờn không vặn vừa, tuy nhiên với giá tiền như vậy cũng tạm chấp nhận",2,negative,rating_2,28,test
sent_003089,"Lụi cụi 1 mình ghép cũg cả tiếg, lần đầu ngồi ghép sp cũg thú vị",3,neutral,rating_3,16,train
sent_003090,"sp lắp rắp cũng dễ, tuy nhiên hạn chế là thấy mấy con vít bên hông sp gây mất thẩm mỹ, giao đúng hẹn, đúng màu, 619k cho 1 cái sp",3,neutral,rating_3,31,train
sent_003091,sp sách tốt nhưng thái độ người giao hàng ko tốt,3,neutral,rating_3,11,train
sent_003092,"sp dễ dàng lắp ráp, chất liệu ván ép nên cũng ko mong gì lâu dài được",3,neutral,rating_3,17,train
sent_003093,"sp đẹp, chắc chắn nhưng không đánh số mẫu gỗ và bản chỉ dẫn lắp đặt quá sơ sài dẫn đến lắp sp rất khó",3,neutral,rating_3,25,train
sent_003094,"sp trông nhỏ hơn kích thước minh tưởng tượng theo hình minh họa, nghĩ là phù hợp giá đã giảm",3,neutral,rating_3,20,train
sent_003095,"sp đẹp, có hơi trầy xước nhưng ở mặt chấp nhận được",3,neutral,rating_3,12,valid
sent_003096,"sp sách bình thường, ổn khi dùng để trang trí",3,neutral,rating_3,10,valid
sent_003097,"sp đẹp, nhưng ráp hơi lâu và mỏi tay, do phải vặn ốc nhiều quá",3,neutral,rating_3,15,train
sent_003098,"sp tốt, nhưng giao hàng hơi lâu",3,neutral,rating_3,7,train
sent_003099,"sp dễ lắp ráp, có phần trầy 1 tí nhưng không đáng kể!",3,neutral,rating_3,13,train
sent_003100,"chỉ giao hàng chậm quá thôi, sp đẹp, và chắc chắn,",3,neutral,rating_3,11,train
sent_003101,sp đẹp 4 sao vì giao hàng chậm,3,neutral,rating_3,8,train
sent_003102,sp sách y như miêu tả,3,neutral,rating_3,6,train
sent_003103,"sp là gỗ ép, phù hợp giá tiền",3,neutral,rating_3,8,train
sent_003104,Hì hục mất 8h ngày chủ nhật để tính sao ráp 3 bộ vào một và đi đèn cho hàng,3,neutral,rating_3,20,train
sent_003105,"hàng giống hình, đẹp, nhưng gỗ ép hơi mềm, có 2 lỗ bị lờn không vặn vừa, tuy nhiên với giá tiền như vậy cũng tạm chấp nhận",2,negative,rating_2,28,test
sent_003106,"Lụi cụi 1 mình ghép cũg cả tiếg, lần đầu ngồi ghép hàng cũg thú vị",3,neutral,rating_3,16,train
sent_003107,"hàng lắp rắp cũng dễ, tuy nhiên hạn chế là thấy mấy con vít bên hông hàng gây mất thẩm mỹ, giao đúng hẹn, đúng màu, 619k cho 1 cái hàng",3,neutral,rating_3,31,train
sent_003108,hàng sách tốt nhưng thái độ người giao hàng ko tốt,3,neutral,rating_3,11,train
sent_003109,"hàng dễ dàng lắp ráp, chất liệu ván ép nên cũng ko mong gì lâu dài được",3,neutral,rating_3,17,valid
sent_003110,"hàng đẹp, chắc chắn nhưng không đánh số mẫu gỗ và bản chỉ dẫn lắp đặt quá sơ sài dẫn đến lắp hàng rất khó",3,neutral,rating_3,25,train
sent_003111,"hàng trông nhỏ hơn kích thước minh tưởng tượng theo hình minh họa, nghĩ là phù hợp giá đã giảm",3,neutral,rating_3,20,train
sent_003112,hàng y hình,3,neutral,rating_3,3,train
sent_003113,"hàng đẹp, có hơi trầy xước nhưng ở mặt chấp nhận được",3,neutral,rating_3,12,train
sent_003114,"hàng sách bình thường, ổn khi dùng để trang trí",3,neutral,rating_3,10,test
sent_003115,"hàng đẹp, nhưng ráp hơi lâu và mỏi tay, do phải vặn ốc nhiều quá",3,neutral,rating_3,15,train
sent_003116,"hàng tốt, nhưng giao hàng hơi lâu",3,neutral,rating_3,7,train
sent_003117,"hàng dễ lắp ráp, có phần trầy 1 tí nhưng không đáng kể!",3,neutral,rating_3,13,train
sent_003118,"chỉ giao hàng chậm quá thôi, hàng đẹp, và chắc chắn,",3,neutral,rating_3,11,test
sent_003119,hàng đẹp 4 sao vì giao hàng chậm,3,neutral,rating_3,8,valid
sent_003120,hàng sách y như miêu tả,3,neutral,rating_3,6,train
sent_003121,"hàng là gỗ ép, phù hợp giá tiền",3,neutral,rating_3,8,train
sent_003122,hàng như quảng cáo,3,neutral,rating_3,4,valid
sent_003123,"hàng giữ nhiệt tốt, tuy nhiên ngoại hình có 1 vết (giống vết sơn) không thể gỡ ra -> tuy không ảnh hưởng đến chức năng của bình nhưng hàng không hoàn thiện tốt ngoại hình nên mình chỉ cho 4 sao",3,neutral,rating_3,42,train
sent_003124,hàng dùng ổn,3,neutral,rating_3,3,train
sent_003125,hàng chính hãng,3,neutral,rating_3,3,train
sent_003126,"hàng chất lượng giữ nhiệt rất tốt mình đánh giá 5 sao cho hàng, nhưng dịch vụ giao hàng bên tiki thật sự mình không hài lòng, order hôm 22/5 tiki cfm giao 27/5 mà ko giao, sau đó nhắn tin giao hàng ngày 29/5 nhưng cũng ko giao và ko nhắn tin báo lại",3,neutral,rating_3,55,train
sent_003127,hàng giữ nhiệt tốt nhưng quai bị lỗi rồi,3,neutral,rating_3,9,train
sent_003128,sản phẩm như mô tả,3,neutral,rating_3,5,train
sent_003129,"sản phẩm giống mô tả, chất lượng chưa test chưa rõ có ok như sản phẩm ko sale ko",3,neutral,rating_3,19,train
sent_003130,"sản phẩm đúng chính hãng, mua đợt sale 10-10 giá 290k",3,neutral,rating_3,11,train
sent_003131,"sản phẩm tốt , nhưng hàng bị lỗi sơn , shop đổi lại giúp mình nhé , mình đã làm mất vỏ hộp ! Thankssssss",3,neutral,rating_3,25,train
sent_003132,sản phẩm nhìn đẹp nhưng cho mình hỏi có phải hàng chính hãng k ah ? mà lớp cao su dán dưới đế khi mình nhận hàng đã bong lớp dính gần hết,3,neutral,rating_3,33,test
sent_003133,"sản phẩm nước xinh, hơi bự xíu thôi",3,neutral,rating_3,8,train
sent_003134,"sản phẩm khá lớn, đựng nước uống thoải mái lun, sơn nhám nên khá bám bẩn, ae nên lau chùi thường xuyên cho đẹp!",3,neutral,rating_3,24,valid
sent_003135,"sản phẩm giữ nhiệt tốt,nhưng khi đựng nước uống mở nắp ra có mùi nhựa",3,neutral,rating_3,15,test
sent_003136,"sản phẩm giữ nhiệt tốt, tuy nhiên màu sơn dễ bị tróc khi ma sát",3,neutral,rating_3,15,train
sent_003137,"sản phẩm giữ nhiệt tốt, hơi nặng xíu",3,neutral,rating_3,8,train
sent_003138,sản phẩm giữ nhiệt tốt nhưng nắp nhựa dễ bể,3,neutral,rating_3,10,train
sent_003139,"sản phẩm đẹp, mẫu mã như hình nhưng ko giữ nhiệt được lâu",3,neutral,rating_3,13,train
sent_003140,"sản phẩm đẹp, giữ nhiệt tốt tuy nhiên hơi khó rửa, cần có búi rửa ly riêng và hơi nặng :)",3,neutral,rating_3,21,train
sent_003141,"sp tốt , nhưng hàng bị lỗi sơn , shop đổi lại giúp mình nhé , mình đã làm mất vỏ hộp ! Thankssssss",3,neutral,rating_3,24,train
sent_003142,sp nhìn đẹp nhưng cho mình hỏi có phải hàng chính hãng k ah ? mà lớp cao su dán dưới đế khi mình nhận hàng đã bong lớp dính gần hết,3,neutral,rating_3,32,test
sent_003143,"sp nước xinh, hơi bự xíu thôi",3,neutral,rating_3,7,valid
sent_003144,"sp khá lớn, đựng nước uống thoải mái lun, sơn nhám nên khá bám bẩn, ae nên lau chùi thường xuyên cho đẹp!",3,neutral,rating_3,23,train
sent_003145,"sp giữ nhiệt tốt,nhưng khi đựng nước uống mở nắp ra có mùi nhựa",3,neutral,rating_3,14,train
sent_003146,"sp giữ nhiệt tốt, tuy nhiên màu sơn dễ bị tróc khi ma sát",3,neutral,rating_3,14,test
sent_003147,"sp giữ nhiệt tốt, hơi nặng xíu",3,neutral,rating_3,7,train
sent_003148,sp giữ nhiệt tốt nhưng nắp nhựa dễ bể,3,neutral,rating_3,9,valid
sent_003149,"sp đẹp, mẫu mã như hình nhưng ko giữ nhiệt được lâu",3,neutral,rating_3,12,train
sent_003150,"sp đẹp, giữ nhiệt tốt tuy nhiên hơi khó rửa, cần có búi rửa ly riêng và hơi nặng :)",3,neutral,rating_3,20,train
sent_003151,bình như quảng cáo,3,neutral,rating_3,4,train
sent_003152,bình như hình,3,neutral,rating_3,3,train
sent_003153,"bình hiện giờ dùng tạm ổn, về lâu dài thì chưa biết sao",3,neutral,rating_3,13,test
sent_003154,"bình giữ nhiệt tốt, tuy nhiên ngoại hình có 1 vết (giống vết sơn) không thể gỡ ra -> tuy không ảnh hưởng đến chức năng của bình nhưng bình không hoàn thiện tốt ngoại hình nên mình chỉ cho 4 sao",3,neutral,rating_3,42,train
sent_003155,bình dùng ổn,3,neutral,rating_3,3,valid
sent_003156,bình chính hãng,3,neutral,rating_3,3,train
sent_003157,"bình chất lượng giữ nhiệt rất tốt mình đánh giá 5 sao cho bình, nhưng dịch vụ giao bình bên tiki thật sự mình không hài lòng, order hôm 22/5 tiki cfm giao 27/5 mà ko giao, sau đó nhắn tin giao bình ngày 29/5 nhưng cũng ko giao và ko nhắn tin báo lại",3,neutral,rating_3,55,test
sent_003158,bình giữ nhiệt tốt nhưng quai bị lỗi rồi,3,neutral,rating_3,9,valid
sent_003159,bình như mô tả,3,neutral,rating_3,4,test
sent_003160,"bình giống mô tả, chất lượng chưa test chưa rõ có ok như bình ko sale ko",3,neutral,rating_3,17,valid
sent_003161,"bình đúng chính hãng, mua đợt sale 10-10 giá 290k",3,neutral,rating_3,10,train
sent_003162,bình giao đúng,3,neutral,rating_3,3,train
sent_003163,tủ sách khá tốt nhưng thái độ người giao hàng ko khá tốt,3,neutral,rating_3,13,train
sent_003164,"tủ khá tốt , nhưng giao hàng hơi lâu",3,neutral,rating_3,9,train
sent_003165,sản phẩm sách khá tốt nhưng thái độ người giao hàng ko khá tốt,3,neutral,rating_3,14,train
sent_003166,"sản phẩm khá tốt , nhưng giao hàng hơi lâu",3,neutral,rating_3,10,test
sent_003167,sp sách khá tốt nhưng thái độ người giao hàng ko khá tốt,3,neutral,rating_3,13,valid
sent_003168,"sp khá tốt , nhưng giao hàng hơi lâu",3,neutral,rating_3,9,train
sent_003169,hàng sách khá tốt nhưng thái độ người giao hàng ko khá tốt,3,neutral,rating_3,13,train
sent_003170,"hàng khá tốt , nhưng giao hàng hơi lâu",3,neutral,rating_3,9,train
sent_003171,"hàng giữ nhiệt khá tốt , tuy nhiên ngoại hình có 1 vết (giống vết sơn) không thể gỡ ra -> tuy không ảnh hưởng đến chức năng của bình nhưng hàng không hoàn thiện khá tốt ngoại hình nên mình chỉ cho 4 sao",3,neutral,rating_3,45,train
sent_003172,"hàng chất lượng giữ nhiệt rất khá tốt mình đánh giá 5 sao cho hàng, nhưng dịch vụ giao hàng bên tiki thật sự mình không hài lòng, order hôm 22/5 tiki cfm giao 27/5 mà ko giao, sau đó nhắn tin giao hàng ngày 29/5 nhưng cũng ko giao và ko nhắn tin báo lại",3,neutral,rating_3,56,train
sent_003173,hàng giữ nhiệt khá tốt nhưng quai bị lỗi rồi,3,neutral,rating_3,10,train
sent_003174,"sản phẩm khá tốt , nhưng hàng bị lỗi sơn , shop đổi lại giúp mình nhé , mình đã làm mất vỏ hộp ! Thankssssss",3,neutral,rating_3,26,train
sent_003175,"sản phẩm giữ nhiệt khá tốt , tuy nhiên màu sơn dễ bị tróc khi ma sát",3,neutral,rating_3,17,valid
sent_003176,"sản phẩm giữ nhiệt khá tốt , hơi nặng xíu",3,neutral,rating_3,10,train
sent_003177,"sản phẩm đẹp, giữ nhiệt khá tốt tuy nhiên hơi khó rửa, cần có búi rửa ly riêng và hơi nặng :)",3,neutral,rating_3,22,train
sent_003178,Kệ sau khi lắp nhìn chung là oke,3,neutral,rating_3,8,train
sent_003179,"Bị lỗi góc nhưng nói chung ráp vào xài ok, giá vậy là oke rồi",3,neutral,rating_3,15,valid
sent_003180,Khá oke nhưng thô quá nên cho miếng dán vào chỗ ăn đinh,3,neutral,rating_3,13,train
sent_003181,"Kệ sách bình thường, oke khi dùng để trang trí",3,neutral,rating_3,10,test
sent_003182,Sản phẩm oke,3,neutral,rating_3,3,train
sent_003183,oke với giá tiền,3,neutral,rating_3,4,valid
sent_003184,"Độ hoàn thiện khá oke, tiếc là còn có một vài tấm bị dư khi lắp",3,neutral,rating_3,16,train
sent_003185,giá sách tạm oke với tầm giá,3,neutral,rating_3,7,train
sent_003186,hàng tạm oke,3,neutral,rating_3,3,valid
sent_003187,oke trong tầm giá,3,neutral,rating_3,4,train
sent_003188,trong quá trình có phát sinh nhiều thứ gần đây là va đập khá mạnh vào mặt đường ở tốc độ 60km/h nhưng bên trong vẫn oke có xước hơi nhiều bên ngoài,3,neutral,rating_3,33,train
sent_003189,"Thấy cũng oke , không biết sau có hạn không",3,neutral,rating_3,10,valid
sent_003190,Sản phẩm dùng oke,3,neutral,rating_3,4,train
sent_003191,oke,3,neutral,rating_3,1,valid
sent_003192,hàng oke,3,neutral,rating_3,2,train
sent_003193,Hàng tạm oke nghe k đc ấm lắm cố gắng phát triển nha sẽ ủng hộ shop ọ,3,neutral,rating_3,18,train
sent_003194,mình thấy sản phẩm tạm oke,3,neutral,rating_3,6,train
sent_003195,"Về giá rất ok vì mua được sale; khâu giao hơi ức chế vì kho cách nhà 3km mà hẹn lần lữa 2 hôm không giao, buộc mình phải đến tận nơi để lấy; về sản phẩm khoan lỗ chính xác, bắt dễ dàng, tuy nhiên không đi kèm con ốc nào, ốc phải mua ngoài (1*), ván có tấm bị cong nên sp không vuông vắn lắm, để kịch xuống sàn như cái bập bênh, phải chế mấy cái chân kê để nâng lên khoảng 1cm so với sàn",3,neutral,rating_3,90,train
sent_003196,"Mình đặt hàng sau 3 4 ngày nhận được, giao bằng ninjavan",3,neutral,rating_3,12,valid
sent_003197,"giao đúng ngày, đóng gói kĩ, có hơi mẻ 1 ít chắc do quá trình vận chuyển, nói chung cũng không ảnh hưởng lắm, chất lượng để thời gian quyết định",3,neutral,rating_3,31,valid
sent_003198,Kệ sách tốt nhưng thái độ người giao ko tốt,3,neutral,rating_3,10,valid
sent_003199,"giao chậm hơn dự kiến, sản phẩm rất hợp giá tiền, ko khó lắp ráp lắm",3,neutral,rating_3,16,test
sent_003200,giao nhanh nhưng hàng chưa thực sự khớp khi lắp rắp vẫn còn bị lệch,3,neutral,rating_3,15,valid
sent_003201,"Kệ tốt, nhưng giao hơi lâu",3,neutral,rating_3,6,train
sent_003202,"giao nhanh, nhưng hàng nặng nên dễ trầy xước",3,neutral,rating_3,9,train
sent_003203,"tốt, giao hơi lâu",3,neutral,rating_3,4,train
sent_003204,"chỉ giao chậm quá thôi, kệ đẹp, và chắc chắn,",3,neutral,rating_3,10,train
sent_003205,giao chậm 1 ngày kệ dễ lắp,3,neutral,rating_3,7,valid
sent_003206,Tiki giao đúng hẹn,3,neutral,rating_3,4,valid
sent_003207,"Sản phẩm chất lượng giữ nhiệt rất tốt mình đánh giá 5 sao cho sản phẩm, nhưng dịch vụ giao bên tiki thật sự mình không hài lòng, order hôm 22/5 tiki cfm giao 27/5 mà ko giao, sau đó nhắn tin giao ngày 29/5 nhưng cũng ko giao và ko nhắn tin báo lại",3,neutral,rating_3,55,valid
sent_003208,giao nhanh nhưng lần này nhận tai nghe không chất lượng như 2 lần trước mua,3,neutral,rating_3,16,test
sent_003209,giao nhanh nhưng năng double siêu kém,3,neutral,rating_3,7,test
sent_003210,giao OK nhưng chất thì tệ,3,neutral,rating_3,6,train
sent_003211,Chủ nhật phải mất tám giờ để tính toán các ngôi sao và lắp ráp 3 bộ thành một mảnh và thắp sáng tủ,3,neutral,rating_3,24,train
sent_003212,"Tủ như hình, rất đẹp, tuy nhiên ván ép gỗ hơi mềm và có 2 lỗ không phù hợp, nhưng giá cả chấp nhận được.",3,neutral,rating_3,25,train
sent_003213,"Chúng tôi ở một mình, ghép toàn bộ mọi thứ lại với nhau, thật vui khi lần đầu tiên được ngồi cùng nhau",3,neutral,rating_3,23,test
sent_003214,"Tủ cũng dễ lắp ráp nhưng chỉ nhìn thấy những con ốc bên hông tủ sẽ gây mất thẩm mỹ và không giao kịp, đúng màu tủ là 619kđ của tủ.",3,neutral,rating_3,31,train
sent_003215,Tủ sách tốt nhưng người giao hàng không tốt,3,neutral,rating_3,9,train
sent_003216,"Tủ dễ dàng tháo lắp, sử dụng chất liệu ván ép nên không sử dụng được lâu.",3,neutral,rating_3,17,test
sent_003217,"Tủ chắc chắn và đẹp nhưng không ghi thêm số mẫu gỗ, hướng dẫn lắp đặt nên thô và khó lắp đặt.",3,neutral,rating_3,22,valid
sent_003218,"Tủ trông nhỏ hơn so với kích thước tưởng tượng theo hình minh họa, và giá cả được cho là phù hợp đã được giảm xuống",3,neutral,rating_3,26,train
sent_003219,Chiếc tủ trông nhỏ hơn so với kích thước tưởng tượng dựa trên hình minh họa và giá được cho là phù hợp đã được giảm xuống,3,neutral,rating_3,27,valid
sent_003220,"Tủ còn tốt, có trầy xước một số mặt nhưng vẫn chấp nhận được",3,neutral,rating_3,14,test
sent_003221,"Tủ sách thông thường, có thể dùng để trang trí",3,neutral,rating_3,10,train
sent_003222,Tủ tốt nhưng lắp ráp hơi lâu và mỏi do vặn nhiều quá.,3,neutral,rating_3,13,train
sent_003223,Tủ tốt nhưng thời gian giao hàng hơi lâu,3,neutral,rating_3,9,train
sent_003224,"Tủ dễ ráp, hơi xước nhưng không đáng chú ý!",3,neutral,rating_3,10,train
sent_003225,"Giao hàng quá chậm, tất nhiên là tủ tốt,",3,neutral,rating_3,9,train
sent_003226,Tủ đẹp nên cho 4 sao vì giao hàng chậm,3,neutral,rating_3,10,train
sent_003227,Tủ sách,3,neutral,rating_3,2,train
sent_003228,"Tủ được làm bằng gỗ ghép thanh, phù hợp với giá tiền",3,neutral,rating_3,12,valid
sent_003229,Chủ nhật phải mất 8 tiếng để tìm ra cách ráp 3 bộ thành một và làm sáng sản phẩm,3,neutral,rating_3,20,test
sent_003230,"Sản phẩm giống hình, rất đẹp, tuy nhiên ván ép hơi mềm và bị thủng 2 lỗ, không phù hợp nhưng giá cả chấp nhận được.",3,neutral,rating_3,26,valid
sent_003231,"Chúng tôi ở một mình, ghép toàn bộ mọi thứ lại với nhau, lần đầu tiên ngồi với những sản phẩm thú vị",3,neutral,rating_3,23,valid
sent_003232,"Việc lắp ráp sản phẩm cũng rất dễ dàng, tuy nhiên cần lưu ý những con vít bên hông sản phẩm, những con vít này sẽ làm mất mỹ quan và không được giao hàng không đúng thời gian, màu sắc phù hợp với 619k VNĐ 1 sản phẩm.",3,neutral,rating_3,49,train
sent_003233,Sản phẩm sách tốt nhưng thái độ diễn đạt chưa tốt,3,neutral,rating_3,11,test
sent_003234,Sản phẩm dễ lắp ráp và chất liệu ván ép sẽ không bền lâu,3,neutral,rating_3,14,train
sent_003235,"Sản phẩm đẹp và chắc chắn nhưng không có số hiệu bằng gỗ, hướng dẫn lắp đặt quá thô nên khó lắp đặt sản phẩm.",3,neutral,rating_3,25,train
sent_003236,Sản phẩm trông nhỏ hơn tưởng tượng như trong hình minh họa và giá đã được hạ xuống khi cho là phù hợp,3,neutral,rating_3,23,valid
sent_003237,"Sản phẩm tốt, hơi trầy xước nhưng có thể chấp nhận được",3,neutral,rating_3,12,train
sent_003238,"Sản phẩm sách thông thường, thích hợp để trang trí",3,neutral,rating_3,10,train
sent_003239,Sản phẩm rất đẹp nhưng lắp ráp hơi lâu và mỏi do vặn nhiều quá,3,neutral,rating_3,15,train
sent_003240,Sản phẩm tốt nhưng thời gian giao hàng hơi lâu,3,neutral,rating_3,10,test
sent_003241,"Sản phẩm dễ lắp ráp, xước nhẹ nhưng không lộ liễu!",3,neutral,rating_3,11,train
sent_003242,"Tốc độ giao hàng quá chậm, sản phẩm đẹp, chắc chắn rằng",3,neutral,rating_3,12,train
sent_003243,Làm theo hướng dẫn để đặt mua sản phẩm,3,neutral,rating_3,9,train
sent_003244,"Sản phẩm là gỗ ép, phù hợp với giá cả",3,neutral,rating_3,10,train
sent_003245,Đến 8 giờ tối Chủ nhật mới tìm ra cách lắp ráp 3 bộ thiết bị và chiếu sáng chúng.,3,neutral,rating_3,20,train
sent_003246,"Sản phẩm nhìn đẹp nhưng ván ép hơi mềm và bị thủng hai lỗ, không phù hợp, nhưng giá cả như nhau và chấp nhận được.",3,neutral,rating_3,26,train
sent_003247,"Chúng tôi được ghép với nhau một mình, điều đó rất thú vị",3,neutral,rating_3,13,train
sent_003248,"Lắp ráp lắp ráp cũng dễ dàng nhưng lưu ý ốc vít bên hông sản phẩm làm mất mỹ quan, giao hàng đúng hẹn, đúng màu, một sản phẩm là 619k đồng.",3,neutral,rating_3,32,train
sent_003249,Sách hay nhưng thái độ diễn đạt không tốt,3,neutral,rating_3,9,train
sent_003250,"Dễ dàng lắp ráp, vật liệu ván ép dự kiến ​​sẽ không tồn tại lâu",3,neutral,rating_3,15,train
sent_003251,"Sản phẩm đẹp, chắc chắn nhưng không có mẫu gỗ đánh số, hướng dẫn lắp đặt quá thô nên rất khó lắp đặt sản phẩm",3,neutral,rating_3,25,train
sent_003252,"Theo hình minh họa, sp trông nhỏ hơn tưởng tượng, giá cả được cho là phù hợp đã giảm xuống.",3,neutral,rating_3,20,test
sent_003253,Minh họa gián điệp,3,neutral,rating_3,4,train
sent_003254,"sp còn đẹp, hơi xước nhưng bên em chấp nhận được",3,neutral,rating_3,11,test
sent_003255,"Cuốn sách rất đời thường, rất thích hợp để trang trí",3,neutral,rating_3,11,train
sent_003256,Sp rất đẹp nhưng do vặn nhiều quá nên lắp ráp hơi lâu mỏi tay.,3,neutral,rating_3,15,train
sent_003257,sp tốt nhưng thời gian giao hàng hơi lâu,3,neutral,rating_3,9,train
sent_003258,"Sp dễ ráp, hơi xước nhưng không lộ liễu!",3,neutral,rating_3,9,train
sent_003259,"Giao hàng quá chậm, quá đẹp, và chắc chắn sẽ như vậy,",3,neutral,rating_3,12,train
sent_003260,Sản phẩm đẹp bốn sao vì giao hàng chậm,3,neutral,rating_3,9,train
sent_003261,"sp là gỗ ép, phù hợp với giá tiền",3,neutral,rating_3,9,train
sent_003262,"8 giờ ngày chủ nhật, ba bộ đã được ráp thành một và cháy hàng.",3,neutral,rating_3,15,test
sent_003263,"Hàng giống hình, rất đẹp, tuy nhiên ván ép hơi mềm và có hai lỗ không phù hợp, nhưng giá cả như nhau chấp nhận được.",3,neutral,rating_3,26,train
sent_003264,Tai nghe bị lỗi: miếng màu trắng trong tai nghe bị lệch do không có keo dính,2,negative,rating_2,17,train
sent_003265,Sp tương đối được,3,neutral,rating_3,4,train
sent_003266,Tai nghe ổn,3,neutral,rating_3,3,train
sent_003267,"Nghe tương đương tai nghe giá tầm 100k, giá rẻ nên cũng k có đòi hỏi gì hơm",3,neutral,rating_3,18,train
sent_003268,Đặt 2 cái giá thì khá ổn,3,neutral,rating_3,7,train
sent_003269,Hành lởm phù hợp với giá tiền săn sale cho vui cái này dùng chống cháy thôi chứ thực ra mua về rác nhà,2,negative,rating_2,24,train
sent_003270,Hàng cũng tốt sẽ ủng hộ shop trong thời gian tới,4,positive,rating_4,11,train
sent_003271,"Tai nghe một bên to một bên nhỏ ý, nghe kiểu khó chịu không hài lòng lắm",1,negative,rating_1,17,train
sent_003272,Tai nghe cho có âm thanh haizzzzzzzzzzzzzzzzzzzzzzzzzzzz,1,negative,rating_1,7,valid
sent_003273,"mới nghe 1 bữa thì rớt cái miếng dán nhìn giống lưới ra ngoài, tạm được lllllllllllllllllllllllllllllllllllllllllllllllllllllllllllllllllll",2,negative,rating_2,17,valid
sent_003274,"Tai nghe âm không trầm , còn 1 bên to một bên nhỏ",2,negative,rating_2,13,train
sent_003275,Tạm đc vận chuyển hơi lâu thái độ shipper khó chịu đóng gói sản phẩm chắc chắn,2,negative,rating_2,17,train
sent_003276,"Hàng sale nên mình cũng không mong đợi nhiều, nhưng mà mới xài 1 tuần rồi im luôn không nghe được gì cũng hơi chán",2,negative,rating_2,25,train
sent_003277,Giao không nhận được hàng h ko thấy tai nghe đâu nhờ shippers gủi bảo vệ mak về tìm chả thấy đau lòng,2,negative,rating_2,23,valid
sent_003278,Tai nghe tạm ổn dây chán quá😓 mik mua 2 bộ cái của mik dùng đc nhưng của đứa bạn ko vừa:((,2,negative,rating_2,22,valid
sent_003279,"Tai nghe tạm ổn, gọi là nghe được âm thanh",3,neutral,rating_3,10,train
sent_003280,"Không biết chính hãng hay ko nhưng mới nhận hàng đã hư 1 bên tai nghe rồi, chỉ nghe được 1 bên",2,negative,rating_2,22,train
sent_003281,Tai nghe dở chưa từng thấy,1,negative,rating_1,6,train
sent_003282,Bên to bên nhỏ nha,3,neutral,rating_3,5,valid
sent_003283,Tai nghe bị hư từ lúc đầu,2,negative,rating_2,7,train
sent_003284,"vừa mua xong thì lại có deal, nghe ổn, hơi bé, dây hơn ngắn, nói chung là ổn",2,negative,rating_2,18,valid
sent_003285,Hàng quốc tế nên giao hàng hơi lâu,2,negative,rating_2,8,train
sent_003286,Mua 1k dùng vậy là đúng với giá tiền,3,neutral,rating_3,9,train
sent_003287,"Tai nghe đóng gói tốt, vận chuyển tương đối nhanh so với hàng quốc tế, chất âm không tốt lắm, thiếu bass, không trong, nghe chống điếc thì được",2,negative,rating_2,29,train
sent_003288,Tai nghe bị hỏng mất một bên nhọ vãi đái,1,negative,rating_1,10,train
sent_003289,Hàng cũng oke -đóng gói đep,4,positive,rating_4,6,valid
sent_003290,"Giao hàng hơi chậm, hàng tạm ổn, có nút tạm dừng bị hỏng, đóng gói cẩn thận",2,negative,rating_2,17,train
sent_003291,Chất âm ổn,3,neutral,rating_3,3,train
sent_003292,"Giao hàng lâu, loa maximum mà nghe nhỏ quá",2,negative,rating_2,9,train
sent_003293,Nó bị rè 😢,1,negative,rating_1,4,valid
sent_003294,"Shop đóng gói đẹp và cẩn thận, chất lượng âm thanh cũng tạm được",4,positive,rating_4,14,train
sent_003295,Âm thanh hơi nhỏ,2,negative,rating_2,4,train
sent_003296,Hàng đẹp nhưng 1 tai bị hỏng,3,neutral,rating_3,7,test
sent_003297,"Mua 2 sp, nhưng có 1 sp chỉ nghe được chỉ 1 bên",2,negative,rating_2,13,train
sent_003298,Nghe chơi game không được đâu mn :)),2,negative,rating_2,8,valid
sent_003299,Mới sử dụng thì âm thanh nghe hay nhưng dùng chưa đc 1 tháng thì 1 bên không còn nghe đc dù không bị tác động gì khiến hàng hư hỏng,2,negative,rating_2,31,train
sent_003300,Thời gian giao hàng được,3,neutral,rating_3,5,train
sent_003301,Tai nghe kh ổn,2,negative,rating_2,4,train
sent_003302,Chất lượng oke nhưng đeo đc 2 ngày thì dây bị đứt =(((,3,neutral,rating_3,13,test
sent_003303,Tai to tai nhỏ,3,neutral,rating_3,4,valid
sent_003304,Tai nghe hơi chát chát tai,2,negative,rating_2,6,valid
sent_003305,Tạm ổn,3,neutral,rating_3,2,train
sent_003306,"Sản phẩm bên to bên nhỏ, ko hài lòng lắm về chất lượng :((((",1,negative,rating_1,14,test
sent_003307,"Thời gian giao hàng chậm thê thảm,dây nhựa xoắn bọc,chất lượng bình thường,độ bền phải dùng mới biết",2,negative,rating_2,18,train
sent_003308,Sạc chậm bà cố,1,negative,rating_1,4,train
sent_003309,"Mik chỉ nghe đc 1 bên, bên kia ko nghe đc",2,negative,rating_2,11,train
sent_003310,"Hàng giao hơi chậm, dây nối từ tai nghe đến chung 1 dây khá là mỏng dễ đứt, hàng đóng gói kỹ, giống trong ảnh",2,negative,rating_2,25,train
sent_003311,Không tăng giảm được âm lượng,2,negative,rating_2,6,valid
sent_003312,Hơi nhỏ,2,negative,rating_2,2,train
sent_003313,"Tai nghe sử dụng tốt, to giao hàng nhanh và chắc chắn, đáng tiên",5,positive,rating_5,14,train
sent_003314,Tai nghe chỉ 1 bên,2,negative,rating_2,5,train
sent_003315,Tai nghe nghe hơi bé,2,negative,rating_2,5,train
sent_003316,Cx bình thường,3,neutral,rating_3,3,train
sent_003317,Chất lượng tại nghe một bên trái nghe ko đc,2,negative,rating_2,10,train
sent_003318,Tai nghe lỗi,2,negative,rating_2,3,valid
sent_003319,Bị lệch âm thanh trái phải? :(((,1,negative,rating_1,7,train
sent_003320,"Thời gian giao hàng lâu, đầu tai nghe 1 bên miếng giảm ồn màu bạc bị long",1,negative,rating_1,17,train
sent_003321,từ lúc đặt tới lúc nhận 11 ngày,3,neutral,rating_3,8,train
sent_003322,Ko đúng mẫu,2,negative,rating_2,3,train
sent_003323,"Rẻ thì chất lượng bình thường,",3,neutral,rating_3,6,train
sent_003324,"Tai nghe ổn, nhưng rớt mất nút rồi",3,neutral,rating_3,8,valid
sent_003325,Sản phẩm không còn nguyên vẹn,2,negative,rating_2,6,train
sent_003326,Tai F20 bị hư một bên không nghe được,2,negative,rating_2,9,train
sent_003327,"Giao hàng nhanh, đóng gói ổn",4,positive,rating_4,6,train
sent_003328,Cảm giác cầm dây không được thoải mái lắm,2,negative,rating_2,9,test
sent_003329,"Hàng quốc tế china đặt hàng qua shop mail,lâu quá hình ảnh thiết kế đẹp mắt,nhưng chất lượng nghe dè dè,ko ổn lắm",3,neutral,rating_3,23,train
sent_003330,"Âm bass không mượt, âm to",2,negative,rating_2,6,train
sent_003331,Meh tạm được,3,neutral,rating_3,3,valid
sent_003332,K bằng cái tai nghe VN giá 15k luôn 😃😃,1,negative,rating_1,10,train
sent_003333,"tai nghe bị rè, nếu không bị rè thì là âm thanh không trong, chất lượng tai nghe kém",1,negative,rating_1,19,train
sent_003334,Chất lượng bình thường,3,neutral,rating_3,4,valid
sent_003335,Cắm vào laptop k chạy,2,negative,rating_2,5,valid
sent_003336,Sản phẩm ok đúng giá tiền,3,neutral,rating_3,6,train
sent_003337,Tai nghe của mình bị ngược mất thất vọng,1,negative,rating_1,9,train
sent_003338,"Giá rẻ, xài được, ko hay lắm",3,neutral,rating_3,7,train
sent_003339,Mau hư,2,negative,rating_2,2,train
sent_003340,Tiền nào của đó thôi,3,neutral,rating_3,5,train
sent_003341,"ko có phân biệt tai nghe trái phải, mỗi lần đụng vào chỗ jack cắm là bị rè tiếng",1,negative,rating_1,19,test
sent_003342,"Hình thức nhìn oke nhg tai nghe thấy lúc to lúc nhỏ, kiểu mình phải điều chỉnh dây ý xog n cứ tậm tạch",2,negative,rating_2,24,valid
sent_003343,"Tai nghe nghe hay, dây chắc chắn",5,positive,rating_5,7,valid
sent_003344,"Mua mall mà chất lượng dở tệ, nghe loãng k thấy beat nhiều =))))",1,negative,rating_1,14,train
sent_003345,"Tai nghe chả hiểu sao lúc gói đơn không kiểm tra hay sao mà gửi tai nghe lỗi cho mình, 2 chỗ tai nghe cùng 1 phía thì nghe kiểu gì, đút cùng 1 bên tai à?",1,negative,rating_1,37,train
sent_003346,tai nghe tàm tạm,3,neutral,rating_3,4,valid
sent_003347,"Mức âm nhỏ nhất cũng quá to, nghe ban đêm để min âm lượng mà to muốn nổ não",1,negative,rating_1,19,valid
sent_003348,Sản phẩm không giống hình đặt màu trắng giao màu đen nhưng sử dụng cũng tạm được,2,negative,rating_2,17,test
sent_003349,"Giao hàng hơi lâu, một bên tai nghe không nghe được gì hết ,",1,negative,rating_1,14,train
sent_003350,"Tai nghe chất lượng bình thường, hơi trầm, nghe ko rõ",2,negative,rating_2,11,valid
sent_003351,Mua được giá 1k nhưng về bị hỏng 1 bẻn tai thì cũng như không :<,2,negative,rating_2,16,test
sent_003352,"Đề nghị shop kiểm tra kỹ , vì tai phone làm bị lỗi nhét tai bị cùng 1 chiều",2,negative,rating_2,19,train
sent_003353,Tai nghe rõ ràng,4,positive,rating_4,4,train
sent_003354,Tai nghe bên to bên nhỏ ko đều,2,negative,rating_2,8,train
sent_003355,"Hàng ok, thiết kế với hoàn thiện hơi củ chuối nhưng giá rẻ vậy là tạm được r",3,neutral,rating_3,18,train
sent_003356,Tai nghe nhìn thì đẹp sịn sò mà có 1 bên nghe được so giá thì chưa đáng!,3,neutral,rating_3,18,train
sent_003357,Mua 2 sản phẩm mà 1 cái bên thì tiếng to bên thì tiếng nhỏ (dùng đc 1 lúc thì bị) còn cái còn lại bình thường chưa dùng nên chưa biết,2,negative,rating_2,32,train
sent_003358,Hàng ko được đẹp như hình,2,negative,rating_2,6,train
sent_003359,Ko chống ồn đc,2,negative,rating_2,4,valid
sent_003360,mà ảnh lúc bán thì khác hàng nhận thì khác mn 🙂🙂🙂🙂🙂,1,negative,rating_1,12,test
sent_003361,"Đã dùng ở đây 1 lần nhưbg về cuối thì xuất hiện tình trạng không nghe được tiếng, chỉ nghe được beat",2,negative,rating_2,22,train
sent_003362,Nhìn xịn xò mà thất vọng,3,neutral,rating_3,6,train
sent_003363,"Nút chỉnh âm thanh ngộ, k phải tăng giảm âm lượng hệ thống mà là tăng giảm của âm lượng đang nghe",3,neutral,rating_3,22,train
sent_003364,Nói chung chỉ dùng chữa cháy thôi,3,neutral,rating_3,7,train
sent_003365,"Mình dùng iphone cắm vào thì lúc nói mic bị bé, đầu bên kia nghe ko rõ",2,negative,rating_2,17,train
sent_003366,"1 cái bình thường, 1 cái hỏng 1 bên",2,negative,rating_2,9,test
sent_003367,"chất lượng phù hợp giá thành , bị lỗi 1 tai nghe",2,negative,rating_2,12,train
sent_003368,"Màu trắng tai bên trái bị nhỏ hơn so với tai phải, mic ổn",2,negative,rating_2,14,test
sent_003369,Nói chung là muốn tai xịn thì nên mua tai đắt,3,neutral,rating_3,11,train
sent_003370,Nhiều lúc nhỏ đến mức chỉnh âm lượng cao nhất vẫn nhỏ xíu,2,negative,rating_2,13,train
sent_003371,Tai nghe bị nhỏ,2,negative,rating_2,4,test
sent_003372,Mua về đủ để đáp ứng nhu cầu nghe,3,neutral,rating_3,9,test
sent_003373,Chất lượng chưa được tốt do tiếng bé,2,negative,rating_2,8,train
sent_003374,Mặc dù vẫn nghe được 2 bên nhưng shop làm vậy mình cảm thấy hơi buồn dẫu cũng là flash sale nhưng ít ra có lương tâm một tí,2,negative,rating_2,29,train
sent_003375,Mà mất thì shipper lại xin đừng báo cáo xong lặn luôn,1,negative,rating_1,12,train
sent_003376,Dây bọc bên ngoài cũng ko đc bền cho lắm,2,negative,rating_2,10,test
sent_003377,Chất lượng âm ngang giá tiền,3,neutral,rating_3,6,train
sent_003378,"Nói chung là nghe chống cháy thì ok,",3,neutral,rating_3,8,valid
sent_003379,Dây cũng khá mỏng,2,negative,rating_2,4,test
sent_003380,Mic xa nên nói khó nghe,2,negative,rating_2,6,train
sent_003381,Hơi to hơn so với của iphone nên hơi đau tai,2,negative,rating_2,11,valid
sent_003382,K nên mua nếu muốn nghe ban đêm,2,negative,rating_2,8,train
sent_003383,"Nghe ổn nhưng mùi hắc, dây vải chạm vào người hơi ngứa, giao hàng lâu nhưng với giá này chất lượng vậy là đương nhiên 👍🏻",2,negative,rating_2,26,valid
sent_003384,Nghe tương đối ổn nhưng dây quá mỏng nên dễ bị hư và giao hàng quá chậm nên sẽ trừ điểm,2,negative,rating_2,21,test
sent_003385,Nghe hơi ù,2,negative,rating_2,3,valid
sent_003386,Tai nghe chát lượng âm thanh kém lm nghe cùi v,1,negative,rating_1,11,train
sent_003387,Tai nghe cũng rất gọn nhưng âm thanh còn nghe chưa chuẩn lắm tai nghe cũng rất đẹp,4,positive,rating_4,18,train
sent_003388,Mọi thứ đều ổn cho đến khi nhìn thấy chân cắm chỉ có 2 vạch với giao hơi lâu,2,negative,rating_2,19,train
sent_003389,"Mặt hàng chất lượng chưa được tốt lắm, giá thành cũng coi như là ổn so với chất lượng của sản phẩm",2,negative,rating_2,22,train
sent_003390,Giao hàng quá lâu hàng bị trầy sướt nghe thì ổn nhưng cấm vào nghe nó rè rè sao đâu ấy chắc tui nghĩ ko đúng dòng máy của nó tui sài Oppo f11,2,negative,rating_2,34,valid
sent_003391,Một sóng hình sin đang truyền trên một sợi dây theo chiều dương của trục Ox,3,neutral,rating_3,16,test
sent_003392,"Sản phẩm đeo rất đau tai vì còn thừa phần nhựa, phải tự cắt đi",1,negative,rating_1,15,train
sent_003393,"Sp ok nhưng shop giao nhầm màu trừ 1 sao, con chuột của mình hny bị chết buồn nên trừ 2 sao, dnjskandnfjwkaj dkksnf kskebfjfjccsk",3,neutral,rating_3,25,train
sent_003394,Lỗi ggggggggggggggggggggggggggggggggggggggggggggggggggg,1,negative,rating_1,2,train
sent_003395,Tạm ổn với giá tiền không thể rẻ hơn,4,positive,rating_4,9,test
sent_003396,Tai nghe giao hơi lâu và nghe k hay lắm nhưng với giá đó thì cx tạm được,2,negative,rating_2,18,train
sent_003397,Tai nghe được,3,neutral,rating_3,3,train
sent_003398,Theo giá tiền thôi ae ạ,3,neutral,rating_3,6,test
sent_003399,"Giao hàng khá lâu, tai nghe thì tiếng cứ bị gì ấy, nói hàng dở thật nghe ko sướng chút nào",1,negative,rating_1,21,test
sent_003400,1 bên to 1 bên bé nghe k đc sống động mấy,1,negative,rating_1,12,train
sent_003401,Hàng vì giá thành rẻ nên chất lượng cũng tương tự khá kém,3,neutral,rating_3,13,train
sent_003402,Nghe ko êm tai,2,negative,rating_2,4,train
sent_003403,Không giống hình vì ko có mic,2,negative,rating_2,7,train
sent_003404,Đã nhận được sản phẩm,3,neutral,rating_3,5,train
sent_003405,"Tại nghe đc nhưng mà shop nhắn mãi mà ko thấy hồi âm ,giao hàng lâu",2,negative,rating_2,16,test
sent_003406,Hỗ trợ trả lời thắc mắc quá lâu,1,negative,rating_1,8,train
sent_003407,nghe hơi tệ,2,negative,rating_2,3,train
sent_003408,Tai nghe lúc cắm sạc điện thoại nghe bị giật,2,negative,rating_2,10,train
sent_003409,"âm thanh nghe k tốt, giác cắm lỏng lẻo, nghe tầm 1 tuần là bắt đầu hư 1 bên",1,negative,rating_1,19,train
sent_003410,Hàng OK !!!,5,positive,rating_5,3,train
sent_003411,"Nghe bên đc bên k , tai nghe nói chung là tạm bth",2,negative,rating_2,13,test
sent_003412,Rẻ,4,positive,rating_4,1,valid
sent_003413,Chất lượng sản phẩm chưa được tốt,2,negative,rating_2,7,train
sent_003414,Ok tạm chấp nhận,3,neutral,rating_3,4,train
sent_003415,Nghe nhạc thì ổn,3,neutral,rating_3,4,train
sent_003416,Hàng chất lượng kém tiền nào của nấy,2,negative,rating_2,8,train
sent_003417,Tai nghe nghe bị ù rất khó nghe,1,negative,rating_1,8,train
sent_003418,K có tai phone,2,negative,rating_2,4,train
sent_003419,Chất lượng tương ứng với giá 1K,3,neutral,rating_3,7,test
sent_003420,Hơi thiếu bass,2,negative,rating_2,3,train
sent_003421,Chất lg tạm được nhưng mà rẻ nên ok,4,positive,rating_4,9,test
sent_003422,Tiền nào của đếy,3,neutral,rating_3,4,train
sent_003423,Ko tốt,2,negative,rating_2,2,train
sent_003424,"Mẫu mã đẹp, đóng gói chắc chắn",5,positive,rating_5,7,train
sent_003425,Đúng với câu tiền nào của nấy,3,neutral,rating_3,7,valid
sent_003426,Tai nghe bị hỏ điện cho vào tai bị giật như muỗi cắn,2,negative,rating_2,13,train
sent_003427,"Có cái nút cao su đeo k vừa t , với mới nghe xíu bị rè rồi :(((",2,negative,rating_2,18,train
sent_003428,Dễ bẩn,2,negative,rating_2,2,valid
sent_003429,"Ok, nhưng chất lượng âm thanh hơi tệ, đeo đau tai",2,negative,rating_2,11,train
sent_003430,Đúng vs giá tiền,3,neutral,rating_3,4,test
sent_003431,Chất lượng phù hợp giá tiền,3,neutral,rating_3,6,valid
sent_003432,Cũng tốt nhưng mic lúc được lúc k nghe đc,3,neutral,rating_3,10,valid
sent_003433,Dùng Khá là oki lần sau sẽ mua Tiếp,4,positive,rating_4,9,valid
sent_003434,Âm thanh hơi rè,2,negative,rating_2,4,train
sent_003435,"giao hàng sau tầm 1 tuần đặt như ghi trong mô tả, gói hàng ok, cơ mà trừ vì chất lượng maybe phù hợp vs giá tiền thôi ==, nghe rất chán , xoay chân tai nghe thì nhạc cx cứ dừng vs tiếp, khó chịu",2,negative,rating_2,46,valid
sent_003436,Xài bậy cho đỡ ồn xung quanh,3,neutral,rating_3,7,train
sent_003437,giao hàng đúng loại,3,neutral,rating_3,4,train
sent_003438,Tiền nào của nấy đặt 2c thì 1c ko nghe được 1c nghe rè,2,negative,rating_2,14,valid
sent_003439,Sản phẩm này nghe ổn,3,neutral,rating_3,5,train
sent_003440,Loa bị dựt điện,2,negative,rating_2,4,train
sent_003441,Tai nghe tệ âm thanh bị rè dù sao cũng 10k nên thôi,2,negative,rating_2,13,test
sent_003442,Tạm dc,3,neutral,rating_3,2,test
sent_003443,sao lại gửi tai nghe hỏng 1 bên cho em e cảm thấy đau lòng lắm shop à 😂😂😂,1,negative,rating_1,19,train
sent_003444,Shop chuẩn bị hàng lâu,2,negative,rating_2,5,train
sent_003445,Quá quá rẻ nên trông cũng dại dại :),3,neutral,rating_3,9,train
sent_003446,Giá rẻ +1 sao,4,positive,rating_4,4,train
sent_003447,Ko ngon hơn như tai nghe bữa trc,3,neutral,rating_3,8,train
sent_003448,Lúc cắm tai nghe vào cứ coi YouTube là toàn bị bật google trong khi mình không bật rất khó chịu còn lại ok hết,2,negative,rating_2,25,train
sent_003449,"Tai nghe rẻ tiền, nên không đòi hỏi gì nhiều",3,neutral,rating_3,10,train
sent_003450,Cũng được âm thanh không được trong cho lắm,2,negative,rating_2,9,train
sent_003451,Bị giật,2,negative,rating_2,2,test
sent_003452,Tai nghe k ổn lắm nhưng chất lượng âm thanh ổn,2,negative,rating_2,11,train
sent_003453,"Chất lượng bình thường , vì hàng rẻ nên chỉ nghe được là tốt rồi",3,neutral,rating_3,15,train
sent_003454,Âm thanh ko đc tốt,2,negative,rating_2,5,train
sent_003455,Nghe cũng được hay,4,positive,rating_4,4,train
sent_003456,Iphone dùng ko đc nha! Nó bị dè lắm ạ,2,negative,rating_2,10,valid
sent_003457,"Âm thanh tạm được nhưng thiết kế tai nghe không phù hợp để cài vào tai,cài vào tai không được toàn rơi",2,negative,rating_2,22,valid
sent_003458,Nhân viên giao hàng cục súc hàng thì coi trên mẫu là nó có cái cục âm thanh nhưng đặc hàng giao ra thì hk có🙁Hơi thất vọng 1 chút xíu 🤦,1,negative,rating_1,32,train
sent_003459,giao hàng lâu đến tận hai tuần mà tai nghe cũng ổn tàm tạm giá cả phù hợp với chất âm cho 3 sao,2,negative,rating_2,24,train
sent_003460,Tai nghe này tạm đc lúc cắm vào chỉ nghe đc 1 tai phải vỗ vào tai nghe nhiều lần ms nghe đc 2 tai,2,negative,rating_2,25,train
sent_003461,Chất lượng ko như mong muốn nghe đc hai bài bỏ thùng rác,1,negative,rating_1,13,valid
sent_003462,Quá dè,1,negative,rating_1,2,train
sent_003463,"giao hàng lâu , giao thiếu hàng , chất lượng sài ổn",2,negative,rating_2,12,train
sent_003464,Tai nghe k có bass đâu,3,neutral,rating_3,6,train
sent_003465,Hàng ở nước ngoài mà giao thiếu thì tôi cũng chịu,1,negative,rating_1,11,train
sent_003466,nghe k tốt lắm,2,negative,rating_2,4,valid
sent_003467,K như mong đợi,2,negative,rating_2,4,train
sent_003468,Shop giao nhanh sp ok,5,positive,rating_5,5,train
sent_003469,Shipper nhiệt tình,4,positive,rating_4,3,test
sent_003470,Tai nghe chỉ nghe được 1 bên nma thoi k sao,2,negative,rating_2,11,train
sent_003471,Tam duoc cho 4*,3,neutral,rating_3,4,train
sent_003472,Chất lượng hơi tệ,2,negative,rating_2,4,train
sent_003473,"Chất lượng ko thực sự tốt, âm thanh không tự nhiên",1,negative,rating_1,11,valid
sent_003474,Chất lượng ổn,3,neutral,rating_3,3,train
sent_003475,"Nghe được, nhưng có vài chỗ bị trầy xước",2,negative,rating_2,9,train
sent_003476,Bình thường,3,neutral,rating_3,2,train
sent_003477,Ko có bass,2,negative,rating_2,3,train
sent_003478,Qua hôm sau là Bạc màu,2,negative,rating_2,6,train
sent_003479,tai nghe khong có âm bass nhung voi tam gia nhu vay la ôn roi cho shop 3 sao,3,neutral,rating_3,19,train
sent_003480,Giao lâu tiếng nhỏ,1,negative,rating_1,4,train
sent_003481,"Sản phẩm bị lỗi ạ, kh đồng nhất",1,negative,rating_1,8,valid
sent_003482,Nghe hơi dè :)),1,negative,rating_1,4,valid
sent_003483,"Tai nghe ko rõ, ko có phần chỉnh âm lượng, nói chung là tiền nào của nấy mua chơi thôi, chứ ko nên dùng nghe nhạc",1,negative,rating_1,26,train
sent_003484,dùng mấy bữa là đứt phần dây quấn ở ngoài r,2,negative,rating_2,11,valid
sent_003485,chất lượng k ổn,2,negative,rating_2,4,train
sent_003486,Hình vẽ mô tả hình dạng của sợi dây tại thời điểm t và t = t + 1s,3,neutral,rating_3,19,train
sent_003487,Tai nghe dễ bị tróc và màu xanh của 2 bên k giống nhau,1,negative,rating_1,14,train
sent_003488,Đóng góp cần thận,4,positive,rating_4,4,valid
sent_003489,nhưng cũng hợp lí với số tiền bỏ ra,3,neutral,rating_3,9,valid
sent_003490,"Chưa kiểm tra thử nên chưa biết sản phẩm thế nào nhưng sản phẩm không phải hàng chính hãng, không có bao bì in nhà sản xuất",3,neutral,rating_3,27,test
sent_003491,Nghe chói tai đau tai,1,negative,rating_1,5,test
sent_003492,Nhưng vừa mua đã bị rè rồi,2,negative,rating_2,7,test
sent_003493,nghe chối tai lắm mọi người,1,negative,rating_1,6,train
sent_003494,"Đóng gói kĩ, nói chung giá này tốt rồi",5,positive,rating_5,9,train
sent_003495,Thời gian giao hàng nhanh tôi sẽ ủng hộ shop lần sau,4,positive,rating_4,12,train
sent_003496,Nhưng không có nốt bấm stop,2,negative,rating_2,6,train
sent_003497,"Mua 4 món thiếu 1 món, đã vậy còn 1 tai nghe bị hư nữa !!!",1,negative,rating_1,16,train
sent_003498,Do bữa trước cũng mua 1 lần thấy ngon nên mưa lại nhưng giờ sp kém hơn bữa trc nữa,2,negative,rating_2,20,train
sent_003499,Nghe chống điếc thôi,3,neutral,rating_3,4,train
sent_003500,Đóng gói sp tốt,4,positive,rating_4,4,train
sent_003501,noi chung tien nao cua nay,3,neutral,rating_3,6,valid
sent_003502,Nhạc nghe ko hay 😕😕😕😕😕😕😕😕😕😕😕😕😕😕😕😕😕😕😕😕😕😕😕😕😕,1,negative,rating_1,5,valid
sent_003503,giao hàng hơi lâu,2,negative,rating_2,4,train
sent_003504,Âm bass yếu gần như không có,2,negative,rating_2,7,train
sent_003505,khuyên ko nên mua,1,negative,rating_1,4,test
sent_003506,Đánh giá shop 3 sao,3,neutral,rating_3,5,train
sent_003507,Chất lượng âm thanh tệ,2,negative,rating_2,5,train
sent_003508,Chất lượng đi đôi vs giá tiền,3,neutral,rating_3,7,train
sent_003509,Một bên tai nghe ko có tiếng,2,negative,rating_2,7,train
sent_003510,chất lượng tạm ổn,3,neutral,rating_3,4,train
sent_003511,nchung với giá đó như vậy là ok rồi,3,neutral,rating_3,9,valid
sent_003512,"Nghe thì ngon nhưng vị dở, vải hơi ngứa, giao hàng lâu nhưng với giá này là đương nhiên 👍🏻",2,negative,rating_2,20,train
sent_003513,"Nghe có vẻ hay hơn nhưng dây nguồn quá mỏng, dễ hư hỏng và giao hàng quá chậm nên sẽ bị trừ điểm",2,negative,rating_2,23,train
sent_003514,Nghe có vẻ hơi ồn ào,2,negative,rating_2,6,train
sent_003515,"Tai nghe có chất lượng âm thanh kém, cùi bắp",1,negative,rating_1,10,train
sent_003516,"Tai nghe cũng rất nhỏ gọn, tuy nhiên âm thanh không được tốt lắm, tai nghe cũng rất đẹp",4,positive,rating_4,19,train
sent_003517,"Mọi thứ đều ổn, cho đến khi bạn thấy chỉ có 2 chân cắm dài giao nhau",2,negative,rating_2,17,train
sent_003518,"Hàng chất lượng thì khỏi chê, giá cả coi như ổn so với chất lượng sản phẩm",2,negative,rating_2,17,train
sent_003519,"Thời gian giao hàng lâu quá, hàng có trầy xước, các bạn có thể nghe qua nhưng không phải, chắc mẫu máy của nó bị lỗi, mình đang dùng Oppo f11",2,negative,rating_2,31,train
sent_003520,Sóng sin truyền trên dây dọc theo chiều dương của trục Ox,3,neutral,rating_3,12,train
sent_003521,"Sản phẩm bạn đang đeo rất đau tai, do nhựa còn quá nhiều, bạn phải tự cắt tỉa",1,negative,rating_1,18,train
sent_003522,"Ok nhưng cửa hàng giao nhầm màu trừ 1 sao, chuột mình buồn nên trừ 2 sao, dnjskandnfjwkaj dkksnf kskebfjfjccsk",3,neutral,rating_3,20,train
sent_003523,Giá có thể rẻ hơn một chút,4,positive,rating_4,7,train
sent_003524,"Âm thanh của tai nghe hơi dài và nghe không được tốt lắm, nhưng với mức giá này, nó không tệ",2,negative,rating_2,21,test
sent_003525,Tai nghe tốt,3,neutral,rating_3,3,train
sent_003526,Chuyển hàng đúng giờ,3,neutral,rating_3,4,train
sent_003527,Chỉ dựa vào giá tiền thôi anh em ơi,3,neutral,rating_3,9,test
sent_003528,"Sinh con cũng lâu rồi, tai nghe còn hơi sai, nói xấu cũng không tốt chút nào",1,negative,rating_1,17,train
sent_003529,"Một bên to, một bên không hoạt động quá mạnh",1,negative,rating_1,10,train
sent_003530,Vì giá rẻ nên chất lượng hơi kém,3,neutral,rating_3,8,valid
sent_003531,Nghe không hay lắm,2,negative,rating_2,4,test
sent_003532,Không thích ảnh vì không có micro,2,negative,rating_2,7,train
sent_003533,Sản phẩm đã nhận,3,neutral,rating_3,4,train
sent_003534,"Vì nghe nói nhưng cửa hàng nhắn tin liên tục nhưng không thấy hồi âm, thời gian giao hàng lâu",2,negative,rating_2,20,valid
sent_003535,Bộ phận hỗ trợ mất quá nhiều thời gian để trả lời câu hỏi,1,negative,rating_1,14,train
sent_003536,Cắm tai nghe để sạc điện thoại,2,negative,rating_2,7,train
sent_003537,"Âm thanh tốt, cảm giác lỏng lẻo, biến mất khỏi một bên trong 1 tuần",1,negative,rating_1,15,valid
sent_003538,Dự án OK!,5,positive,rating_5,3,train
sent_003539,"Nghe bên k, tai nghe nói chung là tạm được",2,negative,rating_2,10,train
sent_003540,Thời gian giao hàng dài,2,negative,rating_2,5,valid
sent_003541,Chất lượng sản phẩm không tốt,2,negative,rating_2,6,train
sent_003542,ổn thỏa,3,neutral,rating_3,2,train
sent_003543,Nghe nhạc là tốt,3,neutral,rating_3,4,train
sent_003544,Bạn có phải trả tiền cho hàng kém chất lượng,2,negative,rating_2,10,test
sent_003545,Tai nghe ù tai khó nghe,1,negative,rating_1,6,train
sent_003546,K có tai nghe,2,negative,rating_2,4,train
sent_003547,"Sp tốt nhưng shop giao nhầm màu trừ 1 sao, con chuột của mình hny bị chết buồn nên trừ 2 sao, dnjskandnfjwkaj dkksnf kskebfjfjccsk",3,neutral,rating_3,25,train
sent_003548,Hàng tốt !!!,5,positive,rating_5,3,train
sent_003549,Chất lg tạm được nhưng mà rẻ nên tốt,3,neutral,rating_3,9,train
sent_003550,"tốt, nhưng chất lượng âm thanh hơi tệ, đeo đau tai",2,negative,rating_2,11,train
sent_003551,Dùng Khá là tốt lần sau sẽ mua Tiếp,4,positive,rating_4,9,train
sent_003552,"giao hàng sau tầm 1 tuần đặt như ghi trong mô tả, gói hàng tốt, cơ mà trừ vì chất lượng maybe phù hợp vs giá tiền thôi ==, nghe rất chán , xoay chân tai nghe thì nhạc cx cứ dừng vs tiếp, khó chịu",2,negative,rating_2,46,test
sent_003553,Lúc cắm tai nghe vào cứ coi YouTube là toàn bị bật google trong khi mình không bật rất khó chịu còn lại tốt hết,3,neutral,rating_3,25,valid
sent_003554,Hàng ở nước ngoài mà giao thiếu thì mình cũng chịu,1,negative,rating_1,11,train
sent_003555,Ảnh màu ga là sọc trắng nhưng lại giao cả ga và gối đen ghi,2,negative,rating_2,15,test
sent_003556,Áo đặt cho bé gái mà chọn màu xám,3,neutral,rating_3,9,train
sent_003557,Ăn nói lật lọng,1,negative,rating_1,4,test
sent_003558,"Bây giờ cái sai cỡ, mình để làm gì đây? Shop làm ơn khi soạn hàng thì căng mắt lên mà nhìn cho đúng",1,negative,rating_1,24,train
sent_003559,Bộ ga gối giá cũng rẻ không đáng bao nhiêu mà tìm người giải quyết đến mệt nên thôi,2,negative,rating_2,19,train
sent_003560,Các bạn lưu ý khi mua hàng giá rẻ nhé,3,neutral,rating_3,10,train
sent_003561,Chán ghê shop ơi,1,negative,rating_1,4,valid
sent_003562,chỉ bung tư lưa,1,negative,rating_1,4,train
sent_003563,Đã inbox lẫn sms nhưng ko ai trả lời,2,negative,rating_2,9,train
sent_003564,Đặt bộ ga ghi có hoạ tiết tam giác mà ra bộ ga đô rê mon mỏng mén,1,negative,rating_1,18,train
sent_003565,Đặt lần cho biết shop thế nào,3,neutral,rating_3,7,train
sent_003566,Đặt mẩu 7 giao mẩu 9,2,negative,rating_2,6,test
sent_003567,Đặt mẫu này giao mẫu khác,2,negative,rating_2,6,train
sent_003568,Đổi hàng thì khó khăn ko đổi đc hàng,2,negative,rating_2,9,valid
sent_003569,Đổi trả thì ko cho,2,negative,rating_2,5,test
sent_003570,Ga giường chất nhiều nilon nhưg phù hợp vs giá tiền bỏ ra,3,neutral,rating_3,13,train
sent_003571,"Ga may bị lỗi nhiều, đường may vải chỗ thừa chỗ thiếu, xấu",1,negative,rating_1,13,train
sent_003572,Gọi điện thì shop bảo bên em bán mấy nghìn bộ toàn thế,2,negative,rating_2,13,train
sent_003573,giá khá rẻ nên bạn cân nhắc,4,positive,rating_4,7,train
sent_003574,Giao hàng thì chậm,2,negative,rating_2,4,train
sent_003575,"Giao không đúng mẫu đặt, vải mỏng dính, rất tệ",1,negative,rating_1,10,train
sent_003576,hazzzzzzzzzzzzzzzzzzzzzzzzzzzzzzzzzzzzzzzzzzzz,3,neutral,rating_3,1,test
sent_003577,Hình ảnh kèm theo mã ko rõ ràng,2,negative,rating_2,8,train
sent_003578,Inbox hỏi mẫy shop ko rep,2,negative,rating_2,6,train
sent_003579,Kêu lựa dùm thì nt 1 ngày shop k tl,2,negative,rating_2,10,train
sent_003580,Khách Huỷ đơn không cho,2,negative,rating_2,5,valid
sent_003581,Không dám mua lần 2 và cũng sẽ dặn người nhà k mua ở đây,1,negative,rating_1,15,valid
sent_003582,"Làm mình bao ko vừa , bực mình quá đi",1,negative,rating_1,10,test
sent_003583,lỗi rất nhiều,1,negative,rating_1,3,train
sent_003584,"Luc thi giao sai mau, luc thi nhan hang tra lai cua khach nhung ỉm đi, vừa mất tiền hàng vừa mất tiền ship",1,negative,rating_1,24,valid
sent_003585,Màu không đúng như đặt hàng,2,negative,rating_2,6,train
sent_003586,Mình đã ngâm comfor nhưng cái shop giao nhầm cỡ mùi hôi vẫn nồng nặc,1,negative,rating_1,15,train
sent_003587,Mình đặt một màu giờ lại ship về một màu,2,negative,rating_2,10,test
sent_003588,Mình sẽ trả hàng,3,neutral,rating_3,4,test
sent_003589,Mn chú ý né nó ra hộ,1,negative,rating_1,7,train
sent_003590,Mn lưu ý chọn đúng màu và mẫu mình muốn,3,neutral,rating_3,10,train
sent_003591,Mng nên cân nhắc đi đặt,3,neutral,rating_3,6,valid
sent_003592,Mọi ng nên lưu ý khj mua hàng ở shop này,3,neutral,rating_3,11,test
sent_003593,mỏng bạc vải khá hỏm,1,negative,rating_1,5,train
sent_003594,"Nt k tra loi, chat luong san pham kem",1,negative,rating_1,9,train
sent_003595,Nhắn tin trao đổi thì nhắn bao nhiêu lần không ai trả lời,2,negative,rating_2,13,train
sent_003596,Nhận 2 bộ,3,neutral,rating_3,3,train
sent_003597,Nhận rồi không muốn dùng nữa!,1,negative,rating_1,6,train
sent_003598,"Nhưng bên trong ga có 1,6 thôi",3,neutral,rating_3,7,train
sent_003599,Phản ánh thì gửi cái clip chứng minh nhân viên đóng gói đủ,2,negative,rating_2,13,train
sent_003600,Phục vụ quá tệ,1,negative,rating_1,4,train
sent_003601,Rất tệ,1,negative,rating_1,2,train
sent_003602,Shop k thèm giao cho bên vận chuyển,2,negative,rating_2,8,test
sent_003603,Shop không trung thực ạ,2,negative,rating_2,5,train
sent_003604,Shop làm ăn như c*,1,negative,rating_1,5,train
sent_003605,Shop làm không uy tín thật đáng buồn,1,negative,rating_1,8,test
sent_003606,Shopee nên xem xét lại,3,neutral,rating_3,5,train
sent_003607,Sợ cái shop bán k có tâm,1,negative,rating_1,7,valid
sent_003608,Tiền nào của đay chứ cũng chả phải hàng giảm giá gì,3,neutral,rating_3,12,train
sent_003609,Tinh thần kjnh doanh rẻ rách,1,negative,rating_1,6,train
sent_003610,Thái độ ng bán thì như con luật,1,negative,rating_1,8,valid
sent_003611,Trong khi đặt từ 11/11 mà đến tận 19 mới đưa hàng cho bên vận chuyển,2,negative,rating_2,16,train
sent_003612,Vì mua với giá quá rẻ nên mình cũng ko có ý định bắt shop phải đổi cho mình,3,neutral,rating_3,19,train
sent_003613,🙂🙂🙂,3,neutral,rating_3,1,train
sent_003614,6*2m mà shop giao cái quái gì vậy??,1,negative,rating_1,8,train
sent_003615,Bán hàng giả,1,negative,rating_1,3,valid
sent_003616,Buôn gian bán lận,1,negative,rating_1,4,train
sent_003617,"Cạn lời, nt thì ko trả lời nệm 1m8,2m mà mặc vô như này mình bó tay haizzzz",1,negative,rating_1,18,train
sent_003618,Cũng bình thường 😂,3,neutral,rating_3,4,train
sent_003619,Chất lượng sản phẩm ko như mong đợi,2,negative,rating_2,8,train
sent_003620,Chất lượng sản phầm không như hình ảnh,2,negative,rating_2,8,train
sent_003621,Chất thì không biết dùng lâu như thế nào nhưng shop bán hàng k uy tín,2,negative,rating_2,16,train
sent_003622,Chất vải xấu giao ko đúng mẫu đặt thất vọng về shop,1,negative,rating_1,12,valid
sent_003623,Chọn 1 mẫu giao mẫu khác,2,negative,rating_2,6,train
sent_003624,Chọn mẫu này đưa mẫu khác,2,negative,rating_2,6,test
sent_003625,Chưa thấy hàng đâu mà đã thanh toán,2,negative,rating_2,8,train
sent_003626,Đặt 1 màu gửi về 1 kiểu,2,negative,rating_2,7,train
sent_003627,Đặt 16 miếng mà giao 15 miếng,2,negative,rating_2,7,test
sent_003628,Đặt 3 bộ,3,neutral,rating_3,3,train
sent_003629,Đặt m8 mà giao m6,2,negative,rating_2,5,valid
sent_003630,"Đây sẽ là lần đầu và lần cuối đến với shop, quá thất vọng",1,negative,rating_1,14,train
sent_003631,Đóng gói sơ sài chưa bóc đã bị rách,1,negative,rating_1,9,train
sent_003632,"Đường may lệch mí, rách, thật sự rất rất xấu",1,negative,rating_1,10,train
sent_003633,ga giường nhìn cũ dễ nhăn,2,negative,rating_2,6,train
sent_003634,"Ga giường quá thối, giặt cả nửa ký bột giặt vẫn thối :(( vứt luôn",1,negative,rating_1,15,train
sent_003635,"Giá tạm ổn, Lúc chưa nhận hàng thì shop rep nhiệt tình, tới lúc nhận hàng xong nhắn tin mấy lần cũng không thấy rep lại nữa, đặt m6 mà giao m8 thì sao mà dùng ạ",2,negative,rating_2,37,train
sent_003636,Giao hàng k đúng mẫu shop k có trach nhiệm đổi,2,negative,rating_2,11,train
sent_003637,Giao hàng không đúng đơn đặt m8 _2m nhưng giao m6_m8 đã ntin mà shop không trả lời,1,negative,rating_1,18,train
sent_003638,Giao hàng không đúng mẫu đã chọn,2,negative,rating_2,7,valid
sent_003639,Giao hàng không đúng với mẫu đặt?,2,negative,rating_2,7,train
sent_003640,Giao hàng sai,2,negative,rating_2,3,train
sent_003641,"Giao hàng sai mẫu, dịch vụ k tốt",1,negative,rating_1,8,train
sent_003642,Giao k đúng mẫu,2,negative,rating_2,4,valid
sent_003643,Giao không đúng mẩu,2,negative,rating_2,4,train
sent_003644,Giao nhầm mẫu,2,negative,rating_2,3,test
sent_003645,"Giao sai màu ,sai mẩu,sai size",1,negative,rating_1,6,train
sent_003646,Giao sai mẫu,2,negative,rating_2,3,train
sent_003647,Giao sai mẫu :)),1,negative,rating_1,4,train
sent_003648,Giao sao mẫu,2,negative,rating_2,3,train
sent_003649,Hàng đặt loại này giao loại khác,2,negative,rating_2,7,train
sent_003650,"Hàng giao k đúng màu, mua ruột gối thành vỏ gối",1,negative,rating_1,11,train
sent_003651,"Hàng k giống hình, ngoài màu nhạt hơn so với hình ảnh",1,negative,rating_1,12,train
sent_003652,hàng k như hình,2,negative,rating_2,4,train
sent_003653,"Hàng ko giống như quảng cáo, đường may thì quá xấu",1,negative,rating_1,11,train
sent_003654,Hàng không giống ảnh,2,negative,rating_2,4,train
sent_003655,"Hàng không như hình ảnh, chất lượng kém",1,negative,rating_1,8,train
sent_003656,Hoa văn và màu sắc ko giống như quảng cáo,1,negative,rating_1,10,train
sent_003657,K đúng kích thước đã mua,2,negative,rating_2,6,train
sent_003658,K hài lòng về cách bán hàng,2,negative,rating_2,7,train
sent_003659,K nên mua nv k tư vấn nhiet tình,2,negative,rating_2,9,train
sent_003660,kí nhận hàng 0đ của khách k giao khiếu nại gần 1 tháng mới đến giao hàng,1,negative,rating_1,17,train
sent_003661,"Không biết vải sao mà hôi quá, giặt tới 2 lần mà vẫn k hết hôi",1,negative,rating_1,16,train
sent_003662,"Không đúng với màu đã đặt,vải thô xấu,hzzz 😖😖😖😖😖😖😖😖😖😖😖😖😖😖😖😖😖😖",1,negative,rating_1,9,train
sent_003663,không giống hình,2,negative,rating_2,3,valid
sent_003664,Lần đầu cũng là lần cuối',1,negative,rating_1,6,train
sent_003665,Lêm j mà bẩn v shop có vết rơ,1,negative,rating_1,9,test
sent_003666,liên hệ shop shop k hỗ trợ,2,negative,rating_2,7,test
sent_003667,Màu bị lem và không có vỏ gối ôm,1,negative,rating_1,9,train
sent_003668,Mình có nhắn tin rieng cho shop để đổi mẫu sau khi đặt shop ko trả lời và tự ý giao mẫu mình ko thích shop có tôn trọng ng mua không?,1,negative,rating_1,32,train
sent_003669,Mình chưa nhận được hàng mà lại đề là giao hàng thành công là sao???,1,negative,rating_1,15,train
sent_003670,"Mình đã hủy đơn hàng mà shop vẫn giao, màu thì hơn mùa thu tỏa nắng",1,negative,rating_1,16,train
sent_003671,"Mình đặt 1 kiểu, ship cho mình 1 kiểu rồi giờ ib shop để giải quyết thì toàn tin nhắn auto thế này",1,negative,rating_1,23,test
sent_003672,"Mình đặt ga giường và gối cùng mẫu 27, đến lúc nhận được hàng thì màu ga và gối ko hề liên quan đến nhau",2,negative,rating_2,25,train
sent_003673,Mọi Người lưu ý khi mua ở shop,3,neutral,rating_3,8,train
sent_003674,Mua màu xám gửi màu xanh :)),1,negative,rating_1,7,train
sent_003675,nếu có mua đồ đừng dùng vnpost,2,negative,rating_2,7,train
sent_003676,"Nói chung ít tiền nên sp không ra sao, mỏng dính, chắc dùng vài lần là toang",1,negative,rating_1,17,train
sent_003677,Nói chung sản phẩm ko phù hợp giá tiền,2,negative,rating_2,9,train
sent_003678,"Ngoài bao bì để 1,8 x 2m",3,neutral,rating_3,7,train
sent_003679,"Như rẻ lau vậy,vỏ gối dc 1 ngày rách",1,negative,rating_1,9,train
sent_003680,Qá tệ,1,negative,rating_1,2,train
sent_003681,Qúa thất vọng,1,negative,rating_1,3,train
sent_003682,Quá chán quá thất vọng đặt mua 2 bộ 1m8*2m gửi 2 bộ 1m6 nt ko trả lời thiếu tôn trọng khách hàng,1,negative,rating_1,23,test
sent_003683,Quá mỏng,1,negative,rating_1,2,train
sent_003684,Rách,2,negative,rating_2,1,valid
sent_003685,Sai lầm khi lựa chọn tin tưởng shop,1,negative,rating_1,8,train
sent_003686,Sai mẫu,2,negative,rating_2,2,test
sent_003687,"sản phẩm bị lỗi nhiều,chất lượng kém,giao hàng nhanh",2,negative,rating_2,9,train
sent_003688,Sản phẩm có giá cả tiền ship là 80k n shipper lại thu 90k,2,negative,rating_2,14,valid
sent_003689,sản phẩm kinh quá,1,negative,rating_1,4,train
sent_003690,Sản phẩm quá chán,1,negative,rating_1,4,test
sent_003691,sản phẩm quá tệ,1,negative,rating_1,4,valid
sent_003692,Sản phẩm quá tệ mới giao hàng và bỏ lên giường thì đã thấy rách như thế này,1,negative,rating_1,18,valid
sent_003693,"Sản phẩm sai giao mẫu, đặt cái mẫu rõ đẹp rõ sang xong giao hàng về là 1 cái mẫu cho trẻ con, chú shipper và khá cọc cằn, nói chuyện qua điện thoại hay ship đến cũng nói chuyện rất khó chịu",1,negative,rating_1,43,train
sent_003694,Shop giao màu ko giống mìn đã đặt :((,1,negative,rating_1,9,train
sent_003695,"Shop giao sai mẫu, nhắn tin thì không trả lời mặc dù online 2p trước, nói chung là chán!",1,negative,rating_1,19,train
sent_003696,Shop k kiểm tra hàng trước khi giao cho khach,2,negative,rating_2,10,test
sent_003697,shop k ủy túy gì cả 👌,1,negative,rating_1,7,train
sent_003698,"Shop lam an khong uy tin, khong co trach nhiem",1,negative,rating_1,10,train
sent_003699,"Shop nhắn tin đổi hàng ko trả lời, gọi cũng ko nghe",1,negative,rating_1,12,train
sent_003700,"Sp có màu khong giống hình, màu quá tươi so với mẫu, k hợp ý mìnhhh",2,negative,rating_2,16,train
sent_003701,"Sp kém chất lượng, may ẩu",1,negative,rating_1,6,test
sent_003702,"Tiền nào của lấy, chất lượng như cái giá của sản phẩm!",3,neutral,rating_3,12,test
sent_003703,Thái độ phục vụ của shop quá chán,1,negative,rating_1,8,train
sent_003704,"Thái độ phục vụ như cứt họ, sản phẩm may thì bung chỉ tùm lum nt đéo trả lời",1,negative,rating_1,19,train
sent_003705,THIẾU HÀNG !!!,1,negative,rating_1,3,train
sent_003706,"Treo đầu dê bán thịt chó, mua đc sale lỗi viền nhẹ thì cũng k chê trách gì, nhưng đặt 1m2 thì giao 1m k vừa nổi đệm, hnay mới lôi ra để lồng vào ga đc",1,negative,rating_1,37,train
sent_003707,"Treo đầu dê bán thịt chó, yêu cầu trả hàng vì không giao đúng mẫu thì lại ghi là k hoàn tiền do giao đúng mẫu rồi",1,negative,rating_1,27,train
sent_003708,"Treo đầu dê bán thịt chó,chọn 1 màu giao màu khác",1,negative,rating_1,11,valid
sent_003709,"Trong hình bảo là có drap khi giao ko thấy đâu ,đường may xấu thất vọng quá",1,negative,rating_1,17,train
sent_003710,"Vải xấu, bo chun ngắn dễ tuột, giao hàng lâu, shop giao sai mã liên hệ lại không trả lời 🙄",1,negative,rating_1,21,test
sent_003711,Vỏ gối bị lỗi,2,negative,rating_2,4,train
sent_003712,"Vỏ gối và nệm kg đồng màu, nhắn bên người bán nhờ kiểm tra thì 3 ngày rồi kg có phản hồi :((",1,negative,rating_1,23,train
sent_003713,vừa nhận duoc hàng da bi rách,2,negative,rating_2,7,train
sent_003714,Xem lại cách làm ăn,1,negative,rating_1,5,train
sent_003715,"Ảnh màu ga là sọc trắng, nhưng có ga và gối màu đen",2,negative,rating_2,13,train
sent_003716,Bộ áo dài cho bé gái chọn màu xám,3,neutral,rating_3,9,train
sent_003717,Nói chuyện phù phiếm,1,negative,rating_1,4,valid
sent_003718,Tôi nên làm gì nếu kích thước sai bây giờ? Các shop khi mua hàng vui lòng để mắt và nhìn đúng,1,negative,rating_1,22,valid
sent_003719,"Chăn ga gối đệm giá rẻ không đáng bao nhiêu, nhưng tìm người giải quyết vấn đề này thì quả là mệt mỏi",2,negative,rating_2,23,valid
sent_003720,Hãy chú ý khi mua hàng giá rẻ,3,neutral,rating_3,8,train
sent_003721,Tôi chán với cửa hàng này,1,negative,rating_1,6,valid
sent_003722,ngây ngất,1,negative,rating_1,2,test
sent_003723,"Hộp thư đến và SMS, nhưng không ai trả lời",2,negative,rating_2,10,train
sent_003724,"Đặt bộ khí có hình tam giác để sản xuất bộ khí đạo niệu đạo mỏng, mỏng",1,negative,rating_1,17,train
sent_003725,Đặt thời gian và tìm hiểu về cửa hàng,3,neutral,rating_3,9,train
sent_003726,Đặt mẫu 7 để vận chuyển mẫu 9,2,negative,rating_2,8,train
sent_003727,Đặt mẫu này để phân phối mẫu khác,2,negative,rating_2,8,train
sent_003728,Khó trao đổi,2,negative,rating_2,3,train
sent_003729,"Đổi lại, không phải cho",2,negative,rating_2,5,train
sent_003730,"Có rất nhiều nhựa trên các tấm, rất đáng đồng tiền",3,neutral,rating_3,11,train
sent_003731,"Còn nhiều lỗi về trạm may, thiếu đường may, xấu",1,negative,rating_1,10,train
sent_003732,Tôi gọi và cửa hàng bảo tôi bán hết hàng nghìn,2,negative,rating_2,11,valid
sent_003733,Giá khá rẻ nên các bạn cân nhắc,4,positive,rating_4,8,test
sent_003734,"Giao hàng không đúng cách, vải dính, rất kém",1,negative,rating_1,9,valid
sent_003735,hazzzzzzzzzzzzzzzzzzzzzzzzzzzzzzzzzzzzzzzzzzzzzz,3,neutral,rating_3,1,train
sent_003736,Hình ảnh có mã không rõ ràng,2,negative,rating_2,7,valid
sent_003737,Hộp thư đến hỏi cửa hàng chưa phản hồi,2,negative,rating_2,9,test
sent_003738,"Nếu bạn muốn chọn, cửa hàng không có 1 ngày",2,negative,rating_2,10,train
sent_003739,Khách đã bị hủy,2,negative,rating_2,4,test
sent_003740,"Mình không dám mua lần thứ 2, mong nhà mình khuyên không nên mua ở đây",1,negative,rating_1,16,train
sent_003741,"Làm cho tôi khó chịu, rất khó chịu",1,negative,rating_1,8,test
sent_003742,Nhiêu lôi lâm,1,negative,rating_1,3,test
sent_003743,"Thi cung sai giờ, tức là lúc nhận hàng để khách kiểm hàng mà mất tiền, vừa mất tiền vừa vận chuyển",1,negative,rating_1,22,train
sent_003744,Màu sắc không phù hợp với đơn đặt hàng,2,negative,rating_2,9,train
sent_003745,Em đã ngâm đồ thoải mái nhưng size do cửa hàng giao không đúng size và mùi còn nồng,1,negative,rating_1,19,train
sent_003746,Tôi đã đặt một màu và bây giờ tôi gửi lại một màu khác,2,negative,rating_2,14,train
sent_003747,tôi sẽ trở lại,3,neutral,rating_3,4,train
sent_003748,Mn nên tránh,1,negative,rating_1,3,train
sent_003749,Nhớ chọn màu và họa tiết phù hợp,3,neutral,rating_3,8,train
sent_003750,Mng nên cân nhắc đặt hàng,3,neutral,rating_3,6,test
sent_003751,Mọi người nên chú ý khi mua hàng ở cửa hàng này,3,neutral,rating_3,12,train
sent_003752,Vải mỏng màu bạc rất cứng đầu,1,negative,rating_1,7,train
sent_003753,"Không có câu trả lời, chất lượng của kem chat",1,negative,rating_1,10,train
sent_003754,"Trao đổi SMS, bao nhiêu lần không ai trả lời",2,negative,rating_2,10,train
sent_003755,2 bộ miễn phí,3,neutral,rating_3,4,train
sent_003756,Tôi đã nhận được nó và không muốn sử dụng nó nữa!,1,negative,rating_1,12,train
sent_003757,"Nhưng chỉ có 1,6 trong nhà ga",3,neutral,rating_3,7,train
sent_003758,Phản ánh và gửi clip chứng minh nhân viên đã thu dọn hành lý,2,negative,rating_2,14,test
sent_003759,Dịch vụ kém,1,negative,rating_1,3,train
sent_003760,Cửa hàng không muốn giao cho người vận chuyển,2,negative,rating_2,9,train
sent_003761,Mua sắm không trung thực,2,negative,rating_2,5,train
sent_003762,Cửa hàng tiến hành hoạt động kinh doanh như c *,1,negative,rating_1,11,test
sent_003763,Cửa hàng làm cho uy tín không phải lo lắng,1,negative,rating_1,10,train
sent_003764,Sợ rằng cửa hàng không muốn bán,1,negative,rating_1,7,train
sent_003765,Tiền nào của đay không phải là hàng giảm giá,3,neutral,rating_3,10,test
sent_003766,Tinh thần kinh doanh rẻ mạt bị xé nát,1,negative,rating_1,9,train
sent_003767,Thái độ bán hàng như luật,1,negative,rating_1,6,valid
sent_003768,Đi đâu nếu bạn thích chó,1,negative,rating_1,6,train
sent_003769,Bắt đầu đặt hàng từ ngày 11/11 nhưng đến ngày 19 mới giao hàng cho người vận chuyển,2,negative,rating_2,18,train
sent_003770,Vì mình mua với giá rẻ nên không có ý định ép cửa hàng thay cho mình,3,neutral,rating_3,17,train
sent_003771,"6 * 2m, chính xác thì cửa hàng cung cấp những gì?",1,negative,rating_1,12,train
sent_003772,Gian lận buôn bán,1,negative,rating_1,4,test
sent_003773,"Nói lảm nhảm nt thì k trả lời nệm 1m8,2m mà mặc thế này thì bó tay",1,negative,rating_1,17,test
sent_003774,Nó bình thường,3,neutral,rating_3,3,test
sent_003775,Chất lượng sản phẩm không đạt như mong đợi,2,negative,rating_2,9,test
sent_003776,Chất lượng sản phẩm không được hiển thị,2,negative,rating_2,8,train
sent_003777,"Chất lượng thì không biết dùng được bao lâu, nhưng cửa hàng bán đồ uy tín",2,negative,rating_2,16,train
sent_003778,Vải kém chất lượng gửi nhầm mẫu đang thất vọng ở cửa hàng,1,negative,rating_1,13,test
sent_003779,Chọn một mẫu gửi mẫu khác,2,negative,rating_2,6,train
sent_003780,Chọn một mẫu cho cái khác,2,negative,rating_2,6,valid
sent_003781,Chưa thấy thanh toán,2,negative,rating_2,4,train
sent_003782,Đặt 1 màu và trả về 1 kiểu,2,negative,rating_2,8,train
sent_003783,Đặt 16 cái và giao 15 cái,2,negative,rating_2,7,train
sent_003784,3 bộ,3,neutral,rating_3,2,train
sent_003785,Giao m8 đến m6,2,negative,rating_2,4,train
sent_003786,"Đây sẽ là lần đầu tiên và cũng là lần cuối cùng đến cửa hàng này, thật thất vọng",1,negative,rating_1,19,test
sent_003787,Bao bì thô chưa mở đã bị rách,1,negative,rating_1,8,test
sent_003788,"Đường nối mí mắt, rách, thực sự xấu",1,negative,rating_1,8,train
sent_003789,Khăn trải giường cũ rất dễ bị nhăn,2,negative,rating_2,8,train
sent_003790,"Khăn trải giường xấu quá, nửa kg bột giặt vẫn dở: ((bỏ đi",1,negative,rating_1,13,train
sent_003791,Giá tốt,2,negative,rating_2,2,train
sent_003792,Shop giao không đúng mẫu mã sẽ không chịu trách nhiệm đổi trả,2,negative,rating_2,13,train
sent_003793,Giao hàng không đúng đơn hàng m8 _2m mà m6_m8 giao hàng có ntin mà cửa hàng ko trả lời,1,negative,rating_1,20,train
sent_003794,Giao hàng không có trên mô hình đã chọn,2,negative,rating_2,9,test
sent_003795,Giao hàng không đúng mẫu đơn đặt hàng?,2,negative,rating_2,8,train
sent_003796,Lỗi giao hàng,2,negative,rating_2,3,train
sent_003797,"Lỗi giao hàng mẫu, dịch vụ tốt",1,negative,rating_1,7,train
sent_003798,Cung cấp mẫu K chính xác,2,negative,rating_2,6,valid
sent_003799,Gửi đúng mẫu,2,negative,rating_2,3,train
sent_003800,Giao hàng không đúng,2,negative,rating_2,4,train
sent_003801,Lỗi phân phối mô hình,2,negative,rating_2,5,train
sent_003802,"Sai màu, sai phần, sai kích thước",1,negative,rating_1,7,train
sent_003803,Lỗi giao hàng mẫu,2,negative,rating_2,4,train
sent_003804,Lỗi giao hàng mẫu :)),1,negative,rating_1,5,train
sent_003805,Phân phối mẫu,2,negative,rating_2,3,train
sent_003806,Đặt hàng từ loại này sang loại khác,2,negative,rating_2,8,valid
sent_003807,"Giao hàng k đúng màu, mua lõi gối trong vỏ gối",1,negative,rating_1,11,train
sent_003808,"Dòng k giống hình, chỉ khác là màu nhạt hơn hình",1,negative,rating_1,11,train
sent_003809,"Như trong hình, hàng k",2,negative,rating_2,5,train
sent_003810,Dự án k được thể hiện trong hình,2,negative,rating_2,8,train
sent_003811,"Hàng không như quảng cáo, đường may quá xấu",1,negative,rating_1,9,train
sent_003812,Dự án không giống như ảnh,2,negative,rating_2,6,train
sent_003813,"Hàng không đẹp như tranh vẽ, chất lượng kém",1,negative,rating_1,9,train
sent_003814,Hoa văn và màu sắc khác với nội dung quảng cáo,1,negative,rating_1,11,test
sent_003815,K đúng size đã mua,2,negative,rating_2,5,valid
sent_003816,K hài lòng với phương thức bán hàng,2,negative,rating_2,8,train
sent_003817,K nên mua lời khuyên tình yêu của nv K,2,negative,rating_2,10,train
sent_003818,"Đã kí gửi khách k phàn nàn giao hàng 0đ, gần 1 tháng mới giao hàng",1,negative,rating_1,16,valid
sent_003819,"Không hiểu sao vải xấu quá, phải giặt 2 lần mà vẫn không khỏi",1,negative,rating_1,14,train
sent_003820,"Bộ màu không hợp, chất vải thô ráp, xù xì",1,negative,rating_1,10,valid
sent_003821,Không thích hình ảnh,2,negative,rating_2,4,test
sent_003822,Lần đầu tiên và lần cuối cùng,1,negative,rating_1,7,train
sent_003823,"Yej ở bẩn, có dấu vết trong tiệm",1,negative,rating_1,8,train
sent_003824,Liên hệ cửa hàng cửa hàng k hỗ trợ,2,negative,rating_2,9,train
sent_003825,"Màu nhuộm, không có áo gối",1,negative,rating_1,6,train
sent_003826,"Sau khi mình đặt hàng cửa hàng có nhắn tin yêu cầu cửa hàng đổi mẫu, không trả lời và tự ý cung cấp mẫu, có phải như vậy mình không thích cửa hàng tôn trọng người mua hàng?",1,negative,rating_1,39,train
sent_003827,"Tôi chưa nhận được hàng, nhưng vấn đề là giao hàng có thành công không? ? ?",1,negative,rating_1,17,train
sent_003828,"Mình đã hủy đơn hàng nhưng cửa hàng vẫn giao hàng, màu đẹp hơn nắng mùa thu",1,negative,rating_1,17,train
sent_003829,Tôi đã đặt hàng một cái và gửi nó cho tôi,1,negative,rating_1,11,train
sent_003830,Mình đặt chăn ga gối đệm mẫu 27,2,negative,rating_2,8,train
sent_003831,Quý khách lưu ý khi mua hàng tại cửa hàng,3,neutral,rating_3,10,train
sent_003832,Mua màu xám và nhận màu xanh :)),1,negative,rating_1,8,valid
sent_003833,"Nếu bạn mua một cái gì đó, xin vui lòng không sử dụng vnpost",2,negative,rating_2,14,test
sent_003834,"Nói chung hầu như không có tiền nên sản phẩm không có vẻ loãng và nhớt, có thể dùng vài lần",1,negative,rating_1,21,valid
sent_003835,"Nói chung, sản phẩm không phù hợp với mức giá này",2,negative,rating_2,11,train
sent_003836,"Bao bì bên ngoài là 1,8 x 2m",3,neutral,rating_3,8,train
sent_003837,"Rẻ như giẻ lau, áo gối có ngày rách",1,negative,rating_1,9,train
sent_003838,"Chán quá, thất vọng quá, không đặt được 2 bộ 1m8 * 2m và gửi 2 bộ 1m6 nt không trả lời khách không tôn trọng",1,negative,rating_1,26,valid
sent_003839,Quá gầy,1,negative,rating_1,2,train
sent_003840,Nước mắt,2,negative,rating_2,2,train
sent_003841,Lỗi khi chọn cửa hàng tin cậy,1,negative,rating_1,7,train
sent_003842,Lỗi chế độ,2,negative,rating_2,3,test
sent_003843,"Nhiều sản phẩm lỗi, kém chất lượng, giao hàng nhanh chóng",2,negative,rating_2,11,train
sent_003844,"Giá vận chuyển của sản phẩm này là 80k n shipper, và 90k có thể được tính",2,negative,rating_2,17,train
sent_003845,Sản phẩm quá nhàm chán,1,negative,rating_1,5,train
sent_003846,"Sản phẩm quá tệ, vừa giao vừa đặt giường đã rách như thế này",1,negative,rating_1,14,test
sent_003847,"Giao mẫu không đúng sản phẩm, đặt mẫu rõ ràng, đẹp mắt",1,negative,rating_1,12,train
sent_003848,Tiệm in màu khác với bộ đồ của tôi: ((,1,negative,rating_1,10,train
sent_003849,Cửa hàng đã gửi nhầm mẫu đơn và không có tin nhắn trả lời dù chỉ 2 phút trước khi nó trực tuyến,1,negative,rating_1,23,train
sent_003850,Cửa hàng không kiểm tra hàng hóa trước khi giao hàng cho khách,2,negative,rating_2,13,train
sent_003851,Không có cửa hàng ủy quyền nào cả 👌,1,negative,rating_1,9,valid
sent_003852,Quán không có tiếng và không có nhiều đồ ăn,1,negative,rating_1,10,train
sent_003853,"Cửa hàng trao đổi tin nhắn không trả lời, gọi điện không nghe máy",1,negative,rating_1,14,valid
sent_003854,"Màu không phù hợp với hình, màu quá sáng so với mẫu, không phù hợp với mình",2,negative,rating_2,17,train
sent_003855,"Sp kém chất lượng, ẩu",1,negative,rating_1,5,train
sent_003856,"Tiền nào của nấy, chất lượng là giá của sản phẩm!",3,neutral,rating_3,11,train
sent_003857,Thái độ phục vụ của quán chán quá,1,negative,rating_1,8,train
sent_003858,"Thái độ phục vụ như cứt, nếu hàng quần áo lộn xộn thì mình không trả lời",1,negative,rating_1,17,train
sent_003859,hết hàng! ! !,1,negative,rating_1,4,test
sent_003860,"Treo đầu dê bán thịt chó, mua bán giá hơi góc cạnh thì khỏi chê, còn đặt 1m2 thì ra 1mk thôi, nổi nệm hoặc kéo ra nhét vào đổ xăng",1,negative,rating_1,31,train
sent_003861,"Treo đầu dê bán thịt chó, nếu đổi trả do không cung cấp đúng mẫu sẽ ghi là giao đúng k hoàn tiền",1,negative,rating_1,23,valid
sent_003862,"Treo đầu dê bán thịt chó, chọn màu khác",1,negative,rating_1,9,train
sent_003863,"Khi ảnh nói có giấy sẽ không xuất xưởng, đường may xấu thật thất vọng",1,negative,rating_1,15,train
sent_003864,"Vải kém, co giãn kém, dễ tuột, thời gian giao hàng lâu, sai thông tin liên hệ cửa hàng, không ai trả lời",1,negative,rating_1,23,train
sent_003865,Áo gối xấu,2,negative,rating_2,3,train
sent_003866,"Màu ga gối nệm giống nhau theo kg vui lòng nhắn tin cho người bán kiểm tra, kg sẽ trả lời sau 3 ngày: ((",1,negative,rating_1,25,valid
sent_003867,Vừa nhận được đồ dùng bida cũ nát,2,negative,rating_2,8,valid
sent_003868,Xem lại cách kinh doanh,1,negative,rating_1,5,test
sent_003869,"Không đúng với màu đã mua,vải thô xấu,hzzz 😖😖😖😖😖😖😖😖😖😖😖😖😖😖😖😖😖😖",1,negative,rating_1,9,train
sent_003870,Mình có nhắn tin rieng cho shop để đổi mẫu sau khi mua shop ko trả lời và tự ý giao mẫu mình ko thích shop có tôn trọng ng mua không?,1,negative,rating_1,32,train
sent_003871,"Mình mua 1 kiểu, ship cho mình 1 kiểu rồi giờ ib shop để giải quyết thì toàn tin nhắn auto thế này",1,negative,rating_1,23,train
sent_003872,"Mình mua ga giường và gối cùng mẫu 27, đến lúc nhận được hàng thì màu ga và gối ko hề liên quan đến nhau",2,negative,rating_2,25,test
sent_003873,Quá chán quá thất vọng mua mua 2 bộ 1m8*2m gửi 2 bộ 1m6 nt ko trả lời thiếu tôn trọng khách hàng,1,negative,rating_1,23,valid
sent_003874,"Sản phẩm sai giao mẫu, mua cái mẫu rõ đẹp rõ sang xong giao hàng về là 1 cái mẫu cho trẻ con, chú shipper và khá cọc cằn, nói chuyện qua điện thoại hay ship đến cũng nói chuyện rất khó chịu",1,negative,rating_1,43,test
sent_003875,Shop giao màu ko giống mìn đã mua :((,1,negative,rating_1,9,train
sent_003876,"Treo đầu dê bán thịt chó, mua đc sale lỗi viền nhẹ thì cũng k chê trách gì, nhưng mua 1m2 thì giao 1m k vừa nổi đệm, hnay mới lôi ra để lồng vào ga đc",1,negative,rating_1,37,train
sent_003877,"mua bộ khí có hình tam giác để sản xuất bộ khí đạo niệu đạo mỏng, mỏng",1,negative,rating_1,17,train
sent_003878,mua thời gian và tìm hiểu về cửa hàng,3,neutral,rating_3,9,train
sent_003879,mua mẫu 7 để vận chuyển mẫu 9,2,negative,rating_2,8,test
sent_003880,mua mẫu này để phân phối mẫu khác,2,negative,rating_2,8,train
sent_003881,Màu sắc không phù hợp với đơn mua hàng,2,negative,rating_2,9,train
sent_003882,Tôi đã mua một màu và bây giờ tôi gửi lại một màu khác,2,negative,rating_2,14,train
sent_003883,Mng nên cân nhắc mua hàng,3,neutral,rating_3,6,train
sent_003884,Bắt đầu mua hàng từ ngày 11/11 nhưng đến ngày 19 mới giao hàng cho người vận chuyển,2,negative,rating_2,18,train
sent_003885,mua 1 màu và trả về 1 kiểu,2,negative,rating_2,8,valid
sent_003886,mua 16 cái và giao 15 cái,2,negative,rating_2,7,train
sent_003887,Giao hàng không đúng mẫu đơn mua hàng?,2,negative,rating_2,8,train
sent_003888,mua hàng từ loại này sang loại khác,2,negative,rating_2,8,train
sent_003889,"Sau khi mình mua hàng cửa hàng có nhắn tin yêu cầu cửa hàng đổi mẫu, không trả lời và tự ý cung cấp mẫu, có phải như vậy mình không thích cửa hàng tôn trọng người mua hàng?",1,negative,rating_1,39,train
sent_003890,Tôi đã mua hàng một cái và gửi nó cho tôi,1,negative,rating_1,11,train
sent_003891,Mình mua chăn ga gối đệm mẫu 27,2,negative,rating_2,8,train
sent_003892,"Chán quá, thất vọng quá, không mua được 2 bộ 1m8 * 2m và gửi 2 bộ 1m6 nt không trả lời khách không tôn trọng",1,negative,rating_1,26,train
sent_003893,"Sản phẩm quá tệ, vừa giao vừa mua giường đã rách như thế này",1,negative,rating_1,14,train
sent_003894,"Giao mẫu không đúng sản phẩm, mua mẫu rõ ràng, đẹp mắt",1,negative,rating_1,12,train
sent_003895,"Treo đầu dê bán thịt chó, mua bán giá hơi góc cạnh thì khỏi chê, còn mua 1m2 thì ra 1mk thôi, nổi nệm hoặc kéo ra nhét vào đổ xăng",1,negative,rating_1,31,train
sent_003896,Giao hàng không đúng đơn mua m8 _2m nhưng giao m6_m8 đã ntin mà shop không trả lời,1,negative,rating_1,18,train
sent_003897,Giao hàng không đúng với mẫu mua?,2,negative,rating_2,7,test
sent_003898,Hơi khó khi lồng vào đệm,2,negative,rating_2,6,train
sent_003899,oki,3,neutral,rating_3,1,train
sent_003900,Shop làm việc tốt,4,positive,rating_4,4,test
sent_003901,"Canh sale gia re ak, ma meo hieu sao ga giuong hoi vai dai luon ak moi nguoi, chan cha buon noi, dem di tay roi ngam nc xa phoi nang cac the loai",1,negative,rating_1,34,train
sent_003902,Này giống hàng bị lỗi hay sao đó,2,negative,rating_2,8,train
sent_003903,Vỏ gối bị bẩn,2,negative,rating_2,4,train
sent_003904,Dễ thương lắm nhưng hơi nhiều chỉ thừa,4,positive,rating_4,8,valid
sent_003905,"Đã nhận được hàng rồi, giao hàng nhanh chóng, k dc ưng cho lăm nak",3,neutral,rating_3,15,test
sent_003906,3* vi nt ko them rep! zzzzzzzzzzzzzzzzzzzZzzZZZZZZZZZZZZZZ,2,negative,rating_2,7,train
sent_003907,"Đã nhận được hàng, sản phẩm như hình",3,neutral,rating_3,8,train
sent_003908,Săn được bộ khác giá 21k chất đẹp hơn bộ của shop,3,neutral,rating_3,12,train
sent_003909,Đặt m8 2m nhưng bị ngắn 1 cái vỏ gối bị tung khoá,1,negative,rating_1,13,train
sent_003910,"Giao hàng nhanh, chất lượng bình thường, đường may sơ sài, mua 5 cái quần thì shop gửi 1 cái bị ố vàng, lần sau shop nên chú ý kiểm tra trước khi giao hàng cho khách",2,negative,rating_2,37,train
sent_003911,Chất lượng phù hợp với giá tiền mua hàng,3,neutral,rating_3,9,train
sent_003912,Dùng 1 lần đã rách ngang rồi,2,negative,rating_2,7,train
sent_003913,"Tuy vài khá dày dặn, nhưng không được mềm cho lắm",3,neutral,rating_3,11,train
sent_003914,Giao hàng quá muộn,1,negative,rating_1,4,train
sent_003915,Chất vải mỏng phù hợp vs giá tiền,3,neutral,rating_3,8,train
sent_003916,"Mình cho 3 sao thôi vì mẫu27 ko giống hình cho lắm, giống màu vàng thôi còn hoạ tiết và màu hoa ko được như hình",2,negative,rating_2,26,train
sent_003917,Tiền nào của nấy,3,neutral,rating_3,4,train
sent_003918,Ko biết hết mẫu 10 hay ntn mà shop giao mẫu khác cho m mà ko hỏi trước,3,neutral,rating_3,18,test
sent_003919,"Giao hành nhanh, đúng mẫu, đúng loại,hình đẹp",4,positive,rating_4,8,train
sent_003920,"Tiền nào của ấy, chất ko mềm lắm, hơi mùi",2,negative,rating_2,10,train
sent_003921,"Vải mỏng, giặt nước thứ 2 bị tưa vải ngay đường may",1,negative,rating_1,12,train
sent_003922,Giao đầy đủ hàng và lần này giao khá nhanh,4,positive,rating_4,10,test
sent_003923,Mỏng,3,neutral,rating_3,1,test
sent_003924,"Dây kéo dễ bị bung,sản phẩm tạm được",2,negative,rating_2,8,train
sent_003925,"Đặt mẫu 1,8m x2m mà gắn vào đêm 1,8m *2m ko vừa ga thì rất hôi hàng đúng màu nhưng chỉ làm được dẻ lau rồi",1,negative,rating_1,26,test
sent_003926,"Vải dỏm, đường chỉ may bao gối tệ, ko có bao cho gối ôm, mua giảm giá thì thôi củng chẳng trách",2,negative,rating_2,22,train
sent_003927,"Sản phẩm phù hợp với giá tiền, tuy nhiên shop hết hàng tự ý đổi mẫu của mình mà không báo trước (shop có bảo là gọi điện thoại cho mình mà không liên lạc được, nhưng mà vẫn có thể nhắn tin qua shopee cho mình mà?) nên mình chỉ cho 3 sao thôi! Shop rút kinh nghiệm nhé",2,negative,rating_2,60,train
sent_003928,Ga chưa đúng kích thước lắm,2,negative,rating_2,6,train
sent_003929,"Giao 2 vỏ gối mà 1 cái to,cái nhỏ",2,negative,rating_2,9,valid
sent_003930,"Đường chỉ thô, vải mỏng",1,negative,rating_1,5,train
sent_003931,Bạn ơi mấy mẫu khác mình đặt đúng màu mà sao mẫu 8 bạn gửi không đúng như ảnh vậy,2,negative,rating_2,20,train
sent_003932,Tiền nào của đấy nha mọi người!!,3,neutral,rating_3,7,train
sent_003933,Khá ưng chất và màu ga nhưng shop gửi sai khích thước mình đặt 1m8 mà shop gửi 1m6,4,positive,rating_4,19,train
sent_003934,Đắt hơn 20k mặc dù chất y hệt thế so với bộ mình mua ở 1 shop khác :)) và các mẫu cũng ít lựa chọn hơn nữa nếu k muốn nói toàn mẫu xấu,1,negative,rating_1,35,test
sent_003935,"K đọc kỹ nên tươbgr có cả vỏ chăn, hơi buồn :((( tưởng màu xám cuối cùng lại nhiều xanh dương hơn, không buêts shop có bán thêm vỏ chăn như này k? Sau khi sử dụng thì thấy 1 vỏ gối bị hỏng khóa",2,negative,rating_2,45,train
sent_003936,"Chất vải như nilong, thấm hút nước kém -》 bí, mua sale 22k thì vải vậy thôi chứ mua đúng giá thì",1,negative,rating_1,22,valid
sent_003937,"Mình đặt lần 2, lần thứ nhất rất vừa vận",4,positive,rating_4,10,train
sent_003938,Giao ko đúng màu,2,negative,rating_2,4,train
sent_003939,Vải nóng huhu,2,negative,rating_2,3,train
sent_003940,K đúng với hình ảnh mình đã chọn,2,negative,rating_2,8,train
sent_003941,Vỏ áo gối bị rách ạ,2,negative,rating_2,6,train
sent_003942,"Đúng nghĩa tiền nào của đó, mỏng tanh, hình và nhận đc khá nhau hoàn toàn nha mấy má, ham rẻ thì chịu giống mình, hình loại 1 nhận loại 10 , nảy giặt 1 nước bay hết màu, haizzz",1,negative,rating_1,40,train
sent_003943,Gét nhất là giáo hàng k đúng chủng loại màu,1,negative,rating_1,10,valid
sent_003944,Gửi nhầm tận 3 bộ m6 luôn,1,negative,rating_1,7,train
sent_003945,Ga giường đường may bị lỗi,2,negative,rating_2,6,train
sent_003946,Chất vải ko mềm mịn và nằm rất nóng,1,negative,rating_1,9,train
sent_003947,Ga giống ảnh chất lượng khá ok tuy nhiên nặng mùi giặt nhiều lần mới hết được,3,neutral,rating_3,17,train
sent_003948,Mình đặt 1 màu lại giao cho mình màu khác,2,negative,rating_2,10,valid
sent_003949,Chất lượng phù hợp với giá tiền,3,neutral,rating_3,7,train
sent_003950,Hàng đóng gói đẹp nhưng giao hơi lâu,3,neutral,rating_3,8,train
sent_003951,tiền nào của nấy ah,3,neutral,rating_3,5,train
sent_003952,hơi mỏng,2,negative,rating_2,2,valid
sent_003953,Chưa hài lòng lắm vì giao hàng k đúng mẫu,2,negative,rating_2,10,train
sent_003954,"Đặt mẫu số 4 trong hình thì phần trên màu xám nhưng lại giao màu xanh, còn chỉ thì cắt ko gọn gàng nhìn rất thô ,biết là tiền nào của đó nhưng shop hãy cẩn thận hơn",1,negative,rating_1,38,train
sent_003955,Chất lượng sản phẩm ổn vừa với giá tiền nhưng giao hàng hơi lâu và vải bị dóc chỉ sau 1 lần giặt,2,negative,rating_2,23,train
sent_003956,"Bộ màu vàng, ga 1 màu vàng nhạt gối màu vàng đậm, nhìn lạc quẻ lắm ạ",1,negative,rating_1,17,train
sent_003957,Hàng ok nhưng shop không trả lời tin nhắn của khách hàng,3,neutral,rating_3,12,train
sent_003958,Vì mua giá rẻ nên không hy vọng gì nhiều,3,neutral,rating_3,10,train
sent_003959,Hàng ko giống như lần trc đặt,3,neutral,rating_3,7,train
sent_003960,"Sản phẩm tạm được, shop giao sai hàng so với order",2,negative,rating_2,11,valid
sent_003961,Giao hàng nhanh sản phẩm ngon shop phục vụ rất tốt khuyến mãi nhiều,5,positive,rating_5,14,train
sent_003962,Sản phẩm có mùi rất nặng,1,negative,rating_1,6,train
sent_003963,"Vải hơi thô, k mềm",2,negative,rating_2,5,valid
sent_003964,Không đúng mẫu,2,negative,rating_2,3,test
sent_003965,"Hàng ổn, chất hơi cứng",2,negative,rating_2,5,train
sent_003966,Màu không giống hình lắm,3,neutral,rating_3,5,valid
sent_003967,Hủy hàng rồi mà vẫn giao,1,negative,rating_1,6,train
sent_003968,"Chất vải mỏng quá, Nhưng so với giá khuyến mãi thì tạm chấp nhận được",2,negative,rating_2,15,train
sent_003969,"Hàng chất liệu kém, nhanh rách, đường may ẩu",1,negative,rating_1,9,train
sent_003970,Shop giao sai mẫu,2,negative,rating_2,4,valid
sent_003971,Giao ko đúng mẫu đã chọn,2,negative,rating_2,6,train
sent_003972,Ga Mỏng K dám giặt máy sợ rách huhu,2,negative,rating_2,9,train
sent_003973,Chất liệu không đẹp,2,negative,rating_2,4,train
sent_003974,Giao hàng k đúng mẫu,2,negative,rating_2,5,train
sent_003975,"Hàng như giá, chất lượng bình thường",3,neutral,rating_3,7,train
sent_003976,Chất lượng sp kém,2,negative,rating_2,4,train
sent_003977,Đóng gói kỹ giao hàng nhanh chóng nhưng chất liệu không làm cotton nên rất nóng,3,neutral,rating_3,16,train
sent_003978,"Giao hàng nhanh, chất liệu ok, chỉ là giao sai mẫu đặt thôi",4,positive,rating_4,13,train
sent_003979,Lộn màu mua xám lại ra màu vàng tưởng như hình đầu chứ,3,neutral,rating_3,13,train
sent_003980,"Hàng không giống mẫu mình muốn, nhưng mình vẫn nhận, và bảo shop đổi cho mình mà shop không trả lời mình lun vl !",1,negative,rating_1,25,train
sent_003981,Màu sắc ko giống hình,2,negative,rating_2,5,train
sent_003982,Shop giao không đúng mẫu và kích thước,1,negative,rating_1,8,train
sent_003983,Xứng đáng với giá tiền mình mua sale ship luôn là 75k ạ!! Cũng ok lắm,5,positive,rating_5,16,train
sent_003984,"Ga chất bình thường, màu cũng ok ko bị dại nhưng xử lý khiếu nại hơi kém",2,negative,rating_2,17,train
sent_003985,"Giao hàng chậm, màu k như hình",1,negative,rating_1,7,train
sent_003986,"1 vỏ gối bị hỏng khoá, haizzxzzzzzzzzzzzzzzzzzzzzzz",1,negative,rating_1,7,train
sent_003987,"Chăn màu hơi đậm hơn hình, phù hợp giá tiền nhưng giao hàng quá lâu, dự kiến ngày 11 mà tận 13 mới nhận",2,negative,rating_2,24,train
sent_003988,Hình vẽ k đẹp,2,negative,rating_2,4,train
sent_003989,Ga 1m6/2m nhưng kg vừa,3,neutral,rating_3,5,train
sent_003990,"Chất lượng sản phẩm giống cam kết,giao hàng đúng thời gian",5,positive,rating_5,11,test
sent_003991,vải không mát nhé mọi người,2,negative,rating_2,6,train
sent_003992,Cũng tạm ổn,3,neutral,rating_3,3,train
sent_003993,Vải hơi mỏng,2,negative,rating_2,3,train
sent_003994,Sản phẩm được !,3,neutral,rating_3,4,valid
sent_003995,Hang cung dc,3,neutral,rating_3,3,train
sent_003996,Giao nhầm sản phẩm,2,negative,rating_2,4,train
sent_003997,Chất lượng sp bt,3,neutral,rating_3,4,train
sent_003998,Chất liệu cũng ok,3,neutral,rating_3,4,train
sent_003999,Được cái giao đủ hành,3,neutral,rating_3,5,train
sent_004000,Với mùi vải hơi hắc,2,negative,rating_2,5,train
sent_004001,"Không thích lắm, vì chọn mẫu khác, chả hiểu sao lại hiển thị mẫu này, k Sao, dùng tạm",3,neutral,rating_3,19,test
sent_004002,Vải hơi cứng và nóng,1,negative,rating_1,5,train
sent_004003,Kích thước sản phẩm không đồng đều,2,negative,rating_2,7,train
sent_004004,Tuy nhiên với số tiền như này không thể đòi hỏi thêm,3,neutral,rating_3,12,train
sent_004005,Chất tạm được vì giá rẻ,3,neutral,rating_3,6,valid
sent_004006,"Mẫu mã đẹp, vải hơi mỏng",3,neutral,rating_3,6,test
sent_004007,không dùng được nên cho shop 3*,2,negative,rating_2,7,test
sent_004008,đã ấn huỷ đơn mà k kịp,3,neutral,rating_3,7,train
sent_004009,"Lần thứ 2 thì màu sắc chất lượng thì ok nhưng có điều hơi nhỏ, để vào hơi bị lú niệm ra, ko được dư để kéo cho thẳng, hơi buồn, mong shop có lần sau nhớ xem kỷ",2,negative,rating_2,39,train
sent_004010,k còn j để nói với cái tâm hay vô của shop,1,negative,rating_1,12,train
sent_004011,Em đặt 2 mẫu m8 và 2 mẫu m6,3,neutral,rating_3,9,valid
sent_004012,Mua xong ko dùng đc cũng chẳng biết làm gì luôn,2,negative,rating_2,11,train
sent_004013,Cũng chưa lắp vào đệm nên k biết có đúng kích thước k,3,neutral,rating_3,13,train
sent_004014,"Chất vải hơi nóng , hai gối hoa văn khác nhau trông ko thẩm mỹ chút nào",1,negative,rating_1,17,train
sent_004015,Màu sáng hơn và có chỗ bị đen và loang lồ,3,neutral,rating_3,11,train
sent_004016,Giao hàng nhanh sản phẩm ngon shop phục vụ tốt,5,positive,rating_5,10,valid
sent_004017,giặt 2 lần vẫn k hết ạ 😒,1,negative,rating_1,8,train
sent_004018,Đường may tạm ổn nhưng rút kinh nghiệm lần sau may vải thừa thì may vào trong ai lại may ra ngoài thế này,2,negative,rating_2,24,train
sent_004019,"Vải không đẹp lắm, ưu điểm là rẻ!",3,neutral,rating_3,8,train
sent_004020,Nói chung hơi thất vọng 😑😑,1,negative,rating_1,6,test
sent_004021,Shop để ảnh vậy dễ hiều nhầm,2,negative,rating_2,7,valid
sent_004022,Ko mua lại 😀,1,negative,rating_1,4,test
sent_004023,Vỏ gối và ga khác màu nhau,2,negative,rating_2,7,valid
sent_004024,Nhưng điều không như mình muốn đó là nhầm hàng,3,neutral,rating_3,10,train
sent_004025,nhận về giặt luôn mà ta nói nay lấy ra xài thì lốm đốm dơ giặt k có ra,2,negative,rating_2,19,valid
sent_004026,Giao hàng lâu có nửa tháng mới nhận được,2,negative,rating_2,9,valid
sent_004027,Mình giặc 2 3 lần ngâm comfor nhưng vẫn còn hắc,2,negative,rating_2,11,test
sent_004028,giá cả phù hợp với sản phẩm,3,neutral,rating_3,7,train
sent_004029,"Về ga nệm bo vừa, còn gối thì chật, đường may không được đẹp, chỉ thừa nhiều :(((",1,negative,rating_1,18,train
sent_004030,Nói chung vs giá tiền này thì cũng chấp nhận đc,3,neutral,rating_3,11,train
sent_004031,Cũng may đơn này mua cho m chứ ko phải đặt dùm,3,neutral,rating_3,12,train
sent_004032,Nt 2 ngày sau mới tl,2,negative,rating_2,6,test
sent_004033,Chắc hàng hạ giá nên vậy,3,neutral,rating_3,6,train
sent_004034,gối còn quên may cả viền,1,negative,rating_1,6,test
sent_004035,Hàng cũng đẹp ok,4,positive,rating_4,4,train
sent_004036,Mình muốn mua doremon lại gửi Micky's cho mình :)),1,negative,rating_1,10,train
sent_004037,"Giao hàng nhanh, ok",4,positive,rating_4,4,train
sent_004038,bị rộng chút nên k đc căng,2,negative,rating_2,7,train
sent_004039,Tận ngoài hn hôg lẻ có 1 bộ sai e phải gửi ra gửi vào nên hi vọg shop rút kinh nghiệm cho những khách hàng sau,3,neutral,rating_3,27,train
sent_004040,Cần khắc phục lỗi đó ạ,3,neutral,rating_3,6,train
sent_004041,Chất oki dùng tạm thì đc,3,neutral,rating_3,6,test
sent_004042,Phải có 2 người cùng bọc mới giữ được các góc và ga giường cũng không phủ hết được độ dày/cao của nệm :( Giặt xong vẫn có mùi như mới xuất xưởng,1,negative,rating_1,33,train
sent_004043,Xem kỉ hàng r hẳn gửi cho khách,2,negative,rating_2,8,test
sent_004044,Có một chút khó khăn để chèn đệm,2,negative,rating_2,8,train
sent_004045,Vội vàng,3,neutral,rating_3,2,train
sent_004046,Cửa hàng đang hoạt động tốt,4,positive,rating_4,6,train
sent_004047,Đó là bán lại cơm canh,1,negative,rating_1,6,train
sent_004048,Nó giống như một sản phẩm bị lỗi hoặc một cái gì đó,2,negative,rating_2,13,train
sent_004049,Áo gối bị bẩn,2,negative,rating_2,4,test
sent_004050,"Rất dễ thương, nhưng hơi quá",4,positive,rating_4,6,train
sent_004051,"Đã nhận hàng, giao hàng nhanh chóng, không hài lòng năm nak",3,neutral,rating_3,12,train
sent_004052,3 * Nếu bạn không thêm đại diện! zzzzzzzzzzzzzzzzzzzzzzzzzzzzzzzzzzzzzzzzz,2,negative,rating_2,9,test
sent_004053,"Nhận hàng, sản phẩm như trong hình",3,neutral,rating_3,7,train
sent_004054,Săn bộ đồ chơi khác đắt hơn bộ ngoài tiệm 21k,3,neutral,rating_3,11,train
sent_004055,"Đặt thành m8 2m, nhưng áo gối ngắn bị khóa",1,negative,rating_1,10,train
sent_004056,"Giao hàng nhanh, chất lượng bình thường, đường khâu thô, mua 5 đôi quần tây shop mình sẽ nhuộm 1 chiếc quần tây, các bạn lưu ý kiểm tra hàng trước khi chuyển hàng cho khách lần sau mua hàng nhé",2,negative,rating_2,41,train
sent_004057,Chất lượng phù hợp với chi phí mua hàng,3,neutral,rating_3,9,valid
sent_004058,Dùng 1 lần xé theo chiều ngang,2,negative,rating_2,7,train
sent_004059,"Mặc dù một số kinh nghiệm, nhưng không phải là rất mềm",3,neutral,rating_3,12,valid
sent_004060,Các loại vải mỏng rất đáng đồng tiền,3,neutral,rating_3,8,train
sent_004061,"Mình chỉ chấm 3 sao thôi, vì model27 nhìn không giống trong ảnh lắm, chỉ có màu vàng, họa tiết và hoa không như trong hình",2,negative,rating_2,26,train
sent_004062,Những gì bạn đã trả,3,neutral,rating_3,5,valid
sent_004063,"Tôi không biết tất cả các mẫu 10 hoặc ntn, nhưng cửa hàng cung cấp cho tôi mẫu khác mà không cần hỏi",3,neutral,rating_3,23,test
sent_004064,"Giao hàng nhanh chóng, đúng mẫu, đúng loại, hình ảnh đẹp",4,positive,rating_4,11,train
sent_004065,"Tiền nào của nấy, chất không mềm lắm, hơi có mùi",2,negative,rating_2,11,test
sent_004066,"Chất vải mỏng, giặt lần 2 chỉ bung đường may",1,negative,rating_1,10,train
sent_004067,"Tất cả hàng đã được giao, thời gian này tốc độ giao hàng là khá nhanh",4,positive,rating_4,16,train
sent_004068,gầy,3,neutral,rating_3,1,valid
sent_004069,"Khóa kéo dễ đứt, sản phẩm dùng tạm được",2,negative,rating_2,9,train
sent_004070,"Đặt mẫu 1,8m x 2m và gắn vào đêm 1,8m * 2m",1,negative,rating_1,12,train
sent_004071,"Vải khéo, đường chỉ may xấu, không có vỏ gối, nhưng đừng mua vé giảm giá",2,negative,rating_2,16,train
sent_004072,"Sản phẩm phù hợp với giá tiền nhưng cửa hàng hết hàng, đổi mẫu tự ý không báo trước (cửa hàng nói gọi điện thì không liên lạc được, nhắn tin qua shopee vẫn được bạn nhé)",2,negative,rating_2,37,train
sent_004073,Số trạm không chính xác,2,negative,rating_2,5,train
sent_004074,"Đã giao 2 vỏ gối, nhưng 1 lớn hơn và 1 nhỏ hơn",2,negative,rating_2,13,train
sent_004075,Đường chỉ thô và vải mỏng,1,negative,rating_1,6,valid
sent_004076,Chuyển phát nhanh,4,positive,rating_4,3,train
sent_004077,"Bạn ơi, mình đặt đúng màu cho các mẫu khác mà sao mẫu 8 bạn gửi lại không khớp với ảnh vậy bạn?",2,negative,rating_2,23,train
sent_004078,Tiền nào của nấy nhé mọi người!,3,neutral,rating_3,7,test
sent_004079,Chất lượng và ga tốt nhưng size cửa hàng gửi không đúng 1m8 mà size cửa hàng gửi là 1m6,4,positive,rating_4,20,valid
sent_004080,Giá mắc hơn 20k mặc dù chất lượng không tệ so với chất lượng mình mua ở cửa hàng khác,1,negative,rating_1,20,valid
sent_004081,"Mình đọc kỹ mà thấy hơi buồn: ((((Màu xám cuối cùng chuyển sang màu xanh, cửa hàng có bán thêm chăn như thế này không?) Dùng xong thấy vỏ gối bị hư, khóa lại",2,negative,rating_2,34,train
sent_004082,"Những loại vải như ni lông hút nước kém- “Bí ơi, mua 22k muốn bán thế thôi, nhưng mua được giá phù hợp",1,negative,rating_1,23,train
sent_004083,"Mình đặt lần 2, lần 1 rất hợp",4,positive,rating_4,8,test
sent_004084,Sai màu,2,negative,rating_2,2,train
sent_004085,Rebhuhu,2,negative,rating_2,1,train
sent_004086,K phù hợp với hình ảnh tôi đã chọn,2,negative,rating_2,9,train
sent_004087,Áo gối bị rách,2,negative,rating_2,4,train
sent_004088,"Ý nghĩa thực sự của tiền là mỏng, có hình dạng và rất giống nhau",1,negative,rating_1,15,train
sent_004089,Khó chịu nhất là dòng k đúng loại màu,1,negative,rating_1,9,train
sent_004090,Cũng đã gửi nhầm 3 bộ M6,1,negative,rating_1,7,train
sent_004091,Các tấm đường may bị lỗi,2,negative,rating_2,6,train
sent_004092,"Chất vải không mịn, nóng",1,negative,rating_1,5,test
sent_004093,Ga giống ảnh và chất lượng thì tạm ổn nhưng có mùi khó rửa mấy lần mới xong,3,neutral,rating_3,18,train
sent_004094,Tôi đặt một màu cho tôi một màu khác,2,negative,rating_2,9,valid
sent_004095,Chất lượng phù hợp và đáng đồng tiền,3,neutral,rating_3,8,valid
sent_004096,"Đóng gói tốt, nhưng giao hàng ít",3,neutral,rating_3,7,valid
sent_004097,Số tiền bạn đã trả,3,neutral,rating_3,5,test
sent_004098,Không hài lòng với việc giao đúng mẫu,2,negative,rating_2,8,train
sent_004099,"Đặt mẫu số 4 trong hình, phần trên màu xám, nhưng giao hàng màu xanh, phần chỉ cắt không gọn gàng, nhìn thô, biết bao nhiêu tiền, nhưng cửa hàng nên cẩn thận hơn",1,negative,rating_1,34,train
sent_004100,"Chất lượng sản phẩm tạm ổn giá cả nhưng thời gian giao hàng lâu, chỉ sau một lần giặt sẽ bị nhão vải",2,negative,rating_2,23,test
sent_004101,Đồng ý,3,neutral,rating_3,2,train
sent_004102,"Máy màu vàng, ga 1 màu vàng nhạt, ga gối màu vàng đậm nhìn rất mất thẩm mỹ",1,negative,rating_1,18,train
sent_004103,Hàng ok nhưng cửa hàng không trả lời tin nhắn của khách,3,neutral,rating_3,12,train
sent_004104,"Bởi vì nó rẻ để mua, đừng mong đợi quá nhiều",3,neutral,rating_3,11,train
sent_004105,Dự án này khác với dự án trước,3,neutral,rating_3,8,valid
sent_004106,Sản phẩm tạm được và cửa hàng giao nhầm sản phẩm so với đơn hàng,2,negative,rating_2,15,train
sent_004107,"Giao hàng nhanh chóng, sản phẩm ngon tại cửa hàng, khuyến mãi dịch vụ tốt",5,positive,rating_5,15,train
sent_004108,Sản phẩm có mùi nặng,1,negative,rating_1,5,train
sent_004109,"Chất vải hơi dày, không mềm",2,negative,rating_2,6,test
sent_004110,Mẫu không chính xác,2,negative,rating_2,4,train
sent_004111,"Hàng tốt, chất liệu hơi cứng",2,negative,rating_2,6,train
sent_004112,Màu sắc không giống hình,3,neutral,rating_3,5,train
sent_004113,Hủy hàng vẫn giao,1,negative,rating_1,4,valid
sent_004114,Chất vải mỏng quá nhưng so với giá khuyến mại thì chấp nhận được,2,negative,rating_2,14,train
sent_004115,"Chất liệu xấu, nhanh rách, đường may không cẩn thận",1,negative,rating_1,10,train
sent_004116,Cửa hàng cung cấp không đúng mẫu mã,2,negative,rating_2,8,train
sent_004117,Cung cấp mô hình đã chọn sai,2,negative,rating_2,7,train
sent_004118,Ga mỏng K dám giặt máy sợ rách,2,negative,rating_2,8,train
sent_004119,"Như giá bình thường, hàng chất lượng",3,neutral,rating_3,7,train
sent_004120,sản phẩm chất lượng thấp,2,negative,rating_2,5,train
sent_004121,Được đóng gói đúng quy cách và có thể giao hàng nhanh chóng nhưng chất liệu này không thể thành cotton nên rất nóng,3,neutral,rating_3,24,test
sent_004122,"Giao hàng nhanh chóng, chất liệu ổn, nhưng mẫu đơn đặt hàng bị sai",4,positive,rating_4,14,train
sent_004123,Chuyển sang màu xám và vàng như hình đầu tiên,3,neutral,rating_3,10,train
sent_004124,Sản phẩm khác mẫu mình mong muốn nhưng mình vẫn nhận và yêu cầu cửa hàng đổi sản phẩm cho mình nhưng cửa hàng không phản hồi lại cho mình nhé!,1,negative,rating_1,31,train
sent_004125,Màu sắc khác với hình ảnh,2,negative,rating_2,6,train
sent_004126,Cửa hàng không cung cấp đúng mẫu mã và kích thước,1,negative,rating_1,11,train
sent_004127,Giá xứng đáng để em mua luôn đó anh 75k! làm tốt,5,positive,rating_5,12,train
sent_004128,"Chất lượng gas bình thường, màu sắc ổn, không bị điên nhưng xử lý phàn nàn hơi kém",2,negative,rating_2,18,valid
sent_004129,"Tốc độ giao hàng chậm, màu k như hình",1,negative,rating_1,9,test
sent_004130,"1 cái áo gối bị hỏng, haizzxzzzzzzzzzzzzzzzzzzzzzzzz",1,negative,rating_1,7,train
sent_004131,Chăn màu hơi đậm so với hình phù hợp với giá cả nhưng thời gian giao hàng lâu quá,2,negative,rating_2,19,test
sent_004132,Bản vẽ đẹp,2,negative,rating_2,3,train
sent_004133,Ga 1m6 / 2m mà kg thôi,3,neutral,rating_3,7,train
sent_004134,"Chất lượng sản phẩm đúng như lời hứa, giao hàng đúng hẹn",5,positive,rating_5,12,train
sent_004135,Chất vải không mát nha mọi người,2,negative,rating_2,7,test
sent_004136,Được rồi được rồi,3,neutral,rating_3,4,train
sent_004137,Các sản phẩm là tất cả!,3,neutral,rating_3,6,valid
sent_004138,Hang động này cũng được DC,3,neutral,rating_3,6,test
sent_004139,Lỗi giao hàng sản phẩm,2,negative,rating_2,5,train
sent_004140,đảm bảo chất lượng,3,neutral,rating_3,4,train
sent_004141,Vật liệu là ok,3,neutral,rating_3,4,train
sent_004142,Nhận giao hàng,3,neutral,rating_3,3,test
sent_004143,Mùi vải hơi sẫm,2,negative,rating_2,4,train
sent_004144,Mình không thích vì đã chọn mẫu khác nên không hiểu sao lại hiển thị,3,neutral,rating_3,15,train
sent_004145,"Tuy nhiên, số lượng này không thể được sử dụng cho nhiều hơn",3,neutral,rating_3,13,train
sent_004146,Chất lượng tốt vì nó rẻ,3,neutral,rating_3,6,train
sent_004147,"Thiết kế đẹp, chất vải hơi mỏng",3,neutral,rating_3,7,train
sent_004148,Không thể sử dụng trong cửa hàng 3 *,2,negative,rating_2,9,train
sent_004149,Đơn đã bị hủy nhưng không được hủy kịp thời,3,neutral,rating_3,10,valid
sent_004150,"Lần thứ 2 thì màu sắc chất lượng tạm ổn nhưng có một điều là hơi cùn, không thẳng và hơi buồn",2,negative,rating_2,22,valid
sent_004151,Không có gì để nói về ý tưởng của cửa hàng,1,negative,rating_1,11,test
sent_004152,Mình đặt 2 mẫu m8 và 2 mẫu m6,3,neutral,rating_3,9,train
sent_004153,"Sau khi mua, tôi không thể sử dụng nó, tôi không biết phải làm gì",2,negative,rating_2,15,train
sent_004154,Không được cài vào bộ đệm nên k biết kích thước chính xác k,3,neutral,rating_3,14,valid
sent_004155,"Chất vải hơi nóng, hai gối có họa tiết khác nhau nhìn không đẹp",1,negative,rating_1,14,valid
sent_004156,Màu sắc tươi sáng hơn và một số khu vực có một chút đen và lốm đốm,3,neutral,rating_3,17,train
sent_004157,"Giao hàng nhanh chóng, sản phẩm ngon và dịch vụ tốt",5,positive,rating_5,11,train
sent_004158,2 lần rửa xe đều không hết Mr,1,negative,rating_1,8,train
sent_004159,"Đường may tốt nhưng lần sau may thừa thì rút kinh nghiệm nhé, không ai may như thế này đâu",2,negative,rating_2,20,train
sent_004160,"Chất vải không đẹp lắm, ưu điểm là rẻ!",3,neutral,rating_3,9,test
sent_004161,Nói chung là hơi thất vọng😑😑,1,negative,rating_1,6,test
sent_004162,Studio chụp ảnh rất dễ hiểu nhầm,2,negative,rating_2,7,valid
sent_004163,Không đổi được,1,negative,rating_1,3,train
sent_004164,Vỏ gối và ga trải giường có nhiều màu sắc khác nhau,2,negative,rating_2,12,train
sent_004165,Nhưng những gì tôi muốn không phải là một món hàng sai,3,neutral,rating_3,12,train
sent_004166,Giặt xong quần áo nói nếu lấy ra dùng thì không được,2,negative,rating_2,12,valid
sent_004167,Giao hàng nửa tháng mới nhận được,2,negative,rating_2,7,test
sent_004168,Em xâm 2 3 lần vào ngâm thoải mái mà vẫn bị đen,2,negative,rating_2,13,train
sent_004169,Giá theo sản phẩm,3,neutral,rating_3,4,train
sent_004170,"Về nệm thì nệm vừa, gối ôm khít, đường may chưa kĩ mà nhiều quá: (((",1,negative,rating_1,16,train
sent_004171,Nói chung vs giá này là chấp nhận được,3,neutral,rating_3,9,train
sent_004172,"May mắn thay, ứng dụng này đã được mua cho tôi, không phải đăng ký",3,neutral,rating_3,15,train
sent_004173,Tiền đó chưa có,3,neutral,rating_3,4,valid
sent_004174,Nt 2 ngày sau chỉ tl,2,negative,rating_2,6,valid
sent_004175,Có lẽ được giảm giá,3,neutral,rating_3,5,train
sent_004176,Tôi quên viền cái gối,1,negative,rating_1,5,train
sent_004177,Mọi thứ tốt là ok,4,positive,rating_4,5,train
sent_004178,Mình muốn mua doremon và gửi cho Micky's :)),1,negative,rating_1,9,train
sent_004179,Nó hơi rộng nên tôi không thể kéo dài,2,negative,rating_2,9,train
sent_004180,Bên ngoài cửa hàng bán lẻ có đặt nhầm phải gửi đi gửi lại các bạn vui lòng ghé cửa hàng để rút kinh nghiệm cho những khách hàng sau,3,neutral,rating_3,30,test
sent_004181,Cần sửa lỗi,3,neutral,rating_3,3,test
sent_004182,Oki để sử dụng tạm thời,3,neutral,rating_3,6,train
sent_004183,Cần 2 người để che các góc và giữ các góc,1,negative,rating_1,11,valid
sent_004184,Này giống sản phẩm bị lỗi hay sao đó,2,negative,rating_2,9,train
sent_004185,"Đã nhận được sản phẩm rồi, giao sản phẩm nhanh chóng, k dc ưng cho lăm nak",3,neutral,rating_3,17,train
sent_004186,"Đã nhận được sản phẩm, sản phẩm như hình",3,neutral,rating_3,9,train
sent_004187,"Giao sản phẩm nhanh, chất lượng bình thường, đường may sơ sài, mua 5 cái quần thì shop gửi 1 cái bị ố vàng, lần sau shop nên chú ý kiểm tra trước khi giao sản phẩm cho khách",2,negative,rating_2,39,train
sent_004188,Giao sản phẩm chậm,2,negative,rating_2,4,valid
sent_004189,Chất lượng phù hợp với giá tiền mua sản phẩm,3,neutral,rating_3,10,train
sent_004190,Giao sản phẩm quá muộn,1,negative,rating_1,5,valid
sent_004191,Giao đầy đủ sản phẩm và lần này giao khá nhanh,4,positive,rating_4,11,train
sent_004192,"Đặt mẫu 1,8m x2m mà gắn vào đêm 1,8m *2m ko vừa ga thì rất hôi sản phẩm đúng màu nhưng chỉ làm được dẻ lau rồi",1,negative,rating_1,27,train
sent_004193,"Sản phẩm phù hợp với giá tiền, tuy nhiên shop hết sản phẩm tự ý đổi mẫu của mình mà không báo trước (shop có bảo là gọi điện thoại cho mình mà không liên lạc được, nhưng mà vẫn có thể nhắn tin qua shopee cho mình mà?) nên mình chỉ cho 3 sao thôi! Shop rút kinh nghiệm nhé",2,negative,rating_2,61,train
sent_004194,Giao sản phẩm nhanh,4,positive,rating_4,4,valid
sent_004195,Gét nhất là giáo sản phẩm k đúng chủng loại màu,1,negative,rating_1,11,train
sent_004196,sản phẩm đóng gói đẹp nhưng giao hơi lâu,3,neutral,rating_3,9,train
sent_004197,Chưa hài lòng lắm vì giao sản phẩm k đúng mẫu,2,negative,rating_2,11,train
sent_004198,Chất lượng sản phẩm ổn vừa với giá tiền nhưng giao sản phẩm hơi lâu và vải bị dóc chỉ sau 1 lần giặt,2,negative,rating_2,24,train
sent_004199,sản phẩm ok nhưng shop không trả lời tin nhắn của khách sản phẩm,3,neutral,rating_3,14,train
sent_004200,sản phẩm ko giống như lần trc đặt,3,neutral,rating_3,8,test
sent_004201,"Sản phẩm tạm được, shop giao sai sản phẩm so với order",2,negative,rating_2,12,train
sent_004202,Giao sản phẩm nhanh sản phẩm ngon shop phục vụ rất tốt khuyến mãi nhiều,5,positive,rating_5,15,train
sent_004203,"sản phẩm ổn, chất hơi cứng",2,negative,rating_2,6,valid
sent_004204,Hủy sản phẩm rồi mà vẫn giao,1,negative,rating_1,7,test
sent_004205,"sản phẩm chất liệu kém, nhanh rách, đường may ẩu",1,negative,rating_1,10,train
sent_004206,Giao sản phẩm k đúng mẫu,2,negative,rating_2,6,train
sent_004207,"sản phẩm như giá, chất lượng bình thường",3,neutral,rating_3,8,train
sent_004208,Đóng gói kỹ giao sản phẩm nhanh chóng nhưng chất liệu không làm cotton nên rất nóng,3,neutral,rating_3,17,test
sent_004209,"Giao sản phẩm nhanh, chất liệu ok, chỉ là giao sai mẫu đặt thôi",4,positive,rating_4,14,train
sent_004210,"sản phẩm không giống mẫu mình muốn, nhưng mình vẫn nhận, và bảo shop đổi cho mình mà shop không trả lời mình lun vl !",1,negative,rating_1,26,test
sent_004211,"Giao sản phẩm chậm, màu k như hình",1,negative,rating_1,8,train
sent_004212,"Chăn màu hơi đậm hơn hình, phù hợp giá tiền nhưng giao sản phẩm quá lâu, dự kiến ngày 11 mà tận 13 mới nhận",2,negative,rating_2,25,test
sent_004213,"Chất lượng sản phẩm giống cam kết,giao sản phẩm đúng thời gian",5,positive,rating_5,12,train
sent_004214,Giao sản phẩm nhanh sản phẩm ngon shop phục vụ tốt,5,positive,rating_5,11,test
sent_004215,Nhưng điều không như mình muốn đó là nhầm sản phẩm,3,neutral,rating_3,11,train
sent_004216,Giao sản phẩm lâu có nửa tháng mới nhận được,2,negative,rating_2,10,train
sent_004217,Chắc sản phẩm hạ giá nên vậy,3,neutral,rating_3,7,valid
sent_004218,sản phẩm cũng đẹp ok,4,positive,rating_4,5,train
sent_004219,"Giao sản phẩm nhanh, ok",4,positive,rating_4,5,train
sent_004220,Tận ngoài hn hôg lẻ có 1 bộ sai e phải gửi ra gửi vào nên hi vọg shop rút kinh nghiệm cho những khách sản phẩm sau,3,neutral,rating_3,28,train
sent_004221,Xem kỉ sản phẩm r hẳn gửi cho khách,2,negative,rating_2,9,train
sent_004222,Cửa sản phẩm đang hoạt động tốt,4,positive,rating_4,7,valid
sent_004223,"Đã nhận sản phẩm, giao sản phẩm nhanh chóng, không hài lòng năm nak",3,neutral,rating_3,14,train
sent_004224,"Nhận sản phẩm, sản phẩm như trong hình",3,neutral,rating_3,8,train
sent_004225,"Giao sản phẩm nhanh, chất lượng bình thường, đường khâu thô, mua 5 đôi quần tây shop mình sẽ nhuộm 1 chiếc quần tây, các bạn lưu ý kiểm tra sản phẩm trước khi chuyển sản phẩm cho khách lần sau mua sản phẩm nhé",2,negative,rating_2,45,train
sent_004226,Chất lượng phù hợp với chi phí mua sản phẩm,3,neutral,rating_3,10,test
sent_004227,"Tôi không biết tất cả các mẫu 10 hoặc ntn, nhưng cửa sản phẩm cung cấp cho tôi mẫu khác mà không cần hỏi",3,neutral,rating_3,24,train
sent_004228,"Giao sản phẩm nhanh chóng, đúng mẫu, đúng loại, hình ảnh đẹp",4,positive,rating_4,12,test
sent_004229,"Tất cả sản phẩm đã được giao, thời gian này tốc độ giao sản phẩm là khá nhanh",4,positive,rating_4,18,test
sent_004230,"Sản phẩm phù hợp với giá tiền nhưng cửa sản phẩm hết sản phẩm, đổi mẫu tự ý không báo trước (cửa sản phẩm nói gọi điện thì không liên lạc được, nhắn tin qua shopee vẫn được bạn nhé)",2,negative,rating_2,40,train
sent_004231,Chất lượng và ga tốt nhưng size cửa sản phẩm gửi không đúng 1m8 mà size cửa sản phẩm gửi là 1m6,4,positive,rating_4,22,train
sent_004232,Giá mắc hơn 20k mặc dù chất lượng không tệ so với chất lượng mình mua ở cửa sản phẩm khác,1,negative,rating_1,21,test
sent_004233,"Mình đọc kỹ mà thấy hơi buồn: ((((Màu xám cuối cùng chuyển sang màu xanh, cửa sản phẩm có bán thêm chăn như thế này không?) Dùng xong thấy vỏ gối bị hư, khóa lại",2,negative,rating_2,35,valid
sent_004234,"Đóng gói tốt, nhưng giao sản phẩm ít",3,neutral,rating_3,8,train
sent_004235,"Đặt mẫu số 4 trong hình, phần trên màu xám, nhưng giao sản phẩm màu xanh, phần chỉ cắt không gọn gàng, nhìn thô, biết bao nhiêu tiền, nhưng cửa sản phẩm nên cẩn thận hơn",1,negative,rating_1,36,train
sent_004236,"Chất lượng sản phẩm tạm ổn giá cả nhưng thời gian giao sản phẩm lâu, chỉ sau một lần giặt sẽ bị nhão vải",2,negative,rating_2,24,test
sent_004237,sản phẩm ok nhưng cửa sản phẩm không trả lời tin nhắn của khách,3,neutral,rating_3,14,valid
sent_004238,Sản phẩm tạm được và cửa sản phẩm giao nhầm sản phẩm so với đơn sản phẩm,2,negative,rating_2,17,test
sent_004239,"Giao sản phẩm nhanh chóng, sản phẩm ngon tại cửa sản phẩm, khuyến mãi dịch vụ tốt",5,positive,rating_5,17,train
sent_004240,"sản phẩm tốt, chất liệu hơi cứng",2,negative,rating_2,7,valid
sent_004241,Hủy sản phẩm vẫn giao,1,negative,rating_1,5,test
sent_004242,Cửa sản phẩm cung cấp không đúng mẫu mã,2,negative,rating_2,9,valid
sent_004243,Giao sản phẩm không đúng,2,negative,rating_2,5,train
sent_004244,"Như giá bình thường, sản phẩm chất lượng",3,neutral,rating_3,8,valid
sent_004245,Được đóng gói đúng quy cách và có thể giao sản phẩm nhanh chóng nhưng chất liệu này không thể thành cotton nên rất nóng,3,neutral,rating_3,25,train
sent_004246,"Giao sản phẩm nhanh chóng, chất liệu ổn, nhưng mẫu đơn đặt sản phẩm bị sai",4,positive,rating_4,16,train
sent_004247,Sản phẩm khác mẫu mình mong muốn nhưng mình vẫn nhận và yêu cầu cửa sản phẩm đổi sản phẩm cho mình nhưng cửa sản phẩm không phản hồi lại cho mình nhé!,1,negative,rating_1,33,train
sent_004248,Cửa sản phẩm không cung cấp đúng mẫu mã và kích thước,1,negative,rating_1,12,train
sent_004249,"Tốc độ giao sản phẩm chậm, màu k như hình",1,negative,rating_1,10,train
sent_004250,Chăn màu hơi đậm so với hình phù hợp với giá cả nhưng thời gian giao sản phẩm lâu quá,2,negative,rating_2,20,train
sent_004251,"Chất lượng sản phẩm đúng như lời hứa, giao sản phẩm đúng hẹn",5,positive,rating_5,13,train
sent_004252,Lỗi giao sản phẩm sản phẩm,2,negative,rating_2,6,valid
sent_004253,Nhận giao sản phẩm,3,neutral,rating_3,4,train
sent_004254,Không thể sử dụng trong cửa sản phẩm 3 *,2,negative,rating_2,10,train
sent_004255,Không có gì để nói về ý tưởng của cửa sản phẩm,1,negative,rating_1,12,valid
sent_004256,"Giao sản phẩm nhanh chóng, sản phẩm ngon và dịch vụ tốt",5,positive,rating_5,12,test
sent_004257,Nhưng những gì tôi muốn không phải là một món sản phẩm sai,3,neutral,rating_3,13,valid
sent_004258,Giao sản phẩm nửa tháng mới nhận được,2,negative,rating_2,8,train
sent_004259,Bên ngoài cửa sản phẩm bán lẻ có đặt nhầm phải gửi đi gửi lại các bạn vui lòng ghé cửa sản phẩm để rút kinh nghiệm cho những khách sản phẩm sau,3,neutral,rating_3,33,train
sent_004260,Này giống sp bị lỗi hay sao đó,2,negative,rating_2,8,train
sent_004261,"Đã nhận được sp rồi, giao sp nhanh chóng, k dc ưng cho lăm nak",3,neutral,rating_3,15,train
sent_004262,"Đã nhận được sp, sp như hình",3,neutral,rating_3,7,train
sent_004263,"Giao sp nhanh, chất lượng bình thường, đường may sơ sài, mua 5 cái quần thì shop gửi 1 cái bị ố vàng, lần sau shop nên chú ý kiểm tra trước khi giao sp cho khách",2,negative,rating_2,37,valid
sent_004264,Giao sp chậm,2,negative,rating_2,3,train
sent_004265,Chất lượng phù hợp với giá tiền mua sp,3,neutral,rating_3,9,test
sent_004266,Giao sp quá muộn,1,negative,rating_1,4,train
sent_004267,Giao đầy đủ sp và lần này giao khá nhanh,4,positive,rating_4,10,train
sent_004268,"Đặt mẫu 1,8m x2m mà gắn vào đêm 1,8m *2m ko vừa ga thì rất hôi sp đúng màu nhưng chỉ làm được dẻ lau rồi",1,negative,rating_1,26,valid
sent_004269,"sp phù hợp với giá tiền, tuy nhiên shop hết sp tự ý đổi mẫu của mình mà không báo trước (shop có bảo là gọi điện thoại cho mình mà không liên lạc được, nhưng mà vẫn có thể nhắn tin qua shopee cho mình mà?) nên mình chỉ cho 3 sao thôi! Shop rút kinh nghiệm nhé",2,negative,rating_2,59,valid
sent_004270,Giao sp nhanh,4,positive,rating_4,3,test
sent_004271,Gét nhất là giáo sp k đúng chủng loại màu,1,negative,rating_1,10,test
sent_004272,sp đóng gói đẹp nhưng giao hơi lâu,3,neutral,rating_3,8,train
sent_004273,Chưa hài lòng lắm vì giao sp k đúng mẫu,2,negative,rating_2,10,test
sent_004274,Chất lượng sp ổn vừa với giá tiền nhưng giao sp hơi lâu và vải bị dóc chỉ sau 1 lần giặt,2,negative,rating_2,22,train
sent_004275,sp ok nhưng shop không trả lời tin nhắn của khách sp,3,neutral,rating_3,12,test
sent_004276,sp ko giống như lần trc đặt,3,neutral,rating_3,7,train
sent_004277,"sp tạm được, shop giao sai sp so với order",2,negative,rating_2,10,train
sent_004278,Giao sp nhanh sp ngon shop phục vụ rất tốt khuyến mãi nhiều,5,positive,rating_5,13,train
sent_004279,"sp ổn, chất hơi cứng",2,negative,rating_2,5,train
sent_004280,Hủy sp rồi mà vẫn giao,1,negative,rating_1,6,test
sent_004281,"sp chất liệu kém, nhanh rách, đường may ẩu",1,negative,rating_1,9,train
sent_004282,Giao sp k đúng mẫu,2,negative,rating_2,5,train
sent_004283,"sp như giá, chất lượng bình thường",3,neutral,rating_3,7,train
sent_004284,Đóng gói kỹ giao sp nhanh chóng nhưng chất liệu không làm cotton nên rất nóng,3,neutral,rating_3,16,test
sent_004285,"Giao sp nhanh, chất liệu ok, chỉ là giao sai mẫu đặt thôi",4,positive,rating_4,13,train
sent_004286,"sp không giống mẫu mình muốn, nhưng mình vẫn nhận, và bảo shop đổi cho mình mà shop không trả lời mình lun vl !",1,negative,rating_1,25,valid
sent_004287,"Giao sp chậm, màu k như hình",1,negative,rating_1,7,train
sent_004288,"Chăn màu hơi đậm hơn hình, phù hợp giá tiền nhưng giao sp quá lâu, dự kiến ngày 11 mà tận 13 mới nhận",2,negative,rating_2,24,valid
sent_004289,"Chất lượng sp giống cam kết,giao sp đúng thời gian",5,positive,rating_5,10,train
sent_004290,Giao sp nhanh sp ngon shop phục vụ tốt,5,positive,rating_5,9,train
sent_004291,Nhưng điều không như mình muốn đó là nhầm sp,3,neutral,rating_3,10,valid
sent_004292,Giao sp lâu có nửa tháng mới nhận được,2,negative,rating_2,9,train
sent_004293,Chắc sp hạ giá nên vậy,3,neutral,rating_3,6,valid
sent_004294,sp cũng đẹp ok,4,positive,rating_4,4,valid
sent_004295,"Giao sp nhanh, ok",4,positive,rating_4,4,train
sent_004296,Tận ngoài hn hôg lẻ có 1 bộ sai e phải gửi ra gửi vào nên hi vọg shop rút kinh nghiệm cho những khách sp sau,3,neutral,rating_3,27,valid
sent_004297,Xem kỉ sp r hẳn gửi cho khách,2,negative,rating_2,8,train
sent_004298,Cửa sp đang hoạt động tốt,4,positive,rating_4,6,train
sent_004299,"Đã nhận sp, giao sp nhanh chóng, không hài lòng năm nak",3,neutral,rating_3,12,train
sent_004300,"Nhận sp, sp như trong hình",3,neutral,rating_3,6,valid
sent_004301,"Giao sp nhanh, chất lượng bình thường, đường khâu thô, mua 5 đôi quần tây shop mình sẽ nhuộm 1 chiếc quần tây, các bạn lưu ý kiểm tra sp trước khi chuyển sp cho khách lần sau mua sp nhé",2,negative,rating_2,41,test
sent_004302,Chất lượng phù hợp với chi phí mua sp,3,neutral,rating_3,9,train
sent_004303,"Tôi không biết tất cả các mẫu 10 hoặc ntn, nhưng cửa sp cung cấp cho tôi mẫu khác mà không cần hỏi",3,neutral,rating_3,23,train
sent_004304,"Giao sp nhanh chóng, đúng mẫu, đúng loại, hình ảnh đẹp",4,positive,rating_4,11,train
sent_004305,"Tất cả sp đã được giao, thời gian này tốc độ giao sp là khá nhanh",4,positive,rating_4,16,train
sent_004306,"sp phù hợp với giá tiền nhưng cửa sp hết sp, đổi mẫu tự ý không báo trước (cửa sp nói gọi điện thì không liên lạc được, nhắn tin qua shopee vẫn được bạn nhé)",2,negative,rating_2,36,train
sent_004307,Chất lượng và ga tốt nhưng size cửa sp gửi không đúng 1m8 mà size cửa sp gửi là 1m6,4,positive,rating_4,20,valid
sent_004308,Giá mắc hơn 20k mặc dù chất lượng không tệ so với chất lượng mình mua ở cửa sp khác,1,negative,rating_1,20,train
sent_004309,"Mình đọc kỹ mà thấy hơi buồn: ((((Màu xám cuối cùng chuyển sang màu xanh, cửa sp có bán thêm chăn như thế này không?) Dùng xong thấy vỏ gối bị hư, khóa lại",2,negative,rating_2,34,train
sent_004310,"Đóng gói tốt, nhưng giao sp ít",3,neutral,rating_3,7,test
sent_004311,"Đặt mẫu số 4 trong hình, phần trên màu xám, nhưng giao sp màu xanh, phần chỉ cắt không gọn gàng, nhìn thô, biết bao nhiêu tiền, nhưng cửa sp nên cẩn thận hơn",1,negative,rating_1,34,train
sent_004312,"Chất lượng sp tạm ổn giá cả nhưng thời gian giao sp lâu, chỉ sau một lần giặt sẽ bị nhão vải",2,negative,rating_2,22,train
sent_004313,sp ok nhưng cửa sp không trả lời tin nhắn của khách,3,neutral,rating_3,12,test
sent_004314,sp tạm được và cửa sp giao nhầm sp so với đơn sp,2,negative,rating_2,13,train
sent_004315,"Giao sp nhanh chóng, sp ngon tại cửa sp, khuyến mãi dịch vụ tốt",5,positive,rating_5,14,train
sent_004316,"sp tốt, chất liệu hơi cứng",2,negative,rating_2,6,valid
sent_004317,Hủy sp vẫn giao,1,negative,rating_1,4,train
sent_004318,Cửa sp cung cấp không đúng mẫu mã,2,negative,rating_2,8,valid
sent_004319,Giao sp không đúng,2,negative,rating_2,4,train
sent_004320,"Như giá bình thường, sp chất lượng",3,neutral,rating_3,7,train
sent_004321,Được đóng gói đúng quy cách và có thể giao sp nhanh chóng nhưng chất liệu này không thể thành cotton nên rất nóng,3,neutral,rating_3,24,valid
sent_004322,"Giao sp nhanh chóng, chất liệu ổn, nhưng mẫu đơn đặt sp bị sai",4,positive,rating_4,14,train
sent_004323,sp khác mẫu mình mong muốn nhưng mình vẫn nhận và yêu cầu cửa sp đổi sp cho mình nhưng cửa sp không phản hồi lại cho mình nhé!,1,negative,rating_1,29,train
sent_004324,Cửa sp không cung cấp đúng mẫu mã và kích thước,1,negative,rating_1,11,test
sent_004325,"Tốc độ giao sp chậm, màu k như hình",1,negative,rating_1,9,valid
sent_004326,Chăn màu hơi đậm so với hình phù hợp với giá cả nhưng thời gian giao sp lâu quá,2,negative,rating_2,19,valid
sent_004327,"Chất lượng sp đúng như lời hứa, giao sp đúng hẹn",5,positive,rating_5,11,train
sent_004328,Lỗi giao sp sp,2,negative,rating_2,4,valid
sent_004329,Nhận giao sp,3,neutral,rating_3,3,test
sent_004330,Không thể sử dụng trong cửa sp 3 *,2,negative,rating_2,9,test
sent_004331,Không có gì để nói về ý tưởng của cửa sp,1,negative,rating_1,11,valid
sent_004332,"Giao sp nhanh chóng, sp ngon và dịch vụ tốt",5,positive,rating_5,10,train
sent_004333,Nhưng những gì tôi muốn không phải là một món sp sai,3,neutral,rating_3,12,train
sent_004334,Giao sp nửa tháng mới nhận được,2,negative,rating_2,7,train
sent_004335,Bên ngoài cửa sp bán lẻ có đặt nhầm phải gửi đi gửi lại các bạn vui lòng ghé cửa sp để rút kinh nghiệm cho những khách sp sau,3,neutral,rating_3,30,test
sent_004336,Hơi khó khi lồng vào nệm,2,negative,rating_2,6,train
sent_004337,"tôi cho 3 sao thôi vì mẫu27 ko giống hình cho lắm, giống màu vàng thôi còn hoạ tiết và màu hoa ko được như hình",2,negative,rating_2,26,train
sent_004338,"Sản phẩm phù hợp với giá tiền, tuy nhiên shop hết sản phẩm tự ý đổi mẫu của tôi mà không báo trước (shop có bảo là gọi điện thoại cho tôi mà không liên lạc được, nhưng mà vẫn có thể nhắn tin qua shopee cho tôi mà?) nên tôi chỉ cho 3 sao thôi! Shop rút kinh nghiệm nhé",2,negative,rating_2,61,train
sent_004339,Bạn ơi mấy mẫu khác tôi đặt đúng màu mà sao mẫu 8 bạn gửi không đúng như ảnh vậy,2,negative,rating_2,20,train
sent_004340,Khá ưng chất và màu ga nhưng shop gửi sai khích thước tôi đặt 1m8 mà shop gửi 1m6,4,positive,rating_4,19,train
sent_004341,Đắt hơn 20k mặc dù chất y hệt thế so với bộ tôi mua ở 1 shop khác :)) và các mẫu cũng ít lựa chọn hơn nữa nếu k muốn nói toàn mẫu xấu,1,negative,rating_1,35,valid
sent_004342,"tôi đặt lần 2, lần thứ nhất rất vừa vận",4,positive,rating_4,10,train
sent_004343,K đúng với hình ảnh tôi đã chọn,2,negative,rating_2,8,train
sent_004344,"Đúng nghĩa tiền nào của đó, mỏng tanh, hình và nhận đc khá nhau hoàn toàn nha mấy má, ham rẻ thì chịu giống tôi, hình loại 1 nhận loại 10 , nảy giặt 1 nước bay hết màu, haizzz",1,negative,rating_1,40,train
sent_004345,tôi đặt 1 màu lại giao cho tôi màu khác,2,negative,rating_2,10,test
sent_004346,"sản phẩm không giống mẫu tôi muốn, nhưng tôi vẫn nhận, và bảo shop đổi cho tôi mà shop không trả lời tôi lun vl !",1,negative,rating_1,26,train
sent_004347,Xứng đáng với giá tiền tôi mua sale ship luôn là 75k ạ!! Cũng ok lắm,5,positive,rating_5,16,test
sent_004348,Cũng chưa lắp vào nệm nên k biết có đúng kích thước k,3,neutral,rating_3,13,train
sent_004349,Nhưng điều không như tôi muốn đó là nhầm sản phẩm,3,neutral,rating_3,11,test
sent_004350,tôi giặc 2 3 lần ngâm comfor nhưng vẫn còn hắc,2,negative,rating_2,11,train
sent_004351,tôi muốn mua doremon lại gửi Micky's cho tôi :)),1,negative,rating_1,10,valid
sent_004352,Có một chút khó khăn để chèn nệm,2,negative,rating_2,8,train
sent_004353,"Giao sản phẩm nhanh, chất lượng bình thường, đường khâu thô, mua 5 đôi quần tây shop tôi sẽ nhuộm 1 chiếc quần tây, các bạn lưu ý kiểm tra sản phẩm trước khi chuyển sản phẩm cho khách lần sau mua sản phẩm nhé",2,negative,rating_2,45,train
sent_004354,"tôi chỉ chấm 3 sao thôi, vì model27 nhìn không giống trong ảnh lắm, chỉ có màu vàng, họa tiết và hoa không như trong hình",2,negative,rating_2,26,train
sent_004355,"Bạn ơi, tôi đặt đúng màu cho các mẫu khác mà sao mẫu 8 bạn gửi lại không khớp với ảnh vậy bạn?",2,negative,rating_2,23,train
sent_004356,Giá mắc hơn 20k mặc dù chất lượng không tệ so với chất lượng tôi mua ở cửa sản phẩm khác,1,negative,rating_1,21,train
sent_004357,"tôi đặt lần 2, lần 1 rất hợp",4,positive,rating_4,8,train
sent_004358,Sản phẩm khác mẫu tôi mong muốn nhưng tôi vẫn nhận và yêu cầu cửa sản phẩm đổi sản phẩm cho tôi nhưng cửa sản phẩm không phản hồi lại cho tôi nhé!,1,negative,rating_1,33,train
sent_004359,tôi không thích vì đã chọn mẫu khác nên không hiểu sao lại hiển thị,3,neutral,rating_3,15,test
sent_004360,tôi đặt 2 mẫu m8 và 2 mẫu m6,3,neutral,rating_3,9,train
sent_004361,Không được cài vào bộ nệm nên k biết kích thước chính xác k,3,neutral,rating_3,14,train
sent_004362,tôi muốn mua doremon và gửi cho Micky's :)),1,negative,rating_1,9,train
sent_004363,tủ sách tốt nhưng thái độ người thời gian giao hàng ko tốt,3,neutral,rating_3,13,test
sent_004364,"tủ tốt, nhưng thời gian giao hàng hơi lâu",3,neutral,rating_3,9,train
sent_004365,"chỉ thời gian giao hàng chậm quá thôi, tủ đẹp, và chắc chắn,",3,neutral,rating_3,13,train
sent_004366,tủ đẹp 4 sao vì thời gian giao hàng chậm,3,neutral,rating_3,10,valid
sent_004367,sản phẩm sách tốt nhưng thái độ người thời gian giao hàng ko tốt,3,neutral,rating_3,14,train
sent_004368,"sản phẩm tốt, nhưng thời gian giao hàng hơi lâu",3,neutral,rating_3,10,train
sent_004369,"chỉ thời gian giao hàng chậm quá thôi, sản phẩm đẹp, và chắc chắn,",3,neutral,rating_3,14,test
sent_004370,sản phẩm đẹp 4 sao vì thời gian giao hàng chậm,3,neutral,rating_3,11,train
sent_004371,sp sách tốt nhưng thái độ người thời gian giao hàng ko tốt,3,neutral,rating_3,13,test
sent_004372,"sp tốt, nhưng thời gian giao hàng hơi lâu",3,neutral,rating_3,9,test
sent_004373,"chỉ thời gian giao hàng chậm quá thôi, sp đẹp, và chắc chắn,",3,neutral,rating_3,13,train
sent_004374,sp đẹp 4 sao vì thời gian giao hàng chậm,3,neutral,rating_3,10,train
sent_004375,hàng sách tốt nhưng thái độ người thời gian giao hàng ko tốt,3,neutral,rating_3,13,valid
sent_004376,"hàng tốt, nhưng thời gian giao hàng hơi lâu",3,neutral,rating_3,9,test
sent_004377,"chỉ thời gian giao hàng chậm quá thôi, hàng đẹp, và chắc chắn,",3,neutral,rating_3,13,train
sent_004378,hàng đẹp 4 sao vì thời gian giao hàng chậm,3,neutral,rating_3,10,test
sent_004379,"hàng chất lượng giữ nhiệt rất tốt mình đánh giá 5 sao cho hàng, nhưng dịch vụ thời gian giao hàng bên tiki thật sự mình không hài lòng, order hôm 22/5 tiki cfm giao 27/5 mà ko giao, sau đó nhắn tin thời gian giao hàng ngày 29/5 nhưng cũng ko giao và ko nhắn tin báo lại",3,neutral,rating_3,59,valid
sent_004380,tủ sách khá tốt nhưng thái độ người thời gian giao hàng ko khá tốt,3,neutral,rating_3,15,train
sent_004381,"tủ khá tốt , nhưng thời gian giao hàng hơi lâu",3,neutral,rating_3,11,train
sent_004382,sản phẩm sách khá tốt nhưng thái độ người thời gian giao hàng ko khá tốt,3,neutral,rating_3,16,valid
sent_004383,"sản phẩm khá tốt , nhưng thời gian giao hàng hơi lâu",3,neutral,rating_3,12,train
sent_004384,sp sách khá tốt nhưng thái độ người thời gian giao hàng ko khá tốt,3,neutral,rating_3,15,train
sent_004385,"sp khá tốt , nhưng thời gian giao hàng hơi lâu",3,neutral,rating_3,11,train
sent_004386,hàng sách khá tốt nhưng thái độ người thời gian giao hàng ko khá tốt,3,neutral,rating_3,15,train
sent_004387,"hàng khá tốt , nhưng thời gian giao hàng hơi lâu",3,neutral,rating_3,11,train
sent_004388,"hàng chất lượng giữ nhiệt rất khá tốt mình đánh giá 5 sao cho hàng, nhưng dịch vụ thời gian giao hàng bên tiki thật sự mình không hài lòng, order hôm 22/5 tiki cfm giao 27/5 mà ko giao, sau đó nhắn tin thời gian giao hàng ngày 29/5 nhưng cũng ko giao và ko nhắn tin báo lại",3,neutral,rating_3,60,train
sent_004389,"Sản phẩm chất lượng giữ nhiệt rất tốt mình đánh giá 5 sao cho sản phẩm, nhưng dịch vụ thời gian giao hàng bên tiki thật sự mình không hài lòng, order hôm 22/5 tiki cfm giao 27/5 mà ko giao, sau đó nhắn tin thời gian giao hàng ngày 29/5 nhưng cũng ko giao và ko nhắn tin báo lại",3,neutral,rating_3,61,valid
sent_004390,Tủ sách tốt nhưng người thời gian giao hàng không tốt,3,neutral,rating_3,11,train
sent_004391,Tủ tốt nhưng thời gian thời gian giao hàng hơi lâu,3,neutral,rating_3,11,train
sent_004392,"thời gian giao hàng quá chậm, tất nhiên là tủ tốt,",3,neutral,rating_3,11,train
sent_004393,Tủ đẹp nên cho 4 sao vì thời gian giao hàng chậm,3,neutral,rating_3,12,train
sent_004394,"Việc lắp ráp sản phẩm cũng rất dễ dàng, tuy nhiên cần lưu ý những con vít bên hông sản phẩm, những con vít này sẽ làm mất mỹ quan và không được thời gian giao hàng không đúng thời gian, màu sắc phù hợp với 619k VNĐ 1 sản phẩm.",3,neutral,rating_3,51,valid
sent_004395,Sản phẩm tốt nhưng thời gian thời gian giao hàng hơi lâu,3,neutral,rating_3,12,train
sent_004396,"Tốc độ thời gian giao hàng quá chậm, sản phẩm đẹp, chắc chắn rằng",3,neutral,rating_3,14,train
sent_004397,"Lắp ráp lắp ráp cũng dễ dàng nhưng lưu ý ốc vít bên hông sản phẩm làm mất mỹ quan, thời gian giao hàng đúng hẹn, đúng màu, một sản phẩm là 619k đồng.",3,neutral,rating_3,34,train
sent_004398,sp tốt nhưng thời gian thời gian giao hàng hơi lâu,3,neutral,rating_3,11,train
sent_004399,"thời gian giao hàng quá chậm, quá đẹp, và chắc chắn sẽ như vậy,",3,neutral,rating_3,14,train
sent_004400,Sản phẩm đẹp bốn sao vì thời gian giao hàng chậm,3,neutral,rating_3,11,train
sent_004401,Hàng quốc tế nên thời gian giao hàng hơi lâu,2,negative,rating_2,10,train
sent_004402,"thời gian giao hàng hơi chậm, hàng tạm ổn, có nút tạm dừng bị hỏng, đóng gói cẩn thận",2,negative,rating_2,19,train
sent_004403,"thời gian giao hàng lâu, loa maximum mà nghe nhỏ quá",2,negative,rating_2,11,valid
sent_004404,"Thời gian thời gian giao hàng chậm thê thảm,dây nhựa xoắn bọc,chất lượng bình thường,độ bền phải dùng mới biết",2,negative,rating_2,20,test
sent_004405,"Tai nghe sử dụng tốt, to thời gian giao hàng nhanh và chắc chắn, đáng tiên",5,positive,rating_5,16,train
sent_004406,"Thời gian thời gian giao hàng lâu, đầu tai nghe 1 bên miếng giảm ồn màu bạc bị long",1,negative,rating_1,19,test
sent_004407,"thời gian giao hàng nhanh, đóng gói ổn",4,positive,rating_4,8,train
sent_004408,"thời gian giao hàng hơi lâu, một bên tai nghe không nghe được gì hết ,",1,negative,rating_1,16,train
sent_004409,thời gian giao hàng nhanh,4,positive,rating_4,5,valid
sent_004410,"Nghe ổn nhưng mùi hắc, dây vải chạm vào người hơi ngứa, thời gian giao hàng lâu nhưng với giá này chất lượng vậy là đương nhiên 👍🏻",2,negative,rating_2,28,train
sent_004411,Nghe tương đối ổn nhưng dây quá mỏng nên dễ bị hư và thời gian giao hàng quá chậm nên sẽ trừ điểm,2,negative,rating_2,23,train
sent_004412,thời gian giao hàng quá lâu hàng bị trầy sướt nghe thì ổn nhưng cấm vào nghe nó rè rè sao đâu ấy chắc tui nghĩ ko đúng dòng máy của nó tui sài Oppo f11,2,negative,rating_2,36,test
sent_004413,"thời gian giao hàng khá lâu, tai nghe thì tiếng cứ bị gì ấy, nói hàng dở thật nghe ko sướng chút nào",1,negative,rating_1,23,train
sent_004414,"Tại nghe đc nhưng mà shop nhắn mãi mà ko thấy hồi âm ,thời gian giao hàng lâu",2,negative,rating_2,18,train
sent_004415,thời gian giao hàng lâu,2,negative,rating_2,5,train
sent_004416,"thời gian giao hàng sau tầm 1 tuần đặt như ghi trong mô tả, gói hàng ok, cơ mà trừ vì chất lượng maybe phù hợp vs giá tiền thôi ==, nghe rất chán , xoay chân tai nghe thì nhạc cx cứ dừng vs tiếp, khó chịu",2,negative,rating_2,48,valid
sent_004417,thời gian giao hàng đúng loại,3,neutral,rating_3,6,test
sent_004418,Nhân viên thời gian giao hàng cục súc hàng thì coi trên mẫu là nó có cái cục âm thanh nhưng đặc hàng giao ra thì hk có🙁Hơi thất vọng 1 chút xíu 🤦,1,negative,rating_1,34,train
sent_004419,thời gian giao hàng lâu đến tận hai tuần mà tai nghe cũng ổn tàm tạm giá cả phù hợp với chất âm cho 3 sao,2,negative,rating_2,26,valid
sent_004420,"thời gian giao hàng lâu , giao thiếu hàng , chất lượng sài ổn",2,negative,rating_2,14,train
sent_004421,Thời gian thời gian giao hàng nhanh tôi sẽ ủng hộ shop lần sau,4,positive,rating_4,14,train
sent_004422,thời gian giao hàng hơi lâu,2,negative,rating_2,6,valid
sent_004423,"Nghe thì ngon nhưng vị dở, vải hơi ngứa, thời gian giao hàng lâu nhưng với giá này là đương nhiên 👍🏻",2,negative,rating_2,22,train
sent_004424,"Nghe có vẻ hay hơn nhưng dây nguồn quá mỏng, dễ hư hỏng và thời gian giao hàng quá chậm nên sẽ bị trừ điểm",2,negative,rating_2,25,test
sent_004425,"Thời gian thời gian giao hàng lâu quá, hàng có trầy xước, các bạn có thể nghe qua nhưng không phải, chắc mẫu máy của nó bị lỗi, mình đang dùng Oppo f11",2,negative,rating_2,33,test
sent_004426,"Vì nghe nói nhưng cửa hàng nhắn tin liên tục nhưng không thấy hồi âm, thời gian thời gian giao hàng lâu",2,negative,rating_2,22,valid
sent_004427,Thời gian thời gian giao hàng dài,2,negative,rating_2,7,train
sent_004428,"thời gian giao hàng sau tầm 1 tuần đặt như ghi trong mô tả, gói hàng tốt, cơ mà trừ vì chất lượng maybe phù hợp vs giá tiền thôi ==, nghe rất chán , xoay chân tai nghe thì nhạc cx cứ dừng vs tiếp, khó chịu",2,negative,rating_2,48,train
sent_004429,thời gian giao hàng thì chậm,2,negative,rating_2,6,test
sent_004430,thời gian giao hàng k đúng mẫu shop k có trach nhiệm đổi,2,negative,rating_2,13,train
sent_004431,thời gian giao hàng không đúng đơn đặt m8 _2m nhưng giao m6_m8 đã ntin mà shop không trả lời,1,negative,rating_1,20,test
sent_004432,thời gian giao hàng không đúng mẫu đã chọn,2,negative,rating_2,9,train
sent_004433,thời gian giao hàng không đúng với mẫu đặt?,2,negative,rating_2,9,train
sent_004434,thời gian giao hàng quá chậm,1,negative,rating_1,6,test
sent_004435,thời gian giao hàng sai,2,negative,rating_2,5,valid
sent_004436,"thời gian giao hàng sai mẫu, dịch vụ k tốt",1,negative,rating_1,10,train
sent_004437,kí nhận hàng 0đ của khách k giao khiếu nại gần 1 tháng mới đến thời gian giao hàng,1,negative,rating_1,19,train
sent_004438,Mình chưa nhận được hàng mà lại đề là thời gian giao hàng thành công là sao???,1,negative,rating_1,17,train
sent_004439,"sản phẩm bị lỗi nhiều,chất lượng kém,thời gian giao hàng nhanh",2,negative,rating_2,11,train
sent_004440,Sản phẩm quá tệ mới thời gian giao hàng và bỏ lên giường thì đã thấy rách như thế này,1,negative,rating_1,20,train
sent_004441,"Sản phẩm sai giao mẫu, đặt cái mẫu rõ đẹp rõ sang xong thời gian giao hàng về là 1 cái mẫu cho trẻ con, chú shipper và khá cọc cằn, nói chuyện qua điện thoại hay ship đến cũng nói chuyện rất khó chịu",1,negative,rating_1,45,train
sent_004442,"Vải xấu, bo chun ngắn dễ tuột, thời gian giao hàng lâu, shop giao sai mã liên hệ lại không trả lời 🙄",1,negative,rating_1,23,train
sent_004443,thời gian giao hàng chậm,2,negative,rating_2,5,train
sent_004444,"thời gian giao hàng không đúng cách, vải dính, rất kém",1,negative,rating_1,11,train
sent_004445,Bắt đầu đặt hàng từ ngày 11/11 nhưng đến ngày 19 mới thời gian giao hàng cho người vận chuyển,2,negative,rating_2,20,train
sent_004446,thời gian giao hàng không đúng đơn hàng m8 _2m mà m6_m8 thời gian giao hàng có ntin mà cửa hàng ko trả lời,1,negative,rating_1,24,valid
sent_004447,thời gian giao hàng không có trên mô hình đã chọn,2,negative,rating_2,11,train
sent_004448,thời gian giao hàng không đúng mẫu đơn đặt hàng?,2,negative,rating_2,10,valid
sent_004449,Lỗi thời gian giao hàng,2,negative,rating_2,5,train
sent_004450,"Lỗi thời gian giao hàng mẫu, dịch vụ tốt",1,negative,rating_1,9,train
sent_004451,thời gian giao hàng không đúng,2,negative,rating_2,6,test
sent_004452,Lỗi thời gian giao hàng mẫu,2,negative,rating_2,6,valid
sent_004453,Lỗi thời gian giao hàng mẫu :)),1,negative,rating_1,7,train
sent_004454,"thời gian giao hàng k đúng màu, mua lõi gối trong vỏ gối",1,negative,rating_1,13,test
sent_004455,"Đã kí gửi khách k phàn nàn thời gian giao hàng 0đ, gần 1 tháng mới thời gian giao hàng",1,negative,rating_1,20,train
sent_004456,"Tôi chưa nhận được hàng, nhưng vấn đề là thời gian giao hàng có thành công không? ? ?",1,negative,rating_1,19,test
sent_004457,"Mình đã hủy đơn hàng nhưng cửa hàng vẫn thời gian giao hàng, màu đẹp hơn nắng mùa thu",1,negative,rating_1,19,test
sent_004458,"Nhiều sản phẩm lỗi, kém chất lượng, thời gian giao hàng nhanh chóng",2,negative,rating_2,13,train
sent_004459,Cửa hàng không kiểm tra hàng hóa trước khi thời gian giao hàng cho khách,2,negative,rating_2,15,train
sent_004460,"Vải kém, co giãn kém, dễ tuột, thời gian thời gian giao hàng lâu, sai thông tin liên hệ cửa hàng, không ai trả lời",1,negative,rating_1,25,train
sent_004461,"Sản phẩm sai giao mẫu, mua cái mẫu rõ đẹp rõ sang xong thời gian giao hàng về là 1 cái mẫu cho trẻ con, chú shipper và khá cọc cằn, nói chuyện qua điện thoại hay ship đến cũng nói chuyện rất khó chịu",1,negative,rating_1,45,train
sent_004462,Bắt đầu mua hàng từ ngày 11/11 nhưng đến ngày 19 mới thời gian giao hàng cho người vận chuyển,2,negative,rating_2,20,train
sent_004463,thời gian giao hàng không đúng mẫu đơn mua hàng?,2,negative,rating_2,10,train
sent_004464,thời gian giao hàng không đúng đơn mua m8 _2m nhưng giao m6_m8 đã ntin mà shop không trả lời,1,negative,rating_1,20,train
sent_004465,thời gian giao hàng không đúng với mẫu mua?,2,negative,rating_2,9,train
sent_004466,"Đã nhận được hàng rồi, thời gian giao hàng nhanh chóng, k dc ưng cho lăm nak",3,neutral,rating_3,17,train
sent_004467,"thời gian giao hàng nhanh, chất lượng bình thường, đường may sơ sài, mua 5 cái quần thì shop gửi 1 cái bị ố vàng, lần sau shop nên chú ý kiểm tra trước khi thời gian giao hàng cho khách",2,negative,rating_2,41,test
sent_004468,thời gian giao hàng quá muộn,1,negative,rating_1,6,test
sent_004469,Chưa hài lòng lắm vì thời gian giao hàng k đúng mẫu,2,negative,rating_2,12,train
sent_004470,Chất lượng sản phẩm ổn vừa với giá tiền nhưng thời gian giao hàng hơi lâu và vải bị dóc chỉ sau 1 lần giặt,2,negative,rating_2,25,valid
sent_004471,thời gian giao hàng nhanh sản phẩm ngon shop phục vụ rất tốt khuyến mãi nhiều,5,positive,rating_5,16,train
sent_004472,thời gian giao hàng k đúng mẫu,2,negative,rating_2,7,test
sent_004473,Đóng gói kỹ thời gian giao hàng nhanh chóng nhưng chất liệu không làm cotton nên rất nóng,3,neutral,rating_3,18,valid
sent_004474,"thời gian giao hàng nhanh, chất liệu ok, chỉ là giao sai mẫu đặt thôi",4,positive,rating_4,15,train
sent_004475,"thời gian giao hàng chậm, màu k như hình",1,negative,rating_1,9,train
sent_004476,"Chăn màu hơi đậm hơn hình, phù hợp giá tiền nhưng thời gian giao hàng quá lâu, dự kiến ngày 11 mà tận 13 mới nhận",2,negative,rating_2,26,test
sent_004477,"Chất lượng sản phẩm giống cam kết,thời gian giao hàng đúng thời gian",5,positive,rating_5,13,train
sent_004478,thời gian giao hàng nhanh sản phẩm ngon shop phục vụ tốt,5,positive,rating_5,12,train
sent_004479,thời gian giao hàng lâu có nửa tháng mới nhận được,2,negative,rating_2,11,train
sent_004480,"thời gian giao hàng nhanh, ok",4,positive,rating_4,6,valid
sent_004481,"Đã nhận hàng, thời gian giao hàng nhanh chóng, không hài lòng năm nak",3,neutral,rating_3,14,train
sent_004482,"thời gian giao hàng nhanh, chất lượng bình thường, đường khâu thô, mua 5 đôi quần tây shop mình sẽ nhuộm 1 chiếc quần tây, các bạn lưu ý kiểm tra hàng trước khi chuyển hàng cho khách lần sau mua hàng nhé",2,negative,rating_2,43,train
sent_004483,"thời gian giao hàng nhanh chóng, đúng mẫu, đúng loại, hình ảnh đẹp",4,positive,rating_4,13,train
sent_004484,"Tất cả hàng đã được giao, thời gian này tốc độ thời gian giao hàng là khá nhanh",4,positive,rating_4,18,train
sent_004485,"Đóng gói tốt, nhưng thời gian giao hàng ít",3,neutral,rating_3,9,test
sent_004486,"Đặt mẫu số 4 trong hình, phần trên màu xám, nhưng thời gian giao hàng màu xanh, phần chỉ cắt không gọn gàng, nhìn thô, biết bao nhiêu tiền, nhưng cửa hàng nên cẩn thận hơn",1,negative,rating_1,36,test
sent_004487,"Chất lượng sản phẩm tạm ổn giá cả nhưng thời gian thời gian giao hàng lâu, chỉ sau một lần giặt sẽ bị nhão vải",2,negative,rating_2,25,test
sent_004488,"thời gian giao hàng nhanh chóng, sản phẩm ngon tại cửa hàng, khuyến mãi dịch vụ tốt",5,positive,rating_5,17,train
sent_004489,Được đóng gói đúng quy cách và có thể thời gian giao hàng nhanh chóng nhưng chất liệu này không thể thành cotton nên rất nóng,3,neutral,rating_3,26,train
sent_004490,"thời gian giao hàng nhanh chóng, chất liệu ổn, nhưng mẫu đơn đặt hàng bị sai",4,positive,rating_4,16,train
sent_004491,"Tốc độ thời gian giao hàng chậm, màu k như hình",1,negative,rating_1,11,test
sent_004492,Chăn màu hơi đậm so với hình phù hợp với giá cả nhưng thời gian thời gian giao hàng lâu quá,2,negative,rating_2,21,train
sent_004493,"Chất lượng sản phẩm đúng như lời hứa, thời gian giao hàng đúng hẹn",5,positive,rating_5,14,train
sent_004494,Lỗi thời gian giao hàng sản phẩm,2,negative,rating_2,7,train
sent_004495,Nhận thời gian giao hàng,3,neutral,rating_3,5,test
sent_004496,"thời gian giao hàng nhanh chóng, sản phẩm ngon và dịch vụ tốt",5,positive,rating_5,13,train
sent_004497,thời gian giao hàng nửa tháng mới nhận được,2,negative,rating_2,9,train
sent_004498,tủ sách tốt nhưng thái độ người tốc độ giao hàng ko tốt,3,neutral,rating_3,13,train
sent_004499,"tủ tốt, nhưng tốc độ giao hàng hơi lâu",3,neutral,rating_3,9,train
sent_004500,"chỉ tốc độ giao hàng chậm quá thôi, tủ đẹp, và chắc chắn,",3,neutral,rating_3,13,train
sent_004501,tủ đẹp 4 sao vì tốc độ giao hàng chậm,3,neutral,rating_3,10,train
sent_004502,sản phẩm sách tốt nhưng thái độ người tốc độ giao hàng ko tốt,3,neutral,rating_3,14,train
sent_004503,"sản phẩm tốt, nhưng tốc độ giao hàng hơi lâu",3,neutral,rating_3,10,train
sent_004504,"chỉ tốc độ giao hàng chậm quá thôi, sản phẩm đẹp, và chắc chắn,",3,neutral,rating_3,14,train
sent_004505,sản phẩm đẹp 4 sao vì tốc độ giao hàng chậm,3,neutral,rating_3,11,test
sent_004506,sp sách tốt nhưng thái độ người tốc độ giao hàng ko tốt,3,neutral,rating_3,13,valid
sent_004507,"sp tốt, nhưng tốc độ giao hàng hơi lâu",3,neutral,rating_3,9,train
sent_004508,"chỉ tốc độ giao hàng chậm quá thôi, sp đẹp, và chắc chắn,",3,neutral,rating_3,13,valid
sent_004509,sp đẹp 4 sao vì tốc độ giao hàng chậm,3,neutral,rating_3,10,valid
sent_004510,hàng sách tốt nhưng thái độ người tốc độ giao hàng ko tốt,3,neutral,rating_3,13,train
sent_004511,"hàng tốt, nhưng tốc độ giao hàng hơi lâu",3,neutral,rating_3,9,train
sent_004512,"chỉ tốc độ giao hàng chậm quá thôi, hàng đẹp, và chắc chắn,",3,neutral,rating_3,13,train
sent_004513,hàng đẹp 4 sao vì tốc độ giao hàng chậm,3,neutral,rating_3,10,train
sent_004514,"hàng chất lượng giữ nhiệt rất tốt mình đánh giá 5 sao cho hàng, nhưng dịch vụ tốc độ giao hàng bên tiki thật sự mình không hài lòng, order hôm 22/5 tiki cfm giao 27/5 mà ko giao, sau đó nhắn tin tốc độ giao hàng ngày 29/5 nhưng cũng ko giao và ko nhắn tin báo lại",3,neutral,rating_3,59,train
sent_004515,tủ sách khá tốt nhưng thái độ người tốc độ giao hàng ko khá tốt,3,neutral,rating_3,15,train
sent_004516,"tủ khá tốt , nhưng tốc độ giao hàng hơi lâu",3,neutral,rating_3,11,test
sent_004517,sản phẩm sách khá tốt nhưng thái độ người tốc độ giao hàng ko khá tốt,3,neutral,rating_3,16,train
sent_004518,"sản phẩm khá tốt , nhưng tốc độ giao hàng hơi lâu",3,neutral,rating_3,12,train
sent_004519,sp sách khá tốt nhưng thái độ người tốc độ giao hàng ko khá tốt,3,neutral,rating_3,15,train
sent_004520,"sp khá tốt , nhưng tốc độ giao hàng hơi lâu",3,neutral,rating_3,11,test
sent_004521,hàng sách khá tốt nhưng thái độ người tốc độ giao hàng ko khá tốt,3,neutral,rating_3,15,train
sent_004522,"hàng khá tốt , nhưng tốc độ giao hàng hơi lâu",3,neutral,rating_3,11,train
sent_004523,"hàng chất lượng giữ nhiệt rất khá tốt mình đánh giá 5 sao cho hàng, nhưng dịch vụ tốc độ giao hàng bên tiki thật sự mình không hài lòng, order hôm 22/5 tiki cfm giao 27/5 mà ko giao, sau đó nhắn tin tốc độ giao hàng ngày 29/5 nhưng cũng ko giao và ko nhắn tin báo lại",3,neutral,rating_3,60,train
sent_004524,"Sản phẩm chất lượng giữ nhiệt rất tốt mình đánh giá 5 sao cho sản phẩm, nhưng dịch vụ tốc độ giao hàng bên tiki thật sự mình không hài lòng, order hôm 22/5 tiki cfm giao 27/5 mà ko giao, sau đó nhắn tin tốc độ giao hàng ngày 29/5 nhưng cũng ko giao và ko nhắn tin báo lại",3,neutral,rating_3,61,test
sent_004525,Tủ sách tốt nhưng người tốc độ giao hàng không tốt,3,neutral,rating_3,11,test
sent_004526,Tủ tốt nhưng thời gian tốc độ giao hàng hơi lâu,3,neutral,rating_3,11,train
sent_004527,"tốc độ giao hàng quá chậm, tất nhiên là tủ tốt,",3,neutral,rating_3,11,train
sent_004528,Tủ đẹp nên cho 4 sao vì tốc độ giao hàng chậm,3,neutral,rating_3,12,train
sent_004529,"Việc lắp ráp sản phẩm cũng rất dễ dàng, tuy nhiên cần lưu ý những con vít bên hông sản phẩm, những con vít này sẽ làm mất mỹ quan và không được tốc độ giao hàng không đúng thời gian, màu sắc phù hợp với 619k VNĐ 1 sản phẩm.",3,neutral,rating_3,51,train
sent_004530,Sản phẩm tốt nhưng thời gian tốc độ giao hàng hơi lâu,3,neutral,rating_3,12,train
sent_004531,"Tốc độ tốc độ giao hàng quá chậm, sản phẩm đẹp, chắc chắn rằng",3,neutral,rating_3,14,valid
sent_004532,"Lắp ráp lắp ráp cũng dễ dàng nhưng lưu ý ốc vít bên hông sản phẩm làm mất mỹ quan, tốc độ giao hàng đúng hẹn, đúng màu, một sản phẩm là 619k đồng.",3,neutral,rating_3,34,train
sent_004533,sp tốt nhưng thời gian tốc độ giao hàng hơi lâu,3,neutral,rating_3,11,train
sent_004534,"tốc độ giao hàng quá chậm, quá đẹp, và chắc chắn sẽ như vậy,",3,neutral,rating_3,14,train
sent_004535,Sản phẩm đẹp bốn sao vì tốc độ giao hàng chậm,3,neutral,rating_3,11,train
sent_004536,Hàng quốc tế nên tốc độ giao hàng hơi lâu,2,negative,rating_2,10,train
sent_004537,"tốc độ giao hàng hơi chậm, hàng tạm ổn, có nút tạm dừng bị hỏng, đóng gói cẩn thận",2,negative,rating_2,19,train
sent_004538,"tốc độ giao hàng lâu, loa maximum mà nghe nhỏ quá",2,negative,rating_2,11,train
sent_004539,"Thời gian tốc độ giao hàng chậm thê thảm,dây nhựa xoắn bọc,chất lượng bình thường,độ bền phải dùng mới biết",2,negative,rating_2,20,test
sent_004540,"Tai nghe sử dụng tốt, to tốc độ giao hàng nhanh và chắc chắn, đáng tiên",5,positive,rating_5,16,train
sent_004541,"Thời gian tốc độ giao hàng lâu, đầu tai nghe 1 bên miếng giảm ồn màu bạc bị long",1,negative,rating_1,19,train
sent_004542,"tốc độ giao hàng nhanh, đóng gói ổn",4,positive,rating_4,8,train
sent_004543,"tốc độ giao hàng hơi lâu, một bên tai nghe không nghe được gì hết ,",1,negative,rating_1,16,train
sent_004544,tốc độ giao hàng nhanh,4,positive,rating_4,5,train
sent_004545,"Nghe ổn nhưng mùi hắc, dây vải chạm vào người hơi ngứa, tốc độ giao hàng lâu nhưng với giá này chất lượng vậy là đương nhiên 👍🏻",2,negative,rating_2,28,train
sent_004546,Nghe tương đối ổn nhưng dây quá mỏng nên dễ bị hư và tốc độ giao hàng quá chậm nên sẽ trừ điểm,2,negative,rating_2,23,test
sent_004547,tốc độ giao hàng quá lâu hàng bị trầy sướt nghe thì ổn nhưng cấm vào nghe nó rè rè sao đâu ấy chắc tui nghĩ ko đúng dòng máy của nó tui sài Oppo f11,2,negative,rating_2,36,valid
sent_004548,tốc độ giao hàng đúng hẹn,3,neutral,rating_3,6,train
sent_004549,"tốc độ giao hàng khá lâu, tai nghe thì tiếng cứ bị gì ấy, nói hàng dở thật nghe ko sướng chút nào",1,negative,rating_1,23,train
sent_004550,"Tại nghe đc nhưng mà shop nhắn mãi mà ko thấy hồi âm ,tốc độ giao hàng lâu",2,negative,rating_2,18,train
sent_004551,tốc độ giao hàng lâu,2,negative,rating_2,5,test
sent_004552,"tốc độ giao hàng sau tầm 1 tuần đặt như ghi trong mô tả, gói hàng ok, cơ mà trừ vì chất lượng maybe phù hợp vs giá tiền thôi ==, nghe rất chán , xoay chân tai nghe thì nhạc cx cứ dừng vs tiếp, khó chịu",2,negative,rating_2,48,train
sent_004553,tốc độ giao hàng đúng loại,3,neutral,rating_3,6,test
sent_004554,Nhân viên tốc độ giao hàng cục súc hàng thì coi trên mẫu là nó có cái cục âm thanh nhưng đặc hàng giao ra thì hk có🙁Hơi thất vọng 1 chút xíu 🤦,1,negative,rating_1,34,train
sent_004555,tốc độ giao hàng lâu đến tận hai tuần mà tai nghe cũng ổn tàm tạm giá cả phù hợp với chất âm cho 3 sao,2,negative,rating_2,26,train
sent_004556,"tốc độ giao hàng lâu , giao thiếu hàng , chất lượng sài ổn",2,negative,rating_2,14,train
sent_004557,Thời gian tốc độ giao hàng nhanh tôi sẽ ủng hộ shop lần sau,4,positive,rating_4,14,train
sent_004558,tốc độ giao hàng hơi lâu,2,negative,rating_2,6,train
sent_004559,"Nghe thì ngon nhưng vị dở, vải hơi ngứa, tốc độ giao hàng lâu nhưng với giá này là đương nhiên 👍🏻",2,negative,rating_2,22,train
sent_004560,"Nghe có vẻ hay hơn nhưng dây nguồn quá mỏng, dễ hư hỏng và tốc độ giao hàng quá chậm nên sẽ bị trừ điểm",2,negative,rating_2,25,train
sent_004561,"Thời gian tốc độ giao hàng lâu quá, hàng có trầy xước, các bạn có thể nghe qua nhưng không phải, chắc mẫu máy của nó bị lỗi, mình đang dùng Oppo f11",2,negative,rating_2,33,train
sent_004562,"Vì nghe nói nhưng cửa hàng nhắn tin liên tục nhưng không thấy hồi âm, thời gian tốc độ giao hàng lâu",2,negative,rating_2,22,train
sent_004563,Thời gian tốc độ giao hàng dài,2,negative,rating_2,7,train
sent_004564,"tốc độ giao hàng sau tầm 1 tuần đặt như ghi trong mô tả, gói hàng tốt, cơ mà trừ vì chất lượng maybe phù hợp vs giá tiền thôi ==, nghe rất chán , xoay chân tai nghe thì nhạc cx cứ dừng vs tiếp, khó chịu",2,negative,rating_2,48,train
sent_004565,tốc độ giao hàng thì chậm,2,negative,rating_2,6,test
sent_004566,tốc độ giao hàng k đúng mẫu shop k có trach nhiệm đổi,2,negative,rating_2,13,test
sent_004567,tốc độ giao hàng không đúng đơn đặt m8 _2m nhưng giao m6_m8 đã ntin mà shop không trả lời,1,negative,rating_1,20,train
sent_004568,tốc độ giao hàng không đúng mẫu đã chọn,2,negative,rating_2,9,train
sent_004569,tốc độ giao hàng không đúng với mẫu đặt?,2,negative,rating_2,9,train
sent_004570,tốc độ giao hàng quá chậm,1,negative,rating_1,6,train
sent_004571,tốc độ giao hàng sai,2,negative,rating_2,5,train
sent_004572,"tốc độ giao hàng sai mẫu, dịch vụ k tốt",1,negative,rating_1,10,train
sent_004573,kí nhận hàng 0đ của khách k giao khiếu nại gần 1 tháng mới đến tốc độ giao hàng,1,negative,rating_1,19,test
sent_004574,Mình chưa nhận được hàng mà lại đề là tốc độ giao hàng thành công là sao???,1,negative,rating_1,17,train
sent_004575,"sản phẩm bị lỗi nhiều,chất lượng kém,tốc độ giao hàng nhanh",2,negative,rating_2,11,train
sent_004576,Sản phẩm quá tệ mới tốc độ giao hàng và bỏ lên giường thì đã thấy rách như thế này,1,negative,rating_1,20,train
sent_004577,"Sản phẩm sai giao mẫu, đặt cái mẫu rõ đẹp rõ sang xong tốc độ giao hàng về là 1 cái mẫu cho trẻ con, chú shipper và khá cọc cằn, nói chuyện qua điện thoại hay ship đến cũng nói chuyện rất khó chịu",1,negative,rating_1,45,train
sent_004578,"Vải xấu, bo chun ngắn dễ tuột, tốc độ giao hàng lâu, shop giao sai mã liên hệ lại không trả lời 🙄",1,negative,rating_1,23,train
sent_004579,tốc độ giao hàng chậm,2,negative,rating_2,5,valid
sent_004580,"tốc độ giao hàng không đúng cách, vải dính, rất kém",1,negative,rating_1,11,valid
sent_004581,Bắt đầu đặt hàng từ ngày 11/11 nhưng đến ngày 19 mới tốc độ giao hàng cho người vận chuyển,2,negative,rating_2,20,train
sent_004582,tốc độ giao hàng không đúng đơn hàng m8 _2m mà m6_m8 tốc độ giao hàng có ntin mà cửa hàng ko trả lời,1,negative,rating_1,24,train
sent_004583,tốc độ giao hàng không có trên mô hình đã chọn,2,negative,rating_2,11,valid
sent_004584,tốc độ giao hàng không đúng mẫu đơn đặt hàng?,2,negative,rating_2,10,train
sent_004585,Lỗi tốc độ giao hàng,2,negative,rating_2,5,test
sent_004586,"Lỗi tốc độ giao hàng mẫu, dịch vụ tốt",1,negative,rating_1,9,train
sent_004587,tốc độ giao hàng không đúng,2,negative,rating_2,6,valid
sent_004588,Lỗi tốc độ giao hàng mẫu,2,negative,rating_2,6,train
sent_004589,Lỗi tốc độ giao hàng mẫu :)),1,negative,rating_1,7,train
sent_004590,"tốc độ giao hàng k đúng màu, mua lõi gối trong vỏ gối",1,negative,rating_1,13,train
sent_004591,"Đã kí gửi khách k phàn nàn tốc độ giao hàng 0đ, gần 1 tháng mới tốc độ giao hàng",1,negative,rating_1,20,train
sent_004592,"Tôi chưa nhận được hàng, nhưng vấn đề là tốc độ giao hàng có thành công không? ? ?",1,negative,rating_1,19,train
sent_004593,"Mình đã hủy đơn hàng nhưng cửa hàng vẫn tốc độ giao hàng, màu đẹp hơn nắng mùa thu",1,negative,rating_1,19,test
sent_004594,"Nhiều sản phẩm lỗi, kém chất lượng, tốc độ giao hàng nhanh chóng",2,negative,rating_2,13,train
sent_004595,Cửa hàng không kiểm tra hàng hóa trước khi tốc độ giao hàng cho khách,2,negative,rating_2,15,valid
sent_004596,"Vải kém, co giãn kém, dễ tuột, thời gian tốc độ giao hàng lâu, sai thông tin liên hệ cửa hàng, không ai trả lời",1,negative,rating_1,25,test
sent_004597,"Sản phẩm sai giao mẫu, mua cái mẫu rõ đẹp rõ sang xong tốc độ giao hàng về là 1 cái mẫu cho trẻ con, chú shipper và khá cọc cằn, nói chuyện qua điện thoại hay ship đến cũng nói chuyện rất khó chịu",1,negative,rating_1,45,train
sent_004598,Bắt đầu mua hàng từ ngày 11/11 nhưng đến ngày 19 mới tốc độ giao hàng cho người vận chuyển,2,negative,rating_2,20,train
sent_004599,tốc độ giao hàng không đúng mẫu đơn mua hàng?,2,negative,rating_2,10,train
sent_004600,tốc độ giao hàng không đúng đơn mua m8 _2m nhưng giao m6_m8 đã ntin mà shop không trả lời,1,negative,rating_1,20,train
sent_004601,tốc độ giao hàng không đúng với mẫu mua?,2,negative,rating_2,9,train
sent_004602,"Đã nhận được hàng rồi, tốc độ giao hàng nhanh chóng, k dc ưng cho lăm nak",3,neutral,rating_3,17,train
sent_004603,"tốc độ giao hàng nhanh, chất lượng bình thường, đường may sơ sài, mua 5 cái quần thì shop gửi 1 cái bị ố vàng, lần sau shop nên chú ý kiểm tra trước khi tốc độ giao hàng cho khách",2,negative,rating_2,41,train
sent_004604,tốc độ giao hàng quá muộn,1,negative,rating_1,6,train
sent_004605,Chưa hài lòng lắm vì tốc độ giao hàng k đúng mẫu,2,negative,rating_2,12,train
sent_004606,Chất lượng sản phẩm ổn vừa với giá tiền nhưng tốc độ giao hàng hơi lâu và vải bị dóc chỉ sau 1 lần giặt,2,negative,rating_2,25,valid
sent_004607,tốc độ giao hàng nhanh sản phẩm ngon shop phục vụ rất tốt khuyến mãi nhiều,5,positive,rating_5,16,test
sent_004608,tốc độ giao hàng k đúng mẫu,2,negative,rating_2,7,train
sent_004609,Đóng gói kỹ tốc độ giao hàng nhanh chóng nhưng chất liệu không làm cotton nên rất nóng,3,neutral,rating_3,18,train
sent_004610,"tốc độ giao hàng nhanh, chất liệu ok, chỉ là giao sai mẫu đặt thôi",4,positive,rating_4,15,train
sent_004611,"Chăn màu hơi đậm hơn hình, phù hợp giá tiền nhưng tốc độ giao hàng quá lâu, dự kiến ngày 11 mà tận 13 mới nhận",2,negative,rating_2,26,train
sent_004612,"Chất lượng sản phẩm giống cam kết,tốc độ giao hàng đúng thời gian",5,positive,rating_5,13,train
sent_004613,tốc độ giao hàng nhanh sản phẩm ngon shop phục vụ tốt,5,positive,rating_5,12,test
sent_004614,tốc độ giao hàng lâu có nửa tháng mới nhận được,2,negative,rating_2,11,test
sent_004615,"tốc độ giao hàng nhanh, ok",4,positive,rating_4,6,valid
sent_004616,"Đã nhận hàng, tốc độ giao hàng nhanh chóng, không hài lòng năm nak",3,neutral,rating_3,14,train
sent_004617,"tốc độ giao hàng nhanh, chất lượng bình thường, đường khâu thô, mua 5 đôi quần tây shop mình sẽ nhuộm 1 chiếc quần tây, các bạn lưu ý kiểm tra hàng trước khi chuyển hàng cho khách lần sau mua hàng nhé",2,negative,rating_2,43,train
sent_004618,"tốc độ giao hàng nhanh chóng, đúng mẫu, đúng loại, hình ảnh đẹp",4,positive,rating_4,13,train
sent_004619,"Tất cả hàng đã được giao, thời gian này tốc độ tốc độ giao hàng là khá nhanh",4,positive,rating_4,18,valid
sent_004620,"Đóng gói tốt, nhưng tốc độ giao hàng ít",3,neutral,rating_3,9,train
sent_004621,"Đặt mẫu số 4 trong hình, phần trên màu xám, nhưng tốc độ giao hàng màu xanh, phần chỉ cắt không gọn gàng, nhìn thô, biết bao nhiêu tiền, nhưng cửa hàng nên cẩn thận hơn",1,negative,rating_1,36,train
sent_004622,"Chất lượng sản phẩm tạm ổn giá cả nhưng thời gian tốc độ giao hàng lâu, chỉ sau một lần giặt sẽ bị nhão vải",2,negative,rating_2,25,train
sent_004623,"tốc độ giao hàng nhanh chóng, sản phẩm ngon tại cửa hàng, khuyến mãi dịch vụ tốt",5,positive,rating_5,17,valid
sent_004624,Được đóng gói đúng quy cách và có thể tốc độ giao hàng nhanh chóng nhưng chất liệu này không thể thành cotton nên rất nóng,3,neutral,rating_3,26,train
sent_004625,"tốc độ giao hàng nhanh chóng, chất liệu ổn, nhưng mẫu đơn đặt hàng bị sai",4,positive,rating_4,16,valid
sent_004626,"Tốc độ tốc độ giao hàng chậm, màu k như hình",1,negative,rating_1,11,train
sent_004627,Chăn màu hơi đậm so với hình phù hợp với giá cả nhưng thời gian tốc độ giao hàng lâu quá,2,negative,rating_2,21,test
sent_004628,"Chất lượng sản phẩm đúng như lời hứa, tốc độ giao hàng đúng hẹn",5,positive,rating_5,14,test
sent_004629,Lỗi tốc độ giao hàng sản phẩm,2,negative,rating_2,7,test
sent_004630,Nhận tốc độ giao hàng,3,neutral,rating_3,5,train
sent_004631,"tốc độ giao hàng nhanh chóng, sản phẩm ngon và dịch vụ tốt",5,positive,rating_5,13,train
sent_004632,tốc độ giao hàng nửa tháng mới nhận được,2,negative,rating_2,9,train
sent_004633,"Lụi cụi 1 tôi ghép cũg cả tiếg, lần đầu ngồi ghép tủ cũg thú vị",3,neutral,rating_3,16,train
sent_004634,"Lụi cụi 1 tôi ghép cũg cả tiếg, lần đầu ngồi ghép sản phẩm cũg thú vị",3,neutral,rating_3,17,train
sent_004635,"Lụi cụi 1 tôi ghép cũg cả tiếg, lần đầu ngồi ghép sp cũg thú vị",3,neutral,rating_3,16,train
sent_004636,"Lụi cụi 1 tôi ghép cũg cả tiếg, lần đầu ngồi ghép hàng cũg thú vị",3,neutral,rating_3,16,train
sent_004637,"hàng giữ nhiệt tốt, tuy nhiên ngoại hình có 1 vết (giống vết sơn) không thể gỡ ra -> tuy không ảnh hưởng đến chức năng của bình nhưng hàng không hoàn thiện tốt ngoại hình nên tôi chỉ cho 4 sao",3,neutral,rating_3,42,train
sent_004638,"hàng chất lượng giữ nhiệt rất tốt tôi đánh giá 5 sao cho hàng, nhưng dịch vụ thời gian giao hàng bên tiki thật sự tôi không hài lòng, order hôm 22/5 tiki cfm giao 27/5 mà ko giao, sau đó nhắn tin thời gian giao hàng ngày 29/5 nhưng cũng ko giao và ko nhắn tin báo lại",3,neutral,rating_3,59,train
sent_004639,"sản phẩm tốt , nhưng hàng bị lỗi sơn , shop đổi lại giúp tôi nhé , tôi đã làm mất vỏ hộp ! Thankssssss",3,neutral,rating_3,25,valid
sent_004640,sản phẩm nhìn đẹp nhưng cho tôi hỏi có phải hàng chính hãng k ah ? mà lớp cao su dán dưới đế khi tôi nhận hàng đã bong lớp dính gần hết,3,neutral,rating_3,33,train
sent_004641,"sp tốt , nhưng hàng bị lỗi sơn , shop đổi lại giúp tôi nhé , tôi đã làm mất vỏ hộp ! Thankssssss",3,neutral,rating_3,24,train
sent_004642,sp nhìn đẹp nhưng cho tôi hỏi có phải hàng chính hãng k ah ? mà lớp cao su dán dưới đế khi tôi nhận hàng đã bong lớp dính gần hết,3,neutral,rating_3,32,train
sent_004643,"bình giữ nhiệt tốt, tuy nhiên ngoại hình có 1 vết (giống vết sơn) không thể gỡ ra -> tuy không ảnh hưởng đến chức năng của bình nhưng bình không hoàn thiện tốt ngoại hình nên tôi chỉ cho 4 sao",3,neutral,rating_3,42,train
sent_004644,"bình chất lượng giữ nhiệt rất tốt tôi đánh giá 5 sao cho bình, nhưng dịch vụ giao bình bên tiki thật sự tôi không hài lòng, order hôm 22/5 tiki cfm giao 27/5 mà ko giao, sau đó nhắn tin giao bình ngày 29/5 nhưng cũng ko giao và ko nhắn tin báo lại",3,neutral,rating_3,55,test
sent_004645,"hàng giữ nhiệt khá tốt , tuy nhiên ngoại hình có 1 vết (giống vết sơn) không thể gỡ ra -> tuy không ảnh hưởng đến chức năng của bình nhưng hàng không hoàn thiện khá tốt ngoại hình nên tôi chỉ cho 4 sao",3,neutral,rating_3,45,valid
sent_004646,"hàng chất lượng giữ nhiệt rất khá tốt tôi đánh giá 5 sao cho hàng, nhưng dịch vụ thời gian giao hàng bên tiki thật sự tôi không hài lòng, order hôm 22/5 tiki cfm giao 27/5 mà ko giao, sau đó nhắn tin thời gian giao hàng ngày 29/5 nhưng cũng ko giao và ko nhắn tin báo lại",3,neutral,rating_3,60,valid
sent_004647,"sản phẩm khá tốt , nhưng hàng bị lỗi sơn , shop đổi lại giúp tôi nhé , tôi đã làm mất vỏ hộp ! Thankssssss",3,neutral,rating_3,26,train
sent_004648,"Sản phẩm giữ nhiệt tốt, tuy nhiên ngoại hình có 1 vết (giống vết sơn) không thể gỡ ra -> tuy không ảnh hưởng đến chức năng của bình nhưng sản phẩm không hoàn thiện tốt ngoại hình nên tôi chỉ cho 4 sao",3,neutral,rating_3,44,train
sent_004649,"Sản phẩm chất lượng giữ nhiệt rất tốt tôi đánh giá 5 sao cho sản phẩm, nhưng dịch vụ thời gian giao hàng bên tiki thật sự tôi không hài lòng, order hôm 22/5 tiki cfm giao 27/5 mà ko giao, sau đó nhắn tin thời gian giao hàng ngày 29/5 nhưng cũng ko giao và ko nhắn tin báo lại",3,neutral,rating_3,61,train
sent_004650,tôi thấy sản phẩm tạm oke,3,neutral,rating_3,6,test
sent_004651,"Về giá rất ok vì mua được sale; khâu giao hơi ức chế vì kho cách nhà 3km mà hẹn lần lữa 2 hôm không giao, buộc tôi phải đến tận nơi để lấy; về sản phẩm khoan lỗ chính xác, bắt dễ dàng, tuy nhiên không đi kèm con ốc nào, ốc phải mua ngoài (1*), ván có tấm bị cong nên sp không vuông vắn lắm, để kịch xuống sàn như cái bập bênh, phải chế mấy cái chân kê để nâng lên khoảng 1cm so với sàn",3,neutral,rating_3,90,train
sent_004652,"tôi đặt hàng sau 3 4 ngày nhận được, giao bằng ninjavan",3,neutral,rating_3,12,train
sent_004653,"Sản phẩm chất lượng giữ nhiệt rất tốt tôi đánh giá 5 sao cho sản phẩm, nhưng dịch vụ giao bên tiki thật sự tôi không hài lòng, order hôm 22/5 tiki cfm giao 27/5 mà ko giao, sau đó nhắn tin giao ngày 29/5 nhưng cũng ko giao và ko nhắn tin báo lại",3,neutral,rating_3,55,train
sent_004654,"Chúng tôi ở một tôi, ghép toàn bộ mọi thứ lại với nhau, thật vui khi lần đầu tiên được ngồi cùng nhau",3,neutral,rating_3,23,train
sent_004655,"Chúng tôi ở một tôi, ghép toàn bộ mọi thứ lại với nhau, lần đầu tiên ngồi với những sản phẩm thú vị",3,neutral,rating_3,23,valid
sent_004656,"Chúng tôi được ghép với nhau một tôi, điều đó rất thú vị",3,neutral,rating_3,13,test
sent_004657,"Hàng sale nên tôi cũng không mong đợi nhiều, nhưng mà mới xài 1 tuần rồi im luôn không nghe được gì cũng hơi chán",2,negative,rating_2,25,valid
sent_004658,Tai nghe của tôi bị ngược mất thất vọng,1,negative,rating_1,9,train
sent_004659,"Hình thức nhìn oke nhg tai nghe thấy lúc to lúc nhỏ, kiểu tôi phải điều chỉnh dây ý xog n cứ tậm tạch",2,negative,rating_2,24,train
sent_004660,"Tai nghe chả hiểu sao lúc gói đơn không kiểm tra hay sao mà gửi tai nghe lỗi cho tôi, 2 chỗ tai nghe cùng 1 phía thì nghe kiểu gì, đút cùng 1 bên tai à?",1,negative,rating_1,37,train
sent_004661,"tôi dùng iphone cắm vào thì lúc nói mic bị bé, đầu bên kia nghe ko rõ",2,negative,rating_2,17,train
sent_004662,Mặc dù vẫn nghe được 2 bên nhưng shop làm vậy tôi cảm thấy hơi buồn dẫu cũng là flash sale nhưng ít ra có lương tâm một tí,2,negative,rating_2,29,valid
sent_004663,"Sp ok nhưng shop giao nhầm màu trừ 1 sao, con chuột của tôi hny bị chết buồn nên trừ 2 sao, dnjskandnfjwkaj dkksnf kskebfjfjccsk",3,neutral,rating_3,25,train
sent_004664,Lúc cắm tai nghe vào cứ coi YouTube là toàn bị bật google trong khi tôi không bật rất khó chịu còn lại ok hết,2,negative,rating_2,25,train
sent_004665,"Thời gian thời gian giao hàng lâu quá, hàng có trầy xước, các bạn có thể nghe qua nhưng không phải, chắc mẫu máy của nó bị lỗi, tôi đang dùng Oppo f11",2,negative,rating_2,33,valid
sent_004666,"Ok nhưng cửa hàng giao nhầm màu trừ 1 sao, chuột tôi buồn nên trừ 2 sao, dnjskandnfjwkaj dkksnf kskebfjfjccsk",3,neutral,rating_3,20,train
sent_004667,"Sp tốt nhưng shop giao nhầm màu trừ 1 sao, con chuột của tôi hny bị chết buồn nên trừ 2 sao, dnjskandnfjwkaj dkksnf kskebfjfjccsk",3,neutral,rating_3,25,train
sent_004668,Lúc cắm tai nghe vào cứ coi YouTube là toàn bị bật google trong khi tôi không bật rất khó chịu còn lại tốt hết,3,neutral,rating_3,25,train
sent_004669,"Bây giờ cái sai cỡ, tôi để làm gì đây? Shop làm ơn khi soạn hàng thì căng mắt lên mà nhìn cho đúng",1,negative,rating_1,24,train
sent_004670,"Làm tôi bao ko vừa , bực tôi quá đi",1,negative,rating_1,10,train
sent_004671,tôi đã ngâm comfor nhưng cái shop giao nhầm cỡ mùi hôi vẫn nồng nặc,1,negative,rating_1,15,test
sent_004672,tôi đặt một màu giờ lại ship về một màu,2,negative,rating_2,10,test
sent_004673,tôi sẽ trả hàng,3,neutral,rating_3,4,train
sent_004674,Mn lưu ý chọn đúng màu và mẫu tôi muốn,3,neutral,rating_3,10,train
sent_004675,Vì mua với giá quá rẻ nên tôi cũng ko có ý định bắt shop phải đổi cho tôi,3,neutral,rating_3,19,train
sent_004676,"Cạn lời, nt thì ko trả lời nệm 1m8,2m mà mặc vô như này tôi bó tay haizzzz",1,negative,rating_1,18,valid
sent_004677,tôi có nhắn tin rieng cho shop để đổi mẫu sau khi đặt shop ko trả lời và tự ý giao mẫu tôi ko thích shop có tôn trọng ng mua không?,1,negative,rating_1,32,test
sent_004678,tôi chưa nhận được hàng mà lại đề là thời gian giao hàng thành công là sao???,1,negative,rating_1,17,train
sent_004679,"tôi đã hủy đơn hàng mà shop vẫn giao, màu thì hơn mùa thu tỏa nắng",1,negative,rating_1,16,test
sent_004680,"tôi đặt 1 kiểu, ship cho tôi 1 kiểu rồi giờ ib shop để giải quyết thì toàn tin nhắn auto thế này",1,negative,rating_1,23,train
sent_004681,"tôi đặt ga giường và gối cùng mẫu 27, đến lúc nhận được hàng thì màu ga và gối ko hề liên quan đến nhau",2,negative,rating_2,25,train
sent_004682,"Sp có màu khong giống hình, màu quá tươi so với mẫu, k hợp ý tôihh",2,negative,rating_2,16,train
sent_004683,"tôi không dám mua lần thứ 2, mong nhà tôi khuyên không nên mua ở đây",1,negative,rating_1,16,test
sent_004684,Vì tôi mua với giá rẻ nên không có ý định ép cửa hàng thay cho tôi,3,neutral,rating_3,17,train
sent_004685,"Sau khi tôi đặt hàng cửa hàng có nhắn tin yêu cầu cửa hàng đổi mẫu, không trả lời và tự ý cung cấp mẫu, có phải như vậy tôi không thích cửa hàng tôn trọng người mua hàng?",1,negative,rating_1,39,train
sent_004686,"tôi đã hủy đơn hàng nhưng cửa hàng vẫn thời gian giao hàng, màu đẹp hơn nắng mùa thu",1,negative,rating_1,19,train
sent_004687,tôi đặt chăn ga gối đệm mẫu 27,2,negative,rating_2,8,test
sent_004688,"Màu không phù hợp với hình, màu quá sáng so với mẫu, không phù hợp với tôi",2,negative,rating_2,17,train
sent_004689,"Thái độ phục vụ như cứt, nếu hàng quần áo lộn xộn thì tôi không trả lời",1,negative,rating_1,17,train
sent_004690,tôi có nhắn tin rieng cho shop để đổi mẫu sau khi mua shop ko trả lời và tự ý giao mẫu tôi ko thích shop có tôn trọng ng mua không?,1,negative,rating_1,32,test
sent_004691,"tôi mua 1 kiểu, ship cho tôi 1 kiểu rồi giờ ib shop để giải quyết thì toàn tin nhắn auto thế này",1,negative,rating_1,23,valid
sent_004692,"tôi mua ga giường và gối cùng mẫu 27, đến lúc nhận được hàng thì màu ga và gối ko hề liên quan đến nhau",2,negative,rating_2,25,train
sent_004693,"Sau khi tôi mua hàng cửa hàng có nhắn tin yêu cầu cửa hàng đổi mẫu, không trả lời và tự ý cung cấp mẫu, có phải như vậy tôi không thích cửa hàng tôn trọng người mua hàng?",1,negative,rating_1,39,train
sent_004694,tôi mua chăn ga gối đệm mẫu 27,2,negative,rating_2,8,train
sent_004695,"Sản phẩm phù hợp với giá tiền, tuy nhiên shop hết hàng tự ý đổi mẫu của tôi mà không báo trước (shop có bảo là gọi điện thoại cho tôi mà không liên lạc được, nhưng mà vẫn có thể nhắn tin qua shopee cho tôi mà?) nên tôi chỉ cho 3 sao thôi! Shop rút kinh nghiệm nhé",2,negative,rating_2,60,train
sent_004696,"Hàng không giống mẫu tôi muốn, nhưng tôi vẫn nhận, và bảo shop đổi cho tôi mà shop không trả lời tôi lun vl !",1,negative,rating_1,25,train
sent_004697,Nhưng điều không như tôi muốn đó là nhầm hàng,3,neutral,rating_3,10,train
sent_004698,"thời gian giao hàng nhanh, chất lượng bình thường, đường khâu thô, mua 5 đôi quần tây shop tôi sẽ nhuộm 1 chiếc quần tây, các bạn lưu ý kiểm tra hàng trước khi chuyển hàng cho khách lần sau mua hàng nhé",2,negative,rating_2,43,test
sent_004699,Giá mắc hơn 20k mặc dù chất lượng không tệ so với chất lượng tôi mua ở cửa hàng khác,1,negative,rating_1,20,valid
sent_004700,"tôi đọc kỹ mà thấy hơi buồn: ((((Màu xám cuối cùng chuyển sang màu xanh, cửa hàng có bán thêm chăn như thế này không?) Dùng xong thấy vỏ gối bị hư, khóa lại",2,negative,rating_2,34,train
sent_004701,Sản phẩm khác mẫu tôi mong muốn nhưng tôi vẫn nhận và yêu cầu cửa hàng đổi sản phẩm cho tôi nhưng cửa hàng không phản hồi lại cho tôi nhé!,1,negative,rating_1,31,train
sent_004702,"sp phù hợp với giá tiền, tuy nhiên shop hết sp tự ý đổi mẫu của tôi mà không báo trước (shop có bảo là gọi điện thoại cho tôi mà không liên lạc được, nhưng mà vẫn có thể nhắn tin qua shopee cho tôi mà?) nên tôi chỉ cho 3 sao thôi! Shop rút kinh nghiệm nhé",2,negative,rating_2,59,test
sent_004703,"sp không giống mẫu tôi muốn, nhưng tôi vẫn nhận, và bảo shop đổi cho tôi mà shop không trả lời tôi lun vl !",1,negative,rating_1,25,train
sent_004704,Nhưng điều không như tôi muốn đó là nhầm sp,3,neutral,rating_3,10,train
sent_004705,"Giao sp nhanh, chất lượng bình thường, đường khâu thô, mua 5 đôi quần tây shop tôi sẽ nhuộm 1 chiếc quần tây, các bạn lưu ý kiểm tra sp trước khi chuyển sp cho khách lần sau mua sp nhé",2,negative,rating_2,41,train
sent_004706,Giá mắc hơn 20k mặc dù chất lượng không tệ so với chất lượng tôi mua ở cửa sp khác,1,negative,rating_1,20,test
sent_004707,"tôi đọc kỹ mà thấy hơi buồn: ((((Màu xám cuối cùng chuyển sang màu xanh, cửa sp có bán thêm chăn như thế này không?) Dùng xong thấy vỏ gối bị hư, khóa lại",2,negative,rating_2,34,valid
sent_004708,sp khác mẫu tôi mong muốn nhưng tôi vẫn nhận và yêu cầu cửa sp đổi sp cho tôi nhưng cửa sp không phản hồi lại cho tôi nhé!,1,negative,rating_1,29,train
sent_004709,"Chúng mình ở một mình, ghép toàn bộ mọi thứ lại với nhau, thật vui khi lần đầu tiên được ngồi cùng nhau",3,neutral,rating_3,23,valid
sent_004710,"Chúng mình ở một mình, ghép toàn bộ mọi thứ lại với nhau, lần đầu tiên ngồi với những sản phẩm thú vị",3,neutral,rating_3,23,train
sent_004711,"Chúng mình được ghép với nhau một mình, điều đó rất thú vị",3,neutral,rating_3,13,train
sent_004712,Thời gian giao hàng nhanh mình sẽ ủng hộ shop lần sau,4,positive,rating_4,12,train
sent_004713,mình nên làm gì nếu kích thước sai bây giờ? Các shop khi mua hàng vui lòng để mắt và nhìn đúng,1,negative,rating_1,22,test
sent_004714,mình chán với cửa hàng này,1,negative,rating_1,6,train
sent_004715,mình gọi và cửa hàng bảo mình bán hết hàng nghìn,2,negative,rating_2,11,train
sent_004716,"Làm cho mình khó chịu, rất khó chịu",1,negative,rating_1,8,test
sent_004717,mình đã đặt một màu và bây giờ mình gửi lại một màu khác,2,negative,rating_2,14,train
sent_004718,mình sẽ trở lại,3,neutral,rating_3,4,test
sent_004719,mình đã nhận được nó và không muốn sử dụng nó nữa!,1,negative,rating_1,12,train
sent_004720,"mình chưa nhận được hàng, nhưng vấn đề là giao hàng có thành công không? ? ?",1,negative,rating_1,17,test
sent_004721,mình đã đặt hàng một cái và gửi nó cho mình,1,negative,rating_1,11,train
sent_004722,Tiệm in màu khác với bộ đồ của mình: ((,1,negative,rating_1,10,valid
sent_004723,mình đã mua một màu và bây giờ mình gửi lại một màu khác,2,negative,rating_2,14,train
sent_004724,mình đã mua hàng một cái và gửi nó cho mình,1,negative,rating_1,11,valid
sent_004725,"mình không biết tất cả các mẫu 10 hoặc ntn, nhưng cửa hàng cung cấp cho mình mẫu khác mà không cần hỏi",3,neutral,rating_3,23,valid
sent_004726,K phù hợp với hình ảnh mình đã chọn,2,negative,rating_2,9,train
sent_004727,mình đặt một màu cho mình một màu khác,2,negative,rating_2,9,train
sent_004728,"Sau khi mua, mình không thể sử dụng nó, mình không biết phải làm gì",2,negative,rating_2,15,train
sent_004729,Nhưng những gì mình muốn không phải là một món hàng sai,3,neutral,rating_3,12,train
sent_004730,"May mắn thay, ứng dụng này đã được mua cho mình, không phải đăng ký",3,neutral,rating_3,15,train
sent_004731,mình quên viền cái gối,1,negative,rating_1,5,train
sent_004732,Nó hơi rộng nên mình không thể kéo dài,2,negative,rating_2,9,train
sent_004733,"mình không biết tất cả các mẫu 10 hoặc ntn, nhưng cửa sản phẩm cung cấp cho mình mẫu khác mà không cần hỏi",3,neutral,rating_3,24,train
sent_004734,Nhưng những gì mình muốn không phải là một món sản phẩm sai,3,neutral,rating_3,13,train
sent_004735,"mình không biết tất cả các mẫu 10 hoặc ntn, nhưng cửa sp cung cấp cho mình mẫu khác mà không cần hỏi",3,neutral,rating_3,23,train
sent_004736,Nhưng những gì mình muốn không phải là một món sp sai,3,neutral,rating_3,12,train
sent_004737,Nghe chơi sản phẩmme không được đâu mn :)),2,negative,rating_2,9,train
sent_004738,Chất lượng âm nsản phẩmng giá tiền,3,neutral,rating_3,7,train
sent_004739,Ảnh màu sản phẩm là sọc trắng nhưng lại giao cả sản phẩm và gối đen ghi,2,negative,rating_2,17,valid
sent_004740,Bộ sản phẩm gối giá cũng rẻ không đáng bao nhiêu mà tìm người giải quyết đến mệt nên thôi,2,negative,rating_2,20,train
sent_004741,Đặt bộ sản phẩm ghi có hoạ tiết tam giác mà ra bộ sản phẩm đô rê mon mỏng mén,1,negative,rating_1,20,train
sent_004742,sản phẩm giường chất nhiều nilon nhưg phù hợp vs giá tiền bỏ ra,3,neutral,rating_3,14,valid
sent_004743,"sản phẩm may bị lỗi nhiều, đường may vải chỗ thừa chỗ thiếu, xấu",1,negative,rating_1,14,test
sent_004744,"Nhưng bên trong sản phẩm có 1,6 thôi",3,neutral,rating_3,8,train
sent_004745,sản phẩm giường nhìn cũ dễ nhăn,2,negative,rating_2,7,train
sent_004746,"sản phẩm giường quá thối, giặt cả nửa ký bột giặt vẫn thối :(( vứt luôn",1,negative,rating_1,16,train
sent_004747,"Mình đặt sản phẩm giường và gối cùng mẫu 27, đến lúc nhận được hàng thì màu sản phẩm và gối ko hề liên quan đến nhau",2,negative,rating_2,27,train
sent_004748,"Treo đầu dê bán thịt chó, mua đc sale lỗi viền nhẹ thì cũng k chê trách gì, nhưng đặt 1m2 thì giao 1m k vừa nổi đệm, hnay mới lôi ra để lồng vào sản phẩm đc",1,negative,rating_1,38,train
sent_004749,"Ảnh màu sản phẩm là sọc trắng, nhưng có sản phẩm và gối màu đen",2,negative,rating_2,15,train
sent_004750,"Chăn sản phẩm gối đệm giá rẻ không đáng bao nhiêu, nhưng tìm người giải quyết vấn đề này thì quả là mệt mỏi",2,negative,rating_2,24,train
sent_004751,"Nhưng chỉ có 1,6 trong nhà sản phẩm",3,neutral,rating_3,8,valid
sent_004752,Mình đặt chăn sản phẩm gối đệm mẫu 27,2,negative,rating_2,9,train
sent_004753,"Màu sản phẩm gối nệm giống nhau theo kg vui lòng nhắn tin cho người bán kiểm tra, kg sẽ trả lời sau 3 ngày: ((",1,negative,rating_1,26,train
sent_004754,"Mình mua sản phẩm giường và gối cùng mẫu 27, đến lúc nhận được hàng thì màu sản phẩm và gối ko hề liên quan đến nhau",2,negative,rating_2,27,train
sent_004755,"Treo đầu dê bán thịt chó, mua đc sale lỗi viền nhẹ thì cũng k chê trách gì, nhưng mua 1m2 thì giao 1m k vừa nổi đệm, hnay mới lôi ra để lồng vào sản phẩm đc",1,negative,rating_1,38,train
sent_004756,Mình mua chăn sản phẩm gối đệm mẫu 27,2,negative,rating_2,9,train
sent_004757,"Canh sale gia re ak, ma meo hieu sao sản phẩm giuong hoi vai dai luon ak moi nguoi, chan cha buon noi, dem di tay roi nsản phẩmm nc xa phoi nang cac the loai",1,negative,rating_1,36,valid
sent_004758,Dùng 1 lần đã rách nsản phẩmng rồi,2,negative,rating_2,8,train
sent_004759,"Vải mỏng, giặt nước thứ 2 bị tưa vải nsản phẩmy đường may",1,negative,rating_1,13,valid
sent_004760,"Đặt mẫu 1,8m x2m mà gắn vào đêm 1,8m *2m ko vừa sản phẩm thì rất hôi hàng đúng màu nhưng chỉ làm được dẻ lau rồi",1,negative,rating_1,27,train
sent_004761,sản phẩm chưa đúng kích thước lắm,2,negative,rating_2,7,train
sent_004762,Khá ưng chất và màu sản phẩm nhưng shop gửi sai khích thước mình đặt 1m8 mà shop gửi 1m6,4,positive,rating_4,20,test
sent_004763,sản phẩm giường đường may bị lỗi,2,negative,rating_2,7,train
sent_004764,sản phẩm giống ảnh chất lượng khá ok tuy nhiên nặng mùi giặt nhiều lần mới hết được,3,neutral,rating_3,18,valid
sent_004765,"Bộ màu vàng, sản phẩm 1 màu vàng nhạt gối màu vàng đậm, nhìn lạc quẻ lắm ạ",1,negative,rating_1,18,train
sent_004766,sản phẩm Mỏng K dám giặt máy sợ rách huhu,2,negative,rating_2,10,test
sent_004767,"sản phẩm chất bình thường, màu cũng ok ko bị dại nhưng xử lý khiếu nại hơi kém",2,negative,rating_2,18,valid
sent_004768,sản phẩm 1m6/2m nhưng kg vừa,3,neutral,rating_3,6,test
sent_004769,Vỏ gối và sản phẩm khác màu nhau,2,negative,rating_2,8,test
sent_004770,"Về sản phẩm nệm bo vừa, còn gối thì chật, đường may không được đẹp, chỉ thừa nhiều :(((",1,negative,rating_1,19,train
sent_004771,Phải có 2 người cùng bọc mới giữ được các góc và sản phẩm giường cũng không phủ hết được độ dày/cao của nệm :( Giặt xong vẫn có mùi như mới xuất xưởng,1,negative,rating_1,34,train
sent_004772,Dùng 1 lần xé theo chiều nsản phẩmng,2,negative,rating_2,8,train
sent_004773,Chất lượng và sản phẩm tốt nhưng size cửa hàng gửi không đúng 1m8 mà size cửa hàng gửi là 1m6,4,positive,rating_4,21,train
sent_004774,sản phẩm giống ảnh và chất lượng thì tạm ổn nhưng có mùi khó rửa mấy lần mới xong,3,neutral,rating_3,19,test
sent_004775,"Máy màu vàng, sản phẩm 1 màu vàng nhạt, sản phẩm gối màu vàng đậm nhìn rất mất thẩm mỹ",1,negative,rating_1,20,train
sent_004776,sản phẩm mỏng K dám giặt máy sợ rách,2,negative,rating_2,9,train
sent_004777,"Chất lượng sản phẩms bình thường, màu sắc ổn, không bị điên nhưng xử lý phàn nàn hơi kém",2,negative,rating_2,19,train
sent_004778,sản phẩm 1m6 / 2m mà kg thôi,3,neutral,rating_3,8,test
sent_004779,Vỏ gối và sản phẩm trải giường có nhiều màu sắc khác nhau,2,negative,rating_2,13,train
sent_004780,"Đặt mẫu 1,8m x2m mà gắn vào đêm 1,8m *2m ko vừa sản phẩm thì rất hôi sản phẩm đúng màu nhưng chỉ làm được dẻ lau rồi",1,negative,rating_1,28,valid
sent_004781,Chất lượng và sản phẩm tốt nhưng size cửa sản phẩm gửi không đúng 1m8 mà size cửa sản phẩm gửi là 1m6,4,positive,rating_4,23,train
sent_004782,Chất lượng và sản phẩm tốt nhưng size cửa sp gửi không đúng 1m8 mà size cửa sp gửi là 1m6,4,positive,rating_4,21,valid
sent_004783,Khá ưng chất và màu sản phẩm nhưng shop gửi sai khích thước tôi đặt 1m8 mà shop gửi 1m6,4,positive,rating_4,20,train
sent_004784,"tủ giống hình, trông đẹp , nhưng gỗ ép hơi mềm, có 2 lỗ bị lờn không vặn vừa, tuy nhiên với giá tiền như vậy cũng tạm chấp nhận",2,negative,rating_2,30,test
sent_004785,"tủ trông đẹp , chắc chắn nhưng không đánh số mẫu gỗ và bản chỉ dẫn lắp đặt quá sơ sài dẫn đến lắp tủ rất khó",3,neutral,rating_3,27,train
sent_004786,"tủ trông đẹp , có hơi trầy xước nhưng ở mặt chấp nhận được",3,neutral,rating_3,14,test
sent_004787,"tủ trông đẹp , nhưng ráp hơi lâu và mỏi tay, do phải vặn ốc nhiều quá",3,neutral,rating_3,17,train
sent_004788,"chỉ giao hàng chậm quá thôi, tủ trông đẹp , và chắc chắn,",3,neutral,rating_3,13,test
sent_004789,tủ trông đẹp 4 sao vì giao hàng chậm,3,neutral,rating_3,9,test
sent_004790,"sản phẩm giống hình, trông đẹp , nhưng gỗ ép hơi mềm, có 2 lỗ bị lờn không vặn vừa, tuy nhiên với giá tiền như vậy cũng tạm chấp nhận",2,negative,rating_2,31,valid
sent_004791,"sản phẩm trông đẹp , chắc chắn nhưng không đánh số mẫu gỗ và bản chỉ dẫn lắp đặt quá sơ sài dẫn đến lắp sản phẩm rất khó",3,neutral,rating_3,29,train
sent_004792,"sản phẩm trông đẹp , có hơi trầy xước nhưng ở mặt chấp nhận được",3,neutral,rating_3,15,train
sent_004793,"sản phẩm trông đẹp , nhưng ráp hơi lâu và mỏi tay, do phải vặn ốc nhiều quá",3,neutral,rating_3,18,train
sent_004794,"chỉ giao hàng chậm quá thôi, sản phẩm trông đẹp , và chắc chắn,",3,neutral,rating_3,14,train
sent_004795,sản phẩm trông đẹp 4 sao vì giao hàng chậm,3,neutral,rating_3,10,train
sent_004796,"sp giống hình, trông đẹp , nhưng gỗ ép hơi mềm, có 2 lỗ bị lờn không vặn vừa, tuy nhiên với giá tiền như vậy cũng tạm chấp nhận",2,negative,rating_2,30,test
sent_004797,"sp trông đẹp , chắc chắn nhưng không đánh số mẫu gỗ và bản chỉ dẫn lắp đặt quá sơ sài dẫn đến lắp sp rất khó",3,neutral,rating_3,27,train
sent_004798,"sp trông đẹp , có hơi trầy xước nhưng ở mặt chấp nhận được",3,neutral,rating_3,14,train
sent_004799,"sp trông đẹp , nhưng ráp hơi lâu và mỏi tay, do phải vặn ốc nhiều quá",3,neutral,rating_3,17,valid
sent_004800,"chỉ giao hàng chậm quá thôi, sp trông đẹp , và chắc chắn,",3,neutral,rating_3,13,train
sent_004801,sp trông đẹp 4 sao vì giao hàng chậm,3,neutral,rating_3,9,train
sent_004802,"hàng giống hình, trông đẹp , nhưng gỗ ép hơi mềm, có 2 lỗ bị lờn không vặn vừa, tuy nhiên với giá tiền như vậy cũng tạm chấp nhận",2,negative,rating_2,30,train
sent_004803,"hàng trông đẹp , chắc chắn nhưng không đánh số mẫu gỗ và bản chỉ dẫn lắp đặt quá sơ sài dẫn đến lắp hàng rất khó",3,neutral,rating_3,27,valid
sent_004804,"hàng trông đẹp , có hơi trầy xước nhưng ở mặt chấp nhận được",3,neutral,rating_3,14,train
sent_004805,"hàng trông đẹp , nhưng ráp hơi lâu và mỏi tay, do phải vặn ốc nhiều quá",3,neutral,rating_3,17,train
sent_004806,"chỉ giao hàng chậm quá thôi, hàng trông đẹp , và chắc chắn,",3,neutral,rating_3,13,train
sent_004807,hàng trông đẹp 4 sao vì giao hàng chậm,3,neutral,rating_3,9,valid
sent_004808,sản phẩm nhìn trông đẹp nhưng cho mình hỏi có phải hàng chính hãng k ah ? mà lớp cao su dán dưới đế khi mình nhận hàng đã bong lớp dính gần hết,3,neutral,rating_3,34,train
sent_004809,"sản phẩm khá lớn, đựng nước uống thoải mái lun, sơn nhám nên khá bám bẩn, ae nên lau chùi thường xuyên cho trông đẹp !",3,neutral,rating_3,26,train
sent_004810,"sản phẩm trông đẹp , mẫu mã như hình nhưng ko giữ nhiệt được lâu",3,neutral,rating_3,15,valid
sent_004811,"sản phẩm trông đẹp , giữ nhiệt tốt tuy nhiên hơi khó rửa, cần có búi rửa ly riêng và hơi nặng :)",3,neutral,rating_3,23,valid
sent_004812,sp nhìn trông đẹp nhưng cho mình hỏi có phải hàng chính hãng k ah ? mà lớp cao su dán dưới đế khi mình nhận hàng đã bong lớp dính gần hết,3,neutral,rating_3,33,train
sent_004813,"sp khá lớn, đựng nước uống thoải mái lun, sơn nhám nên khá bám bẩn, ae nên lau chùi thường xuyên cho trông đẹp !",3,neutral,rating_3,25,valid
sent_004814,"sp trông đẹp , mẫu mã như hình nhưng ko giữ nhiệt được lâu",3,neutral,rating_3,14,test
sent_004815,"sp trông đẹp , giữ nhiệt tốt tuy nhiên hơi khó rửa, cần có búi rửa ly riêng và hơi nặng :)",3,neutral,rating_3,22,test
sent_004816,"sản phẩm trông đẹp , giữ nhiệt khá tốt tuy nhiên hơi khó rửa, cần có búi rửa ly riêng và hơi nặng :)",3,neutral,rating_3,24,train
sent_004817,"chỉ giao chậm quá thôi, kệ trông đẹp , và chắc chắn,",3,neutral,rating_3,12,train
sent_004818,"Tủ như hình, rất trông đẹp , tuy nhiên ván ép gỗ hơi mềm và có 2 lỗ không phù hợp, nhưng giá cả chấp nhận được.",3,neutral,rating_3,27,train
sent_004819,"Tủ chắc chắn và trông đẹp nhưng không ghi thêm số mẫu gỗ, hướng dẫn lắp đặt nên thô và khó lắp đặt.",3,neutral,rating_3,23,train
sent_004820,Tủ trông đẹp nên cho 4 sao vì giao hàng chậm,3,neutral,rating_3,11,test
sent_004821,"Sản phẩm giống hình, rất trông đẹp , tuy nhiên ván ép hơi mềm và bị thủng 2 lỗ, không phù hợp nhưng giá cả chấp nhận được.",3,neutral,rating_3,28,train
sent_004822,"Sản phẩm trông đẹp và chắc chắn nhưng không có số hiệu bằng gỗ, hướng dẫn lắp đặt quá thô nên khó lắp đặt sản phẩm.",3,neutral,rating_3,26,train
sent_004823,Sản phẩm rất trông đẹp nhưng lắp ráp hơi lâu và mỏi do vặn nhiều quá,3,neutral,rating_3,16,train
sent_004824,"Tốc độ giao hàng quá chậm, sản phẩm trông đẹp , chắc chắn rằng",3,neutral,rating_3,14,train
sent_004825,"Sản phẩm nhìn trông đẹp nhưng ván ép hơi mềm và bị thủng hai lỗ, không phù hợp, nhưng giá cả như nhau và chấp nhận được.",3,neutral,rating_3,27,valid
sent_004826,"Sản phẩm trông đẹp , chắc chắn nhưng không có mẫu gỗ đánh số, hướng dẫn lắp đặt quá thô nên rất khó lắp đặt sản phẩm",3,neutral,rating_3,27,valid
sent_004827,"sp còn trông đẹp , hơi xước nhưng bên em chấp nhận được",3,neutral,rating_3,13,train
sent_004828,Sp rất trông đẹp nhưng do vặn nhiều quá nên lắp ráp hơi lâu mỏi tay.,3,neutral,rating_3,16,train
sent_004829,"Giao hàng quá chậm, quá trông đẹp , và chắc chắn sẽ như vậy,",3,neutral,rating_3,14,train
sent_004830,Sản phẩm trông đẹp bốn sao vì giao hàng chậm,3,neutral,rating_3,10,train
sent_004831,"Hàng giống hình, rất trông đẹp , tuy nhiên ván ép hơi mềm và có hai lỗ không phù hợp, nhưng giá cả như nhau chấp nhận được.",3,neutral,rating_3,28,train
sent_004832,"Shop đóng gói trông đẹp và cẩn thận, chất lượng âm thanh cũng tạm được",4,positive,rating_4,15,valid
sent_004833,Hàng trông đẹp nhưng 1 tai bị hỏng,3,neutral,rating_3,8,train
sent_004834,"Hàng quốc tế china đặt hàng qua shop mail,lâu quá hình ảnh thiết kế trông đẹp mắt,nhưng chất lượng nghe dè dè,ko ổn lắm",3,neutral,rating_3,24,train
sent_004835,Tai nghe nhìn thì trông đẹp sịn sò mà có 1 bên nghe được so giá thì chưa đáng!,3,neutral,rating_3,19,test
sent_004836,Hàng ko được trông đẹp như hình,2,negative,rating_2,7,train
sent_004837,Tai nghe cũng rất gọn nhưng âm thanh còn nghe chưa chuẩn lắm tai nghe cũng rất trông đẹp,4,positive,rating_4,19,valid
sent_004838,"Mẫu mã trông đẹp , đóng gói chắc chắn",5,positive,rating_5,9,test
sent_004839,"Tai nghe cũng rất nhỏ gọn, tuy nhiên âm thanh không được tốt lắm, tai nghe cũng rất trông đẹp",4,positive,rating_4,20,train
sent_004840,"Sản phẩm sai giao mẫu, đặt cái mẫu rõ trông đẹp rõ sang xong giao hàng về là 1 cái mẫu cho trẻ con, chú shipper và khá cọc cằn, nói chuyện qua điện thoại hay ship đến cũng nói chuyện rất khó chịu",1,negative,rating_1,44,train
sent_004841,"Hàng không trông đẹp như tranh vẽ, chất lượng kém",1,negative,rating_1,10,train
sent_004842,"Mình đã hủy đơn hàng nhưng cửa hàng vẫn giao hàng, màu trông đẹp hơn nắng mùa thu",1,negative,rating_1,18,train
sent_004843,"Giao mẫu không đúng sản phẩm, đặt mẫu rõ ràng, trông đẹp mắt",1,negative,rating_1,13,train
sent_004844,"Sản phẩm sai giao mẫu, mua cái mẫu rõ trông đẹp rõ sang xong giao hàng về là 1 cái mẫu cho trẻ con, chú shipper và khá cọc cằn, nói chuyện qua điện thoại hay ship đến cũng nói chuyện rất khó chịu",1,negative,rating_1,44,train
sent_004845,"Giao mẫu không đúng sản phẩm, mua mẫu rõ ràng, trông đẹp mắt",1,negative,rating_1,13,train
sent_004846,Săn được bộ khác giá 21k chất trông đẹp hơn bộ của shop,3,neutral,rating_3,13,train
sent_004847,"Giao hành nhanh, đúng mẫu, đúng loại,hình trông đẹp",4,positive,rating_4,9,train
sent_004848,Hàng đóng gói trông đẹp nhưng giao hơi lâu,3,neutral,rating_3,9,train
sent_004849,Chất liệu không trông đẹp,2,negative,rating_2,5,train
sent_004850,Hình vẽ k trông đẹp,2,negative,rating_2,5,train
sent_004851,"Mẫu mã trông đẹp , vải hơi mỏng",3,neutral,rating_3,8,valid
sent_004852,"Vải không trông đẹp lắm, ưu điểm là rẻ!",3,neutral,rating_3,9,train
sent_004853,"Về ga nệm bo vừa, còn gối thì chật, đường may không được trông đẹp , chỉ thừa nhiều :(((",1,negative,rating_1,20,train
sent_004854,Hàng cũng trông đẹp ok,4,positive,rating_4,5,train
sent_004855,"Giao hàng nhanh chóng, đúng mẫu, đúng loại, hình ảnh trông đẹp",4,positive,rating_4,12,valid
sent_004856,Bản vẽ trông đẹp,2,negative,rating_2,4,valid
sent_004857,"Thiết kế trông đẹp , chất vải hơi mỏng",3,neutral,rating_3,9,train
sent_004858,"Chất vải hơi nóng, hai gối có họa tiết khác nhau nhìn không trông đẹp",1,negative,rating_1,15,test
sent_004859,"Chất vải không trông đẹp lắm, ưu điểm là rẻ!",3,neutral,rating_3,10,train
sent_004860,sản phẩm đóng gói trông đẹp nhưng giao hơi lâu,3,neutral,rating_3,10,train
sent_004861,sản phẩm cũng trông đẹp ok,4,positive,rating_4,6,train
sent_004862,"Giao sản phẩm nhanh chóng, đúng mẫu, đúng loại, hình ảnh trông đẹp",4,positive,rating_4,13,train
sent_004863,sp đóng gói trông đẹp nhưng giao hơi lâu,3,neutral,rating_3,9,train
sent_004864,sp cũng trông đẹp ok,4,positive,rating_4,5,train
sent_004865,"Giao sp nhanh chóng, đúng mẫu, đúng loại, hình ảnh trông đẹp",4,positive,rating_4,12,valid
sent_004866,"Tủ đẹp và rẻ, mua về phải tự lắp theo hướng dẫn cũng dễ nhưng do có 1 thanh dài khoan 6 lỗ không khớp khi bắt ốc vào nên tôi đã phải mò tới mò lui xem có phải do tôi ráp sai chỗ nào không và cuối cùng không phải do tôi mà là nhà sản xuất 😁 sau đó tôi tự vặn ốc vào đại (do không có đồ khoan) nó không khít như khi có mũi khoan, nên tôi chấm 4",4,positive,rating_4,85,train
sent_004867,"Hình dáng sản phẩm đúng thiết kế, dễ lắp đặt, chỉ cần để ý kĩ các chỗ bắt vít là được, tôi mất 45p là xong",4,positive,rating_4,26,test
sent_004868,"tôi đặt hàng từ hôm thứ 3, trưa nay đã được ship tới rồi",4,positive,rating_4,14,train
sent_004869,"tôi rất hài lòng về sp này, tuy là thiếu 1 con ốc nhưng nhà tôi vẫn có ốc để thay thế",4,positive,rating_4,22,valid
sent_004870,"Mua lâu rồi mà giờ mới có thời gian đánh giá, sản phẩm tốt, dễ dàng lắp ráp, bên giao hàng hỗ trợ bê vào tận nhà tôi luôn nên rất ưng, tuy nhiên có hơi lệch khoảng 1mm nhưng k đáng kể, dự là sẽ mua thêm 1 cái để mở rộng cái kho sách nhớ nhỏ của tôi",4,positive,rating_4,60,train
sent_004871,"Kệ nhiều vết trầy xước, có chỗ lắp bị lệch, nhưng bù lại giao hàng nhanh (hôm trc đặt, hôm sau đã giao rồi), kệ chắc chắn, giá rẻ, nên tôi cho 4 sao, sản phẩm đáng để mua nha mn",4,positive,rating_4,41,train
sent_004872,"sản phẩm ok, đẹp chắc chắn, tôi con gái tự lắp dễ dàng",4,positive,rating_4,13,train
sent_004873,"giá mua là 538k lúc sale, giá cả hợp túi tiền, hàng đẹp, tôi dư đc 1 đinh ốc, có vài lỗi nhỏ nhưng chấp nhận được như bóng tróc góc, mẻ góc",4,positive,rating_4,33,train
sent_004874,Chất lượng tốt hơn tôi nghĩ nhiều,4,positive,rating_4,7,test
sent_004875,Hàng lắp xong đẹp hơn tôi tưởng tượng ❤️,4,positive,rating_4,9,train
sent_004876,tôi mua hôm khuyến mãi nên giá khá tốt,4,positive,rating_4,9,test
sent_004877,"tôi mua 1 kệ màu vân gỗ sồi, màu rất ưng, sáng mà ko sợ dơ",4,positive,rating_4,16,train
sent_004878,"Mua về tự lắp rất thú vị, tuy nhiên hạn chế lắp sai, vì lắp sai khoảng 2 lần thì con vít không vặn chặt vào được khiến giá sách bị rung rinh, nhưng cực kì hài lòng với giá sách vì giá cả trên tiki lúc tôi mua là rẻ gần 1 nửa so với cửa hàng khi mua ngoài",4,positive,rating_4,61,valid
sent_004879,"Sản phẩm tôi nhận được giống với mô tả , các mỗi bắt đinh ốc khớp nhau nên không tốn công lắp đặt lắm",4,positive,rating_4,24,train
sent_004880,"tôi nhận được hành khá nhanh, hàng như hình",4,positive,rating_4,9,train
sent_004881,"Cũng được lắm, có điều có 1 số tấm bị xước, mà đóng che xuống cũng không sao, còn đẹp chán, do vừa nặng mà tôi ở hơi xa nên ship hơi cao , may có giảm 77k phí vận chuyển",4,positive,rating_4,41,train
sent_004882,Kệ đẹp chỉ có đièu tôi cố gắng mà ko siết chắc đc,4,positive,rating_4,13,valid
sent_004883,"Vote 4 sao không phải vì tôi không thích mà vì mất công lắp đặt quá, tôi bị chấn thương lúc lắp đặt nên vote 4 sao thôi chứ thực ra giá sách đẹp chắc chắn xịn lắm nhé",4,positive,rating_4,39,test
sent_004884,"tôi nhận dc sản phẩm thứ 7 tuần trước, muộn hơn 5 ngày nhưng rất hài lòng với chất lượng sản phẩm,giá tiền và bạn giao hàng, nói chung sẽ tiếp tục ủng hộ tiki",4,positive,rating_4,35,train
sent_004885,"Khá đẹp và chắc chắn, nhưng có vài cái đinh tôi không biết lắp ở chỗ nào vì không thấy có cái lỗ nào để lắp",4,positive,rating_4,26,test
sent_004886,"Kệ rất dễ lắp ráp, tôi đã từng mua một cái, giờ mua thêm cái nữa",4,positive,rating_4,16,train
sent_004887,tôi nhận được kệ sớm hơn dự kiến 2 ngày,4,positive,rating_4,10,train
sent_004888,Dể lắp ráp tôi là con gái vẫn có thể lắp được,4,positive,rating_4,12,train
sent_004889,Hướng dẫn hơi ít nhưng ghép xong thì tôi vô cùng hài lòng với kệ sách của tôi :)),4,positive,rating_4,19,train
sent_004890,"Sản phẩm tốt so với giá tiền, tôi mua 1 cái thấy tốt nên đã mua thêm 1 cái nữa",4,positive,rating_4,20,test
sent_004891,"gỗ nặng và chắc chắn, tôi phải mất hơn 1h để lắp ráp nhưng vui vì kệ đẹp",4,positive,rating_4,18,train
sent_004892,Sản phẩm đẹp so với giá tiền :) tôi sẽ mua thêm,4,positive,rating_4,12,train
sent_004893,tôi thấy hài lòng với sản phẩm,4,positive,rating_4,7,train
sent_004894,"Chắc chắn, tôi cần tìm kệ lớn hơn có không ạ",4,positive,rating_4,11,train
sent_004895,giá sách đẹp vừa đúng ý tôi,4,positive,rating_4,7,train
sent_004896,"Phần hình thì tôi khá ưng ý, còn phần chất thì chưa trải nghiệm đủ để đưa ra nhận xét",4,positive,rating_4,20,train
sent_004897,tôi thích màu sắc của bình,4,positive,rating_4,6,test
sent_004898,tôi to đựng được nhiều nước,4,positive,rating_4,6,valid
sent_004899,"tôi mua màu cam, màu khá đẹp, bình dùng ổn",4,positive,rating_4,10,test
sent_004900,"tôi mới nhận sản phẩm lúc sáng, sản phẩm đep, ở đế có miếng cao su chống trượt",4,positive,rating_4,18,train
sent_004901,tôi hài lòng với bình nhận được,4,positive,rating_4,7,train
sent_004902,"tôi dùng nước nóng giữ nhiệt được từ sáng đến tối, ko biết dùng lạnh thì ntn",4,positive,rating_4,17,valid
sent_004903,"Màu và kiểu dáng đẹp, tôi mới giữ nóng thôi chưa giữ lạnh, thấy cũng tạm, k thể được như bình thuỷ được",4,positive,rating_4,23,valid
sent_004904,Hài lòng sp nầy tôi sử dụng roi tot,4,positive,rating_4,9,valid
sent_004905,Chiều nay tôi mới nhận được hàng giao trong 2h,4,positive,rating_4,10,test
sent_004906,"bình to hơn tưởng tượng củ tôi , giữ nhiệt ổn, nhưng vỏ ngoài khá dễ trầy",4,positive,rating_4,17,test
sent_004907,bình khá to mà tôi hay đựng sữa đậu và nước cam,4,positive,rating_4,12,train
sent_004908,"Bình đẹp, nhìn như hình, bình to tay nữ sẽ khó cầm nếu không phải sơn nhám và có 2 đường vát trên thân, miệng bình hơi nhỏ so với tưởng tượng của tôi , phải bỏ đá viên chứ đập đá cục tủ lạnh sẽ khó bỏ lọt, phần đế có bịt cao su nên để xuống êm và không bị trơn trượt, nói chung là hài lòng",4,positive,rating_4,69,train
sent_004909,"Bình đẹp, hơi nặng tay, lần trước tôi mua 1 bình rồi bạn tôi thấy đẹp nên nhờ mua giùm 😊",4,positive,rating_4,21,train
sent_004910,"nhận được sp lúc nào cũng sớm hơn ngày giao hàng dự tính, cảm ơn tiki",4,positive,rating_4,16,valid
sent_004911,"Hầu hết mọi thứ đều ổn, sp chất lượng tốt",4,positive,rating_4,10,test
sent_004912,"sp tầm 500k, tốt trong tầm giá",4,positive,rating_4,7,train
sent_004913,💮cũng được^^ (chỉ hơi buồn vì cái chỗ lắp vít nó không vừa nên bị cộm lên làm lúc đầu dựng tủ lên không thăng bằng đc nên phải lấy giấy chèn lại) còn lại thì ok hết 😊 với sp 535k thì hết chỗ chê rồi/ ngoại trừ cái trên/,4,positive,rating_4,51,valid
sent_004914,"Hình dáng sp đúng thiết kế, dễ lắp đặt, chỉ cần để ý kĩ các chỗ bắt vít là được, mình mất 45p là xong",4,positive,rating_4,25,train
sent_004915,"sp rất tốt và đáng tiền, thời gian giao hàng rất nhanh, nhân viên rất nhiệt tình, tuy nhiên tiki gói hàng quá chắc chắn và NHIỀU Ni lông, bọc rất nhiều lớp điều này gây ô nhiễm môi trường",4,positive,rating_4,40,train
sent_004916,"Mua lâu rồi mà giờ mới có thời gian đánh giá, sp tốt, dễ dàng lắp ráp, bên giao hàng hỗ trợ bê vào tận nhà mình luôn nên rất ưng, tuy nhiên có hơi lệch khoảng 1mm nhưng k đáng kể, dự là sẽ mua thêm 1 cái để mở rộng cái kho sách nhớ nhỏ của mình",4,positive,rating_4,59,train
sent_004917,"Kệ nhiều vết trầy xước, có chỗ lắp bị lệch, nhưng bù lại giao hàng nhanh (hôm trc đặt, hôm sau đã giao rồi), kệ chắc chắn, giá rẻ, nên mình cho 4 sao, sp đáng để mua nha mn",4,positive,rating_4,40,train
sent_004918,"sp ok, đẹp chắc chắn, mình con gái tự lắp dễ dàng",4,positive,rating_4,12,valid
sent_004919,"sp dc bao bọc chắc chắn, kín, ko bị mẻ hay xước xát gì",4,positive,rating_4,14,train
sent_004920,"sp mình nhận được giống với mô tả , các mỗi bắt đinh ốc khớp nhau nên không tốn công lắp đặt lắm",4,positive,rating_4,23,train
sent_004921,khá hài lòng về sp,4,positive,rating_4,5,train
sent_004922,"Kệ sách chắc chắn, có tờ hướng dẫn các bước, nhưng nếu shop có thể đánh dấu rõ ràng các thanh gỗ để lắp thì sẽ càng tuyệt vời hơn nữa cho một sp ở mức giá này",4,positive,rating_4,38,train
sent_004923,"Mình nhận dc sp thứ 7 tuần trước, muộn hơn 5 ngày nhưng rất hài lòng với chất lượng sp,giá tiền và bạn giao hàng, nói chung sẽ tiếp tục ủng hộ tiki",4,positive,rating_4,33,train
sent_004924,sp đẹp trong tầm giá,4,positive,rating_4,5,train
sent_004925,"Kệ đẹp, chắc chắn, tuy có vài chỗ bị tróc nhẹ nhưng giá 570k là quá ổn cho sp, còn độ bền thì chưa biết",4,positive,rating_4,25,test
sent_004926,sp chất lượng so với giá tiền,4,positive,rating_4,7,train
sent_004927,sp có mẫu mã đẹp,4,positive,rating_4,5,train
sent_004928,Tính hoàn thiện sp đạt 90%,4,positive,rating_4,6,train
sent_004929,Mặc dù tiki có quên hàng nên giao muộn chút nhưng chất lượng sp rất tốt,4,positive,rating_4,16,train
sent_004930,"đóng gói cẩn thận, giao hàng đúng hẹn, sp ok với giá",4,positive,rating_4,12,train
sent_004931,"sp ok trong tầm giá,tự lắp mất khoảng 45p thích món đồ kiểu tự tap ráp như thế này",4,positive,rating_4,19,train
sent_004932,sp chất lượng,4,positive,rating_4,3,test
sent_004933,"sp đẹp, chắc, dễ lắp ráp, vừa túi tiền nhưng thời gian giao hàng chậm hơn dự kiến",4,positive,rating_4,18,train
sent_004934,Chất lượng sp ok so với giá tiền,4,positive,rating_4,8,train
sent_004935,sp giao nhanh,4,positive,rating_4,3,train
sent_004936,"sp hình như mô tả, chất liệu đẹp",4,positive,rating_4,8,train
sent_004937,"kệ nhìn chắc chắn, tuy nhiên giá rẻ nên sp theo giá cả, có khả năng sử dụng được 1 năm",4,positive,rating_4,21,valid
sent_004938,Chất lượng sp tốt giao hàng ok chỉ có điều hơi trầy nhẹ 1 góc thôi,4,positive,rating_4,16,train
sent_004939,"Khá ổn so với giá thành, đóng gói kỹ, nhưng nhà cung cấp lười lau chùi sp quá nên hơi bụi",4,positive,rating_4,21,train
sent_004940,sp cứng cáp,4,positive,rating_4,3,train
sent_004941,"sp đúng mô tả, đẹp, không biết chất lượng thế nào, dùng được vừa giá tiền",4,positive,rating_4,16,valid
sent_004942,"sp đúng như mô tả, tôi hài lòng với sp trong tầm giá",4,positive,rating_4,13,train
sent_004943,Dễ lắp đặt sp giống hình hướng dẫn lắp đặt chi tiết hơn nói chung là vui lòng,4,positive,rating_4,18,train
sent_004944,"sp tốt so với giá tiền, mình mua 1 cái thấy tốt nên đã mua thêm 1 cái nữa",4,positive,rating_4,19,test
sent_004945,sp giao hàng nhanh hơn dự kiến,4,positive,rating_4,7,train
sent_004946,Con gái cũng có thể dễ dàng lắp ráp sp này,4,positive,rating_4,11,test
sent_004947,sp đẹp so với giá tiền :) mình sẽ mua thêm,4,positive,rating_4,11,test
sent_004948,sp khá ok,4,positive,rating_4,3,train
sent_004949,sp đẹp như hình,4,positive,rating_4,4,train
sent_004950,Mình thấy hài lòng với sp,4,positive,rating_4,6,test
sent_004951,sp nhìn đẹp; đáp ứng yêu cầu,4,positive,rating_4,7,test
sent_004952,sp đẹp và giá cả phù hợp,4,positive,rating_4,7,train
sent_004953,"Hài lòng, sp như quảng cáo",4,positive,rating_4,6,test
sent_004954,sp chuẩn,4,positive,rating_4,2,valid
sent_004955,"sp đúng như QC, ưng ý",4,positive,rating_4,6,train
sent_004956,hài lòng về sp,4,positive,rating_4,4,train
sent_004957,"sử dụng sp ok, hài lòng",4,positive,rating_4,6,valid
sent_004958,sp thì ok,4,positive,rating_4,3,train
sent_004959,sp tốt với tầm tiền,4,positive,rating_4,5,train
sent_004960,sp tốt đúng màu đúng mẫu,4,positive,rating_4,6,valid
sent_004961,"sp giữ nhiệt tốt, thích",4,positive,rating_4,5,valid
sent_004962,sp giữ nhiệt tốt,4,positive,rating_4,4,test
sent_004963,sp giống như hình tốt,4,positive,rating_4,5,train
sent_004964,"sp giống hình, giữ nóng khá tốt",4,positive,rating_4,7,train
sent_004965,sp đóng gói cẩn thận,4,positive,rating_4,5,valid
sent_004966,sp đệp giao hàng nhanh,4,positive,rating_4,5,train
sent_004967,"sp đẹp, đúng như quảng cáo",4,positive,rating_4,6,train
sent_004968,sp đẹp như mô tả,4,positive,rating_4,5,train
sent_004969,sp đẹp như hình quảng cáo,4,positive,rating_4,6,valid
sent_004970,sp đẹp dũng tích cao giá hợp lý tuỳ nhiên mùi nhựa có thoảng thoảng một chút và nêu cho những loại nước như nước chè sữa thì sẽ để lại mùi,4,positive,rating_4,32,train
sent_004971,"sp đẹp , hài lòng",4,positive,rating_4,5,train
sent_004972,sp đc đóng gói kỹ lưỡng,4,positive,rating_4,6,valid
sent_004973,"sp chất lượng, đúng với hình ảnh",4,positive,rating_4,7,train
sent_004974,sp chất lượng tốt,4,positive,rating_4,4,train
sent_004975,"sp chất lượng , tốt",4,positive,rating_4,5,train
sent_004976,sp chắc chắn,4,positive,rating_4,3,train
sent_004977,"Mình mới nhận sp lúc sáng, sp đep, ở đế có miếng cao su chống trượt",4,positive,rating_4,16,train
sent_004978,Hài lòng với sp lock & lock và NPP tiki,4,positive,rating_4,10,train
sent_004979,Hài lòng về sp được nhận,4,positive,rating_4,6,train
sent_004980,"giao hàng nhanh, sp gióng mô tả",4,positive,rating_4,7,test
sent_004981,"Tủ nhìn đẹp và rẻ, mua về phải tự lắp theo hướng dẫn cũng dễ nhưng do có 1 thanh dài khoan 6 lỗ không khớp khi bắt ốc vào nên mình đã phải mò tới mò lui xem có phải do mình ráp sai chỗ nào không và cuối cùng không phải do mình mà là nhà sản xuất 😁 sau đó mình tự vặn ốc vào đại (do không có đồ khoan) nó không khít như khi có mũi khoan, nên mình chấm 4",4,positive,rating_4,86,test
sent_004982,"tủ nhìn đẹp , y như mô tả",4,positive,rating_4,8,test
sent_004983,"sản phẩm ok, nhìn đẹp chắc chắn, mình con gái tự lắp dễ dàng",4,positive,rating_4,14,test
sent_004984,Kệ sách nhìn đẹp,4,positive,rating_4,4,train
sent_004985,"giá mua là 538k lúc sale, giá cả hợp túi tiền, hàng nhìn đẹp , mình dư đc 1 đinh ốc, có vài lỗi nhỏ nhưng chấp nhận được như bóng tróc góc, mẻ góc",4,positive,rating_4,35,test
sent_004986,Hàng lắp xong nhìn đẹp hơn mình tưởng tượng ❤️,4,positive,rating_4,10,train
sent_004987,tủ nhìn đẹp giống như mô tả,4,positive,rating_4,7,train
sent_004988,"Kệ nhìn đẹp , dễ lắp ráp",4,positive,rating_4,7,train
sent_004989,"Hàng nhìn đẹp , đúng như hình, giao hàng nhanh, nhưng kệ hơi nhỏ, nv giao hàng lịch sự , thân thiện , cảm ơn Tiki",4,positive,rating_4,26,valid
sent_004990,Hàng nhìn đẹp như hình,4,positive,rating_4,5,train
sent_004991,"kệ nhìn đẹp , dễ lắp ráp, mua về nhìn sơ đồ và các thanh gỗ là ráp dễ dàng, tuy thiếu 1 cái định vít nhưng không ảnh hưởng gì, vẫn cho 5 sao, sẽ tiếp tục ủng hộ shop và tiki",4,positive,rating_4,43,valid
sent_004992,"Hàng khá ổn, nhìn đẹp",4,positive,rating_4,5,valid
sent_004993,Tủ sách nhìn đẹp và chất lượng khá ổn so với mức giá tiền,4,positive,rating_4,14,test
sent_004994,hàng nhìn đẹp,4,positive,rating_4,3,test
sent_004995,"Cũng được lắm, có điều có 1 số tấm bị xước, mà đóng che xuống cũng không sao, còn nhìn đẹp chán, do vừa nặng mà mình ở hơi xa nên ship hơi cao , may có giảm 77k phí vận chuyển",4,positive,rating_4,42,train
sent_004996,Kệ nhìn đẹp chỉ có đièu mình cố gắng mà ko siết chắc đc,4,positive,rating_4,14,test
sent_004997,"Vote 4 sao không phải vì mình không thích mà vì mất công lắp đặt quá, mình bị chấn thương lúc lắp đặt nên vote 4 sao thôi chứ thực ra giá sách nhìn đẹp chắc chắn xịn lắm nhé",4,positive,rating_4,40,test
sent_004998,Giá nhìn đẹp,4,positive,rating_4,3,train
sent_004999,"Kệ rất nhìn đẹp , lúc đầu dùng tô vít vặn mỏi tay, sau dùng máy khoan nhanh và còn chỉnh cho các thanh ghép vào nhau chuẩn hơn",4,positive,rating_4,29,valid
sent_005000,Kệ sách nhìn đẹp y như hình,4,positive,rating_4,7,train
sent_005001,Giá sách nhìn đẹp,4,positive,rating_4,4,valid
sent_005002,"Khá nhìn đẹp và chắc chắn, nhưng có vài cái đinh mình không biết lắp ở chỗ nào vì không thấy có cái lỗ nào để lắp",4,positive,rating_4,27,train
sent_005003,nhìn đẹp y hình,4,positive,rating_4,4,train
sent_005004,Kệ nhìn đẹp chất lượng gỗ tốt lắp ráp đơn giản chỉ có một lỗi là kệ ko được cân bằng lắm vì các đinh vít phía dưới lồi ra nhiều quá nếu thiết kế lỗ vít âm vào thì hay hơn,4,positive,rating_4,42,train
sent_005005,Sản phẩm nhìn đẹp trong tầm giá,4,positive,rating_4,7,train
sent_005006,"Kệ to, chắc chắn, khá rẻ, tuy có 1 số mối nối chưa khớp nhau, còn lệch 1-2mm nhưng nhìn chung khá nhìn đẹp",4,positive,rating_4,24,test
sent_005007,"Rẻ, nhìn đẹp , dễ lắp",4,positive,rating_4,6,train
sent_005008,ráp xong nhìn đẹp,4,positive,rating_4,4,train
sent_005009,"Chắc chắn nhìn đẹp so với giá tiền, chỉ duy nhất khi đóng khung có vài tấm lệch xíu",4,positive,rating_4,19,train
sent_005010,Giá sách nhìn đẹp y hình,4,positive,rating_4,6,train
sent_005011,"Giá sách rất nhìn đẹp , có 1 vài lỗi nhỏ nhưng vẫn chấp nhận được",4,positive,rating_4,16,valid
sent_005012,"Kệ khá nhìn đẹp , dễ lắp ráp, tuy nhiên đóng gói k cẩn thận, 4 góc nên bọc xốp dày để tránh bị hư hại sp như này",4,positive,rating_4,29,train
sent_005013,Tủ màu nhìn đẹp,4,positive,rating_4,4,train
sent_005014,"Nhìn nhìn đẹp , chắc chắn, nhưng gỗ ép này khả năng rộp do nước rất cao",4,positive,rating_4,17,train
sent_005015,"Kệ nhìn đẹp , chắc chắn, tuy có vài chỗ bị tróc nhẹ nhưng giá 570k là quá ổn cho sản phẩm, còn độ bền thì chưa biết",4,positive,rating_4,28,train
sent_005016,Kệ sách nhìn đẹp so với giá,4,positive,rating_4,7,train
sent_005017,Kệ nhìn đẹp như hình,4,positive,rating_4,5,train
sent_005018,"Dễ lắp, nhìn đẹp chỉ có điều lỗ khoan hơi lệch chút xíu nên đàn bà tay yếu ko chỉnh đc cho khớp!",4,positive,rating_4,23,train
sent_005019,Sản phẩm có mẫu mã nhìn đẹp,4,positive,rating_4,7,train
sent_005020,"kệ nhìn đẹp , chất lượng, tuy nhiên phần ốc vít nên đục lỗ sáo để khi lắp vào cho nó âm xuống dưới thì tốt ạ",4,positive,rating_4,27,train
sent_005021,"Chất lượng tương đối tốt, có hướng dẫn rõ ràng, đóng gói kỹ, nếu cao lên thêm 1 ô nữa thì nhìn đẹp khỏi nói",4,positive,rating_4,25,train
sent_005022,tủ nhìn đẹp nhưng bị mẻ một góc hơi thất vọng nhưng cho 4sao vì giao hàng nhanh and shipper dth,4,positive,rating_4,21,train
sent_005023,"nhìn đẹp , đóng gói kỹ, chỉ là hướng dẫn kèm theo không chi tiết lắm nên khi ráp hơi lâu",4,positive,rating_4,21,train
sent_005024,"Hơi mất công lắp ráp, và cần đến 2 ng để lắp được nhưng kệ chắc chắn và nhìn đẹp",4,positive,rating_4,20,train
sent_005025,"Gỗ tốt, nhìn đẹp",4,positive,rating_4,4,train
sent_005026,màu vân gỗ nhìn đẹp,4,positive,rating_4,5,train
sent_005027,kệ nhìn đẹp chỉ có 3-4 tấm bị bong lớp màu ở góc có nhiều tấm xướt và có khá nhiều bụi?? cj giao hàng cute,4,positive,rating_4,26,train
sent_005028,"Có vài tấm thiếu lỗ khoan, nhưng bù lại giao hàng nhanh và nhìn đẹp , cho 5 sao nhé!!",4,positive,rating_4,20,train
sent_005029,"Sản phẩm nhìn đẹp , chắc, dễ lắp ráp, vừa túi tiền nhưng thời gian giao hàng chậm hơn dự kiến",4,positive,rating_4,21,train
sent_005030,"Sản phẩm hình như mô tả, chất liệu nhìn đẹp",4,positive,rating_4,10,train
sent_005031,"Tủ nhìn đẹp , có hướng dẫn lắp ráp, nhưng không có ốc vít kèm theo",4,positive,rating_4,16,train
sent_005032,Kệ chắc chắn nhìn đẹp mà rất nặng luôn,4,positive,rating_4,9,test
sent_005033,"Sp nhìn đẹp , ráp hơi cực nhưng mà thành phẩm ok",4,positive,rating_4,12,test
sent_005034,Sản phẩm nhìn đẹp,4,positive,rating_4,4,train
sent_005035,"Kệ nhìn đẹp và chắc chắn, lắp xong kê lên hơi cập kênh nhưng sau đó ok luôn",4,positive,rating_4,18,test
sent_005036,"Kệ nhìn đẹp , nếu nhà cung cấp đánh số thứ tự lắp thì sẽ hoàn hảo hơn!",4,positive,rating_4,18,test
sent_005037,Hàng rất nhìn đẹp (tuy thiếu 1 ốc vít) nhưng vẫn chuẩn nhìn đẹp như giới thiệu,4,positive,rating_4,17,train
sent_005038,"sản phẩm đúng mô tả, nhìn đẹp , không biết chất lượng thế nào, dùng được vừa giá tiền",4,positive,rating_4,19,test
sent_005039,"Kệ sách cực kỳ nhìn đẹp , dù có lỗi ơr phần lỗ bắn nhưng giá quad rẽ cho một lệ sách nhìn đẹp",4,positive,rating_4,24,train
sent_005040,"Good, Giao sớm 1 ngày, đóng gói cẩn thận, kệ nhìn đẹp nhưng hơi bụi bẩn nhưng ko sao",4,positive,rating_4,19,train
sent_005041,Hàng nhìn đẹp như hình mẫu,4,positive,rating_4,6,train
sent_005042,nhìn đẹp,4,positive,rating_4,2,train
sent_005043,"hàng nhìn đẹp , năng, nhưng có mấy lo bắt vít bị lệch phải tự khoan lại",4,positive,rating_4,17,train
sent_005044,"gỗ nặng và chắc chắn, mình phải mất hơn 1h để lắp ráp nhưng vui vì kệ nhìn đẹp",4,positive,rating_4,19,train
sent_005045,nhìn đẹp ổn nhưng em khônh biết lắp dù có hướng dẫn :(((,4,positive,rating_4,13,train
sent_005046,Giá thiết kế để dọc nhưng để ngang cũng khá nhìn đẹp :),4,positive,rating_4,13,train
sent_005047,Kệ nhìn đẹp,4,positive,rating_4,3,train
sent_005048,"nhìn đẹp , hoàn thiện tốt nhưng lắp khá tốn thời gian và bị móp mấy chỗ do ship",4,positive,rating_4,19,valid
sent_005049,"Kệ sách nhìn đẹp , chắc chắn, giá hợp lý mỗi tội vặn vít để lắp thì tê tay",4,positive,rating_4,19,valid
sent_005050,"màu nhìn đẹp , lắp ráp hơi cực xíu nhưng thành phẩm ưng ý vô cùng",4,positive,rating_4,16,train
sent_005051,Sản phẩm nhìn đẹp so với giá tiền :) mình sẽ mua thêm,4,positive,rating_4,13,test
sent_005052,"Tủ nhìn đẹp , chắc chắn nhưng thiếu mất ốc vít thì phải làm sao ạ?",4,positive,rating_4,16,train
sent_005053,Sản phẩm nhìn đẹp như hình,4,positive,rating_4,6,test
sent_005054,Tủ nhìn đẹp,4,positive,rating_4,3,train
sent_005055,"kệ rất nhìn đẹp , rất đáng tiền, tuy nhiên giao hàng hơi lâu",4,positive,rating_4,14,train
sent_005056,Giá gỗ nhìn đẹp,4,positive,rating_4,4,train
sent_005057,nhìn đẹp như hình,4,positive,rating_4,4,train
sent_005058,giá sách nhìn đẹp vừa đúng ý mình,4,positive,rating_4,8,test
sent_005059,Sản phẩm nhìn nhìn đẹp ; đáp ứng yêu cầu,4,positive,rating_4,10,test
sent_005060,lắp lên nhìn đẹp như hình,4,positive,rating_4,6,train
sent_005061,Sản phẩm nhìn đẹp và giá cả phù hợp,4,positive,rating_4,9,train
sent_005062,Tủ nhìn đẹp như em,4,positive,rating_4,5,train
sent_005063,"nhìn đẹp , đúng như mô tả",4,positive,rating_4,7,valid
sent_005064,ke sach nhìn đẹp,4,positive,rating_4,4,test
sent_005065,san pham nhìn đẹp,4,positive,rating_4,4,train
sent_005066,"Vỏ bình (chắc bằng thép, không phải bằng nhựa) sơn nhìn đẹp",4,positive,rating_4,12,train
sent_005067,Sp nhìn đẹp,4,positive,rating_4,3,train
sent_005068,"Sản phẩm nhìn đẹp , đúng như quảng cáo",4,positive,rating_4,9,train
sent_005069,Sản phẩm nhìn đẹp như mô tả,4,positive,rating_4,7,train
sent_005070,Sản phẩm nhìn đẹp như hình quảng cáo,4,positive,rating_4,8,train
sent_005071,Sản phẩm nhìn đẹp dũng tích cao giá hợp lý tuỳ nhiên mùi nhựa có thoảng thoảng một chút và nêu cho những loại nước như nước chè sữa thì sẽ để lại mùi,4,positive,rating_4,34,train
sent_005072,"Sản phẩm nhìn đẹp , hài lòng",4,positive,rating_4,7,valid
sent_005073,sảm phẩm nhìn đẹp như hình,4,positive,rating_4,6,train
sent_005074,"Nhận hàng màu cam rất nhìn đẹp nhen, mua tặng nên ko biết dùng ổn không nè",4,positive,rating_4,17,train
sent_005075,"Mình mua màu cam, màu khá nhìn đẹp , bình dùng ổn",4,positive,rating_4,12,valid
sent_005076,"Màu và kiểu dáng nhìn đẹp , mình mới giữ nóng thôi chưa giữ lạnh, thấy cũng tạm, k thể được như bình thuỷ được",4,positive,rating_4,25,test
sent_005077,Màu nhìn đẹp nhưng sao vào icheck xuất xứ lại China,4,positive,rating_4,11,train
sent_005078,"hàng nhìn đẹp , chắc chắn nhưng rất dễ bị tróc sơn",4,positive,rating_4,12,train
sent_005079,hàng nhìn đẹp giao hàng đúng hạn,4,positive,rating_4,7,train
sent_005080,"nhìn đẹp , hy vọng sơn đừng sước mau",4,positive,rating_4,9,test
sent_005081,"nhìn đẹp , giống mô tả của shop",4,positive,rating_4,8,train
sent_005082,"nhìn đẹp , giao đúng ngày",4,positive,rating_4,6,train
sent_005083,nhìn đẹp lòi mà giữ lạnh được một buổi sáng thui ko được cả ngày,4,positive,rating_4,15,valid
sent_005084,"Đặt hàng màu đỏ nhưng giao màu xanh, nhưng thấy cũng nhìn đẹp nên thôi, giữ đá đc lâu cỡ 8 tiếng, vỏ ngoài sần nên nghĩ khó trầy xước",4,positive,rating_4,30,train
sent_005085,Chất liệu nhìn đẹp,4,positive,rating_4,4,test
sent_005086,"Bình to nhìn đẹp , giữ nhiệt tốt, sơn nhám dễ trầy",4,positive,rating_4,12,train
sent_005087,"bình to nhìn đẹp , chắc chắn, miệng hơi nhỏ để vệ sinh trong bình",4,positive,rating_4,15,train
sent_005088,Bình nước nhìn đẹp,4,positive,rating_4,4,train
sent_005089,Bình nước nhìn đẹp y như hình,4,positive,rating_4,7,train
sent_005090,"Bình khá nhìn đẹp , to, dùng ổn chỉ có điều hơi nhám nên những người tay mồ hôi dùng sẽ cầm nắm khó, bị trơn trượt",4,positive,rating_4,27,train
sent_005091,Bình hơi to nhưng rất nhìn đẹp,4,positive,rating_4,7,test
sent_005092,bình nhìn đẹp,4,positive,rating_4,3,train
sent_005093,"Bình nhìn đẹp , tuy nhiên nếu muốn chuyên giữ nhiệt thì nên chọn",4,positive,rating_4,14,train
sent_005094,"bình nhìn đẹp , tiếc là mua rồi cái tự nhiên hôm sau sale off 53% :((",4,positive,rating_4,17,test
sent_005095,"Bình nhìn đẹp , nhìn như hình, bình to tay nữ sẽ khó cầm nếu không phải sơn nhám và có 2 đường vát trên thân, miệng bình hơi nhỏ so với tưởng tượng của mình, phải bỏ đá viên chứ đập đá cục tủ lạnh sẽ khó bỏ lọt, phần đế có bịt cao su nên để xuống êm và không bị trơn trượt, nói chung là hài lòng",4,positive,rating_4,70,valid
sent_005096,"Bình nhìn đẹp , hơi nặng tay, lần trước mình mua 1 bình rồi bạn mình thấy nhìn đẹp nên nhờ mua giùm 😊",4,positive,rating_4,24,train
sent_005097,"Bình nhìn đẹp , giữ nhiệt tốt, hơi to xíu thôi",4,positive,rating_4,11,test
sent_005098,"nhận được sản phẩm lúc nào cũng sớm hơn ngày thời gian giao hàng dự tính, cảm ơn tiki",4,positive,rating_4,19,train
sent_005099,"thời gian giao hàng nhanh, đặt chiều thứ 4 đến chiều thứ 6 đã nhận được",4,positive,rating_4,16,test
sent_005100,"Sản phẩm rất tốt và đáng tiền, thời gian thời gian giao hàng rất nhanh, nhân viên rất nhiệt tình, tuy nhiên tiki gói hàng quá chắc chắn và NHIỀU Ni lông, bọc rất nhiều lớp điều này gây ô nhiễm môi trường",4,positive,rating_4,43,train
sent_005101,"Mua lâu rồi mà giờ mới có thời gian đánh giá, sản phẩm tốt, dễ dàng lắp ráp, bên thời gian giao hàng hỗ trợ bê vào tận nhà mình luôn nên rất ưng, tuy nhiên có hơi lệch khoảng 1mm nhưng k đáng kể, dự là sẽ mua thêm 1 cái để mở rộng cái kho sách nhớ nhỏ của mình",4,positive,rating_4,62,train
sent_005102,"thời gian giao hàng nhanh hơn dự kiến, dù có trầy xước một tẹo không đáng kể",4,positive,rating_4,17,train
sent_005103,"Kệ nhiều vết trầy xước, có chỗ lắp bị lệch, nhưng bù lại thời gian giao hàng nhanh (hôm trc đặt, hôm sau đã giao rồi), kệ chắc chắn, giá rẻ, nên mình cho 4 sao, sản phẩm đáng để mua nha mn",4,positive,rating_4,43,test
sent_005104,Hài lòng với việc thời gian giao hàng của Tiki,4,positive,rating_4,10,valid
sent_005105,"Hàng đẹp, đúng như hình, thời gian giao hàng nhanh, nhưng kệ hơi nhỏ, nv thời gian giao hàng lịch sự , thân thiện , cảm ơn Tiki",4,positive,rating_4,28,train
sent_005106,"Mình nhận dc sản phẩm thứ 7 tuần trước, muộn hơn 5 ngày nhưng rất hài lòng với chất lượng sản phẩm,giá tiền và bạn thời gian giao hàng, nói chung sẽ tiếp tục ủng hộ tiki",4,positive,rating_4,37,valid
sent_005107,"Hàng tốt như giới thiệu, thời gian giao hàng ô tô đảm bảo, tuy nhiên thời gian thời gian giao hàng hơi lâu so với hẹn",4,positive,rating_4,26,train
sent_005108,"thời gian giao hàng nhanh, đúng màu sắc",4,positive,rating_4,8,train
sent_005109,"Dễ lắp ráp, thời gian giao hàng nhanh, mong cải tiến cho ốc âm vào gỗ vì ốc vít lồi dựng kệ đứng lên sẽ bị cập kênh",4,positive,rating_4,28,train
sent_005110,"đóng gói cẩn thận, thời gian giao hàng đúng hẹn, sản phẩm ok với giá",4,positive,rating_4,15,train
sent_005111,Tiki thời gian giao hàng đúng hẹn,4,positive,rating_4,7,valid
sent_005112,tủ đẹp nhưng bị mẻ một góc hơi thất vọng nhưng cho 4sao vì thời gian giao hàng nhanh and shipper dth,4,positive,rating_4,22,test
sent_005113,kệ đẹp chỉ có 3-4 tấm bị bong lớp màu ở góc có nhiều tấm xướt và có khá nhiều bụi?? cj thời gian giao hàng cute,4,positive,rating_4,27,train
sent_005114,"Có vài tấm thiếu lỗ khoan, nhưng bù lại thời gian giao hàng nhanh và đẹp, cho 5 sao nhé!!",4,positive,rating_4,20,train
sent_005115,"Sản phẩm đẹp, chắc, dễ lắp ráp, vừa túi tiền nhưng thời gian thời gian giao hàng chậm hơn dự kiến",4,positive,rating_4,21,valid
sent_005116,Chất lượng sản phẩm tốt thời gian giao hàng ok chỉ có điều hơi trầy nhẹ 1 góc thôi,4,positive,rating_4,19,test
sent_005117,Tiki thời gian giao hàng nhanh hơn dự kiến,4,positive,rating_4,9,train
sent_005118,thời gian giao hàng sớm hơn dự kiến,4,positive,rating_4,8,train
sent_005119,"Mới nhận được hàng, tiki thời gian giao hàng sơm hơn dự kiến",4,positive,rating_4,13,test
sent_005120,Sản phẩm thời gian giao hàng nhanh hơn dự kiến,4,positive,rating_4,10,train
sent_005121,Tiki thời gian giao hàng nhanh,4,positive,rating_4,6,train
sent_005122,"thời gian giao hàng nhanh, kệ chất lượng, nên đánh số thứ tự để dễ lắp ráp",4,positive,rating_4,17,test
sent_005123,"kệ rất đẹp, rất đáng tiền, tuy nhiên thời gian giao hàng hơi lâu",4,positive,rating_4,14,train
sent_005124,"Tiki thời gian giao hàng nhanh, đặt chiều, sáng mai giao",4,positive,rating_4,11,train
sent_005125,Sản phẩm đệp thời gian giao hàng nhanh,4,positive,rating_4,8,valid
sent_005126,Hàng tốt thời gian giao hàng đúng hẹn,4,positive,rating_4,8,train
sent_005127,"Hàng đúng như mô tả, thời gian giao hàng nhanh",4,positive,rating_4,10,test
sent_005128,hàng đẹp thời gian giao hàng đúng hạn,4,positive,rating_4,8,train
sent_005129,"thời gian giao hàng nhanh, sản phẩm gióng mô tả",4,positive,rating_4,10,train
sent_005130,"Mình rất thấy hài lòng về sp này, tuy là thiếu 1 con ốc nhưng nhà mình vẫn có ốc để thay thế",4,positive,rating_4,23,train
sent_005131,thấy hài lòng với việc giao hàng của Tiki,4,positive,rating_4,9,train
sent_005132,"Mua về tự lắp rất thú vị, tuy nhiên hạn chế lắp sai, vì lắp sai khoảng 2 lần thì con vít không vặn chặt vào được khiến giá sách bị rung rinh, nhưng cực kì thấy hài lòng với giá sách vì giá cả trên tiki lúc mình mua là rẻ gần 1 nửa so với cửa hàng khi mua ngoài",4,positive,rating_4,62,train
sent_005133,khá thấy hài lòng về sản phẩm,4,positive,rating_4,7,valid
sent_005134,"Mình nhận dc sản phẩm thứ 7 tuần trước, muộn hơn 5 ngày nhưng rất thấy hài lòng với chất lượng sản phẩm,giá tiền và bạn giao hàng, nói chung sẽ tiếp tục ủng hộ tiki",4,positive,rating_4,36,test
sent_005135,thấy hài lòng với sản phẩm,4,positive,rating_4,6,train
sent_005136,"Lần nào mua hàng trên Tiki cũng khá thấy hài lòng, lần này cũng không ngoại lệ",4,positive,rating_4,17,test
sent_005137,"Sản phẩm đúng như mô tả, tôi thấy hài lòng với sản phẩm trong tầm giá",4,positive,rating_4,16,train
sent_005138,Hướng dẫn hơi ít nhưng ghép xong thì mình vô cùng thấy hài lòng với kệ sách của mình :)),4,positive,rating_4,20,valid
sent_005139,thấy hài lòng với chất lượng,4,positive,rating_4,6,train
sent_005140,thấy hài lòng & ưng ý,4,positive,rating_4,6,test
sent_005141,Mình thấy thấy hài lòng với sản phẩm,4,positive,rating_4,8,train
sent_005142,Cảm thấy thấy hài lòng khi mua,4,positive,rating_4,7,valid
sent_005143,"như chất lượng trong hình, thấy hài lòng",4,positive,rating_4,8,train
sent_005144,thấy hài lòng với sp,4,positive,rating_4,5,train
sent_005145,hai muoie lăm ký tự nói chung là thấy hài lòng,4,positive,rating_4,11,train
sent_005146,Sản phầm thấy hài lòng,4,positive,rating_4,5,train
sent_005147,"thấy hài lòng, sản phẩm như quảng cáo",4,positive,rating_4,8,test
sent_005148,thấy hài lòng về sản phẩm,4,positive,rating_4,6,train
sent_005149,5* + thấy hài lòng,4,positive,rating_4,5,train
sent_005150,"sử dụng sản phẩm ok, thấy hài lòng",4,positive,rating_4,8,train
sent_005151,"Sản phẩm đẹp , thấy hài lòng",4,positive,rating_4,7,train
sent_005152,Mình thấy hài lòng với bình nhận được,4,positive,rating_4,8,train
sent_005153,"không thấy mùi của bình, khá thấy hài lòng",4,positive,rating_4,9,train
sent_005154,Khá thấy hài lòng với bình,4,positive,rating_4,6,valid
sent_005155,Khá thấy hài lòng,4,positive,rating_4,4,train
sent_005156,thấy hài lòng với sản phẩm lock & lock và NPP tiki,4,positive,rating_4,12,train
sent_005157,thấy hài lòng với giá kmai,4,positive,rating_4,6,train
sent_005158,thấy hài lòng về sản phẩm được nhận,4,positive,rating_4,8,valid
sent_005159,thấy hài lòng sp nầy mình sử dụng roi tot,4,positive,rating_4,10,train
sent_005160,thấy hài lòng,4,positive,rating_4,3,train
sent_005161,"Bình tốt, xài như ý, chỉ 1 điểm trừ laq2 phần đáy bình bi6 móp nhẹ, nên kg có cảm giác thấy hài lòng trọn vẹn",4,positive,rating_4,26,valid
sent_005162,"Bình đẹp, nhìn như hình, bình to tay nữ sẽ khó cầm nếu không phải sơn nhám và có 2 đường vát trên thân, miệng bình hơi nhỏ so với tưởng tượng của mình, phải bỏ đá viên chứ đập đá cục tủ lạnh sẽ khó bỏ lọt, phần đế có bịt cao su nên để xuống êm và không bị trơn trượt, nói chung là thấy hài lòng",4,positive,rating_4,69,train
